{
"type": "FeatureCollection",
"name": "rewild_sites",
"crs": { "type": "name", "properties": { "name": "urn:ogc:def:crs:OGC:1.3:CRS84" } },
"features": [
{ "type": "Feature", "properties": { "cdRbapsId": "AVO_2025_26", "color_id": 22 }, "geometry": { "type": "MultiPolygon", "coordinates": [ [ [ [ -6.246929113214365, 53.009837470626032 ], [ -6.247055438585639, 53.009713850613252 ], [ -6.247105235892919, 53.009667933093567 ], [ -6.247166165273693, 53.009620292067517 ], [ -6.247267454201766, 53.009526055872044 ], [ -6.247440938506278, 53.009388208698063 ], [ -6.247592687883055, 53.009292288216656 ], [ -6.24786249740712, 53.00913105164387 ], [ -6.247872196582207, 53.009125262108057 ], [ -6.247879376428958, 53.009120963505509 ], [ -6.2478845702974, 53.009126253432505 ], [ -6.24800970981148, 53.009253310463215 ], [ -6.248041703455509, 53.009285782208778 ], [ -6.248498504161216, 53.009727477799295 ], [ -6.248616049717727, 53.009838782133166 ], [ -6.248737626662308, 53.009953741163066 ], [ -6.249025757862293, 53.010226478624183 ], [ -6.249392321339216, 53.01058405490074 ], [ -6.249531542619303, 53.010755183706245 ], [ -6.249592026979012, 53.010830860164418 ], [ -6.249922284147121, 53.011186731679224 ], [ -6.249867319016904, 53.011199406394184 ], [ -6.249555893367051, 53.011271135860881 ], [ -6.249294423928514, 53.011329398145264 ], [ -6.249173835266467, 53.011350813914248 ], [ -6.249165653951603, 53.011355547277198 ], [ -6.249123404078456, 53.011351689214472 ], [ -6.249117151926261, 53.011342159123984 ], [ -6.249057332340491, 53.011262176796777 ], [ -6.248735380296832, 53.011332760359686 ], [ -6.248688844947108, 53.011331535596838 ], [ -6.248674363043807, 53.011346154354918 ], [ -6.24866218608886, 53.01135846913062 ], [ -6.248650907895104, 53.011369898284819 ], [ -6.24800775494571, 53.011392243341703 ], [ -6.247775893019383, 53.011402309396921 ], [ -6.247674674052182, 53.011406750112933 ], [ -6.24766249449392, 53.011407020035627 ], [ -6.247637523873937, 53.011407460978639 ], [ -6.247634989587914, 53.011415423474091 ], [ -6.247629648795318, 53.01145013150991 ], [ -6.248002867682692, 53.011440081419913 ], [ -6.248423952643047, 53.011425700822322 ], [ -6.248663934001996, 53.011418539565838 ], [ -6.248775883375959, 53.011413177426142 ], [ -6.248904337684337, 53.011449496569433 ], [ -6.248929421655768, 53.01141588823053 ], [ -6.248981236586147, 53.011414224417813 ], [ -6.249017176145069, 53.01141304587383 ], [ -6.24916218746363, 53.011389562988811 ], [ -6.249249644605085, 53.011378896008473 ], [ -6.249474653498775, 53.011337714647745 ], [ -6.24960657080947, 53.011312780933402 ], [ -6.24980134510029, 53.011271513381423 ], [ -6.249973235270755, 53.011233773776603 ], [ -6.250163838916232, 53.011407994215766 ], [ -6.250436099891251, 53.011669348659929 ], [ -6.250741986829309, 53.011959511224894 ], [ -6.251040486931113, 53.012256126871712 ], [ -6.251082129747907, 53.012299346225376 ], [ -6.251272294225942, 53.012484614301435 ], [ -6.251289341972418, 53.012500774834237 ], [ -6.251478515455687, 53.012680185407326 ], [ -6.25149580182218, 53.012696530088789 ], [ -6.251440694668484, 53.012703539741217 ], [ -6.251405484258123, 53.012707965638484 ], [ -6.251823676705089, 53.013157709005057 ], [ -6.252074097609746, 53.013366873345795 ], [ -6.252119805829729, 53.01342516301569 ], [ -6.251412804854471, 53.013521014432328 ], [ -6.251018533546366, 53.013561867063082 ], [ -6.250477845365852, 53.013630406147975 ], [ -6.249599572972316, 53.013736130792026 ], [ -6.249121115402858, 53.013788592328495 ], [ -6.248743577804607, 53.013850177836304 ], [ -6.248711867381012, 53.013853126433716 ], [ -6.248408821941093, 53.01388129099584 ], [ -6.24839728207187, 53.01386575050671 ], [ -6.248157047382797, 53.013542032232138 ], [ -6.247792128342351, 53.013088926127438 ], [ -6.24762292414294, 53.012884185550071 ], [ -6.247612426521995, 53.012873244521295 ], [ -6.247110487692398, 53.012367959390787 ], [ -6.246857415314776, 53.012133936758673 ], [ -6.246847937349331, 53.012125167955851 ], [ -6.246772125233086, 53.012057712456176 ], [ -6.246547349121014, 53.011886847659738 ], [ -6.246415823379561, 53.011786840525282 ], [ -6.246342826845078, 53.011722752945424 ], [ -6.246290606627857, 53.011676769186025 ], [ -6.246184808004543, 53.011597096833867 ], [ -6.24598582854733, 53.011420678980933 ], [ -6.245910689730552, 53.011382177015442 ], [ -6.245600521565445, 53.011134815085683 ], [ -6.245501488658763, 53.011058117387513 ], [ -6.245511973228538, 53.011051171113621 ], [ -6.24570561479181, 53.010934837866223 ], [ -6.24582120049068, 53.010861038170603 ], [ -6.245875688179916, 53.010820763288628 ], [ -6.245984247141061, 53.010717106616688 ], [ -6.246210026805744, 53.01050839268688 ], [ -6.246434260560343, 53.010301363368022 ], [ -6.24644090723556, 53.010295079496245 ], [ -6.246475677712758, 53.010262063955849 ], [ -6.246662320845151, 53.010084772265884 ], [ -6.246929113214365, 53.009837470626032 ] ] ], [ [ [ -6.252745194804501, 53.01504792227945 ], [ -6.252652063613195, 53.014636037974583 ], [ -6.252603991721482, 53.014420231146566 ], [ -6.252444423500749, 53.013933752823768 ], [ -6.252270322571953, 53.013444993232966 ], [ -6.252235412328316, 53.013405469616757 ], [ -6.252253474929577, 53.013405645243353 ], [ -6.252313824806086, 53.013399700118164 ], [ -6.252333742125139, 53.013396577219112 ], [ -6.252341033703956, 53.013395605766448 ], [ -6.253090276317506, 53.01329461680092 ], [ -6.253808083139921, 53.01319882426381 ], [ -6.254044929224773, 53.013165988583644 ], [ -6.254350914546735, 53.013128683614376 ], [ -6.254472327814123, 53.013178286278212 ], [ -6.254521476326292, 53.01322449092897 ], [ -6.254587179398726, 53.013329545024057 ], [ -6.254716908378273, 53.013502055310823 ], [ -6.2549003077589, 53.013745824551641 ], [ -6.255037928944722, 53.013933012693315 ], [ -6.25516506346752, 53.014105933804856 ], [ -6.25522716969571, 53.014190529757727 ], [ -6.255623679225126, 53.014725064752191 ], [ -6.255764378294613, 53.01490312789285 ], [ -6.255783045744711, 53.014926790913897 ], [ -6.255831741329002, 53.014988520605485 ], [ -6.255982538751351, 53.015187495214739 ], [ -6.256176985439796, 53.015465581857924 ], [ -6.256278438744753, 53.015623203998238 ], [ -6.256323209099131, 53.015692714844185 ], [ -6.256271488105122, 53.015704090926192 ], [ -6.255999538747536, 53.015747473078356 ], [ -6.255879759967327, 53.01577600764864 ], [ -6.255488382883649, 53.01585134479587 ], [ -6.255331102675976, 53.01588615991156 ], [ -6.255164644090144, 53.015922998288872 ], [ -6.254900439130046, 53.015981502509469 ], [ -6.254652085231658, 53.016034126591869 ], [ -6.25439009215123, 53.016089606037411 ], [ -6.254096240348224, 53.016154685219206 ], [ -6.253701693978002, 53.016241384578905 ], [ -6.253567811356695, 53.016275103738906 ], [ -6.253127792734144, 53.016385762904775 ], [ -6.253081203971688, 53.016181843068892 ], [ -6.253020745709284, 53.015940866251945 ], [ -6.252945126368746, 53.015655262142815 ], [ -6.252871963934518, 53.015445956777931 ], [ -6.252868981892529, 53.015437425043636 ], [ -6.252831187427076, 53.015329274582193 ], [ -6.252775211347219, 53.015190384744443 ], [ -6.252745194804501, 53.01504792227945 ] ] ], [ [ [ -6.243796027130753, 53.007411599088144 ], [ -6.243971498098032, 53.007341423704069 ], [ -6.244004513407162, 53.007327439688055 ], [ -6.24445647039887, 53.00713591187202 ], [ -6.244788748242364, 53.006995020910615 ], [ -6.244902923956056, 53.006946639049296 ], [ -6.245410051792424, 53.006743158270048 ], [ -6.245436665934549, 53.006732405174361 ], [ -6.245439183160304, 53.00673702651018 ], [ -6.245440599255134, 53.006738485584975 ], [ -6.245445550454748, 53.006743682156923 ], [ -6.245473712171002, 53.006773580372169 ], [ -6.245484317466795, 53.006784793758889 ], [ -6.245621720900278, 53.006930371167918 ], [ -6.245631854547566, 53.006941127251999 ], [ -6.245636827616683, 53.006945785720994 ], [ -6.245662748700834, 53.006970347550975 ], [ -6.245665439353379, 53.006970656912046 ], [ -6.245675418484525, 53.006970085074585 ], [ -6.24567743361157, 53.006971912529657 ], [ -6.245689389802123, 53.00696804408161 ], [ -6.245892498160705, 53.007157287420334 ], [ -6.246184794566077, 53.007429464369693 ], [ -6.24629093793963, 53.007527659337285 ], [ -6.246374809370771, 53.007605300452546 ], [ -6.246406718732429, 53.00763372654913 ], [ -6.246528911596558, 53.007742315133328 ], [ -6.246549791370716, 53.007760869933271 ], [ -6.24655820911171, 53.00776845461786 ], [ -6.246618041407531, 53.007844843053853 ], [ -6.246660580046719, 53.007899133228889 ], [ -6.247181888710771, 53.008431582444992 ], [ -6.247844217110339, 53.009078647491485 ], [ -6.247791793849728, 53.009104482047171 ], [ -6.247526912244944, 53.009265431553978 ], [ -6.247179940601105, 53.009513888611565 ], [ -6.247013709591851, 53.009663797186747 ], [ -6.247002608161516, 53.009673880504337 ], [ -6.246865124998626, 53.009799853642264 ], [ -6.246749549035423, 53.009915991664563 ], [ -6.246601755114649, 53.010053676504249 ], [ -6.246366969771678, 53.010272416348847 ], [ -6.246227347339415, 53.010408603308598 ], [ -6.246044520444213, 53.010576602485095 ], [ -6.245844029224549, 53.010758813308122 ], [ -6.24575692922534, 53.010836448988648 ], [ -6.245694525802656, 53.010874899186774 ], [ -6.245497183556163, 53.010991537349639 ], [ -6.245457320587065, 53.011010634121845 ], [ -6.245439522511227, 53.011022147433138 ], [ -6.244964738156329, 53.010627274850947 ], [ -6.244686510041328, 53.010420022525743 ], [ -6.244602737373643, 53.01035505564947 ], [ -6.244496597909587, 53.010272846415219 ], [ -6.244324358902856, 53.010139439930022 ], [ -6.244057070580577, 53.009938369083528 ], [ -6.243982003057592, 53.009877035872762 ], [ -6.243749058565163, 53.009686899221791 ], [ -6.243704445127565, 53.009650464673001 ], [ -6.243690167935509, 53.00963883824712 ], [ -6.243599593011481, 53.009567831384452 ], [ -6.24340070532262, 53.009411910679773 ], [ -6.243412064847219, 53.009392482462673 ], [ -6.243163072098603, 53.009192040276147 ], [ -6.242772570421734, 53.008877685226459 ], [ -6.242569075414544, 53.00870110478521 ], [ -6.242051379259298, 53.0082867097058 ], [ -6.241963888757769, 53.008216652305705 ], [ -6.242077130546128, 53.008161158320135 ], [ -6.242368343483497, 53.008011935759413 ], [ -6.24281621121092, 53.007803455080143 ], [ -6.24311843375617, 53.007682618538503 ], [ -6.243253865057679, 53.007628440089491 ], [ -6.243341821942789, 53.007593245087328 ], [ -6.243796027130753, 53.007411599088144 ] ], [ [ -6.24460745948181, 53.007909736362521 ], [ -6.244531039927314, 53.007719411447148 ], [ -6.244489025952954, 53.007614774089198 ], [ -6.24460745948181, 53.007909736362521 ] ], [ [ -6.245923770646335, 53.009214609985527 ], [ -6.245926207869435, 53.009214410441565 ], [ -6.245757629009313, 53.009228193477256 ], [ -6.245923770646335, 53.009214609985527 ] ] ] ] } },
{ "type": "Feature", "properties": { "cdRbapsId": "AVO_2025_29", "color_id": 25 }, "geometry": { "type": "MultiPolygon", "coordinates": [ [ [ [ -6.305380817190943, 53.025042084144616 ], [ -6.305432907003428, 53.025011815231579 ], [ -6.305514462702164, 53.025073650658058 ], [ -6.305517424780066, 53.025079625275289 ], [ -6.305554150040518, 53.025152777451723 ], [ -6.305575592330799, 53.025179778825567 ], [ -6.305662778391935, 53.02528933431023 ], [ -6.305698599262944, 53.025307102607307 ], [ -6.305739324853347, 53.025306424468958 ], [ -6.305876091967987, 53.025245812159575 ], [ -6.30590709467762, 53.025283017690057 ], [ -6.305903349474048, 53.025296986391041 ], [ -6.305906708109883, 53.025314831464115 ], [ -6.305872405230302, 53.025374387732725 ], [ -6.305883132745766, 53.025392427672003 ], [ -6.305929805390492, 53.02546904628278 ], [ -6.305980835638048, 53.025503481013637 ], [ -6.305992165222292, 53.025506159188993 ], [ -6.306032371021176, 53.025515630546138 ], [ -6.306061757538081, 53.025525037655264 ], [ -6.306145790243011, 53.025580166544287 ], [ -6.306207499692031, 53.0256370447633 ], [ -6.306207068093137, 53.025663735349617 ], [ -6.306180051326924, 53.025725641708966 ], [ -6.306131732576284, 53.025738076657213 ], [ -6.306013187732495, 53.025760388195444 ], [ -6.305971734598145, 53.025770224332568 ], [ -6.305935242692069, 53.025778962628223 ], [ -6.305908885643967, 53.025805193094911 ], [ -6.305908694898759, 53.025816337012408 ], [ -6.305982083751036, 53.025892077805111 ], [ -6.305994100077053, 53.025905462073425 ], [ -6.306001992305996, 53.025914293343014 ], [ -6.306014958292028, 53.02592859088584 ], [ -6.306016368530304, 53.025930228904407 ], [ -6.306087292411109, 53.025943373680967 ], [ -6.306089245125343, 53.025943761036523 ], [ -6.306090713181304, 53.02594396171834 ], [ -6.306280047845106, 53.025979018050997 ], [ -6.306650455723124, 53.02603094348985 ], [ -6.306806516792324, 53.026049076215209 ], [ -6.306969608647892, 53.026066678740214 ], [ -6.307242316825961, 53.026101572233209 ], [ -6.307292523354281, 53.026106871039694 ], [ -6.307293625418728, 53.026106976611942 ], [ -6.307441914300268, 53.026122659958993 ], [ -6.307575197509459, 53.026125905207088 ], [ -6.3077021436138, 53.026129063717647 ], [ -6.30772715037301, 53.026129685646268 ], [ -6.307763633957882, 53.026130564371563 ], [ -6.307776310534305, 53.026290472997367 ], [ -6.307786259529282, 53.026425803316926 ], [ -6.307809276112081, 53.026689048771168 ], [ -6.307766478163314, 53.026905964874103 ], [ -6.307736474334024, 53.027025356312159 ], [ -6.307695715030092, 53.027187021265597 ], [ -6.307525518995817, 53.027526617531286 ], [ -6.307502379754792, 53.027633972139689 ], [ -6.307503227855453, 53.027653129698699 ], [ -6.307383342588218, 53.027649895329986 ], [ -6.307228092054848, 53.027636000431634 ], [ -6.307080885674839, 53.027627073633113 ], [ -6.307068193824679, 53.027659161639846 ], [ -6.306896582342858, 53.027717661312053 ], [ -6.306864428459644, 53.027728619799284 ], [ -6.306762960570457, 53.027751174348488 ], [ -6.306658800653539, 53.027757690960627 ], [ -6.306584898159506, 53.027760863189826 ], [ -6.306362195988649, 53.02778636585299 ], [ -6.306238278298376, 53.027823252366552 ], [ -6.306124803742031, 53.027860376491063 ], [ -6.306067107041129, 53.027879869537237 ], [ -6.305926667712032, 53.027927305678368 ], [ -6.305636529958209, 53.02801368804132 ], [ -6.305424015066042, 53.028070973606567 ], [ -6.305369190626797, 53.028092484715238 ], [ -6.305325482916484, 53.028109569190015 ], [ -6.305226915368524, 53.028149063037624 ], [ -6.305062882287108, 53.028214858884979 ], [ -6.304929903748981, 53.028272647980209 ], [ -6.304908512245621, 53.028281960752174 ], [ -6.304764624721178, 53.028329437165894 ], [ -6.304649045510475, 53.028363744357499 ], [ -6.304588459003527, 53.028372228631845 ], [ -6.304448094903544, 53.028389462771564 ], [ -6.304298585871371, 53.028407825634098 ], [ -6.304196722903264, 53.028421563649609 ], [ -6.304172862820536, 53.028424818796083 ], [ -6.304126755599847, 53.028430992536798 ], [ -6.304096043367342, 53.028436486959563 ], [ -6.304077822537227, 53.028440182048321 ], [ -6.303985605615048, 53.028458822248922 ], [ -6.30384207913003, 53.02848140367167 ], [ -6.303668270533882, 53.028501666277663 ], [ -6.30329761666086, 53.028546445285343 ], [ -6.303290090346684, 53.028547056981353 ], [ -6.302999969230758, 53.028570152382478 ], [ -6.302911146515839, 53.028605648678841 ], [ -6.302872177497417, 53.028664866948809 ], [ -6.302847165064847, 53.028722486689027 ], [ -6.302820714572722, 53.028785478998273 ], [ -6.302827894711883, 53.02886252479928 ], [ -6.302820150431247, 53.028893784128236 ], [ -6.302803428588043, 53.028937590009434 ], [ -6.302792064098502, 53.02902030265242 ], [ -6.302787521497134, 53.029114079519573 ], [ -6.302814206153018, 53.029242459239448 ], [ -6.302817533091305, 53.029254820959999 ], [ -6.302646444635735, 53.029318445464071 ], [ -6.302442659846874, 53.029394276774759 ], [ -6.302012779946032, 53.029544092659549 ], [ -6.301963734561709, 53.029562358986539 ], [ -6.301863341558874, 53.029599462732349 ], [ -6.30148931691689, 53.029737693568009 ], [ -6.301388588791065, 53.029747490469298 ], [ -6.301209225220634, 53.029774411542277 ], [ -6.301129608630621, 53.029800868869387 ], [ -6.301000997923008, 53.029831750523435 ], [ -6.300797757965062, 53.029959271585376 ], [ -6.300418007772945, 53.030103595966551 ], [ -6.300242061566474, 53.03016238371481 ], [ -6.300173779054561, 53.030185138252719 ], [ -6.30016331051952, 53.030188673901542 ], [ -6.299906072300007, 53.030275781425985 ], [ -6.29984661441666, 53.030211741357157 ], [ -6.299724506366768, 53.030127300486129 ], [ -6.299662030303135, 53.030086856919986 ], [ -6.29951465318349, 53.029991447196714 ], [ -6.299377742501014, 53.02991758048897 ], [ -6.299282381156369, 53.02984098119417 ], [ -6.299252001927968, 53.029806749967712 ], [ -6.299222567378505, 53.029773520079793 ], [ -6.299084800499807, 53.029530834047776 ], [ -6.299059591511265, 53.029462070092471 ], [ -6.298964281231798, 53.029174867086297 ], [ -6.298894697750167, 53.029052615057303 ], [ -6.298858927007413, 53.02898981214836 ], [ -6.298815019851797, 53.028861905067423 ], [ -6.298810076322681, 53.028809430484294 ], [ -6.298800838900212, 53.028712939801053 ], [ -6.298805888552883, 53.028609642468709 ], [ -6.298828031591223, 53.028375086077268 ], [ -6.298865038054308, 53.028203392161153 ], [ -6.298874694810005, 53.02792991578503 ], [ -6.299002005766279, 53.027738211742069 ], [ -6.299096855377679, 53.027608962788193 ], [ -6.299120758616359, 53.027576496642915 ], [ -6.299665475144751, 53.027401726405436 ], [ -6.299749479743477, 53.027366793732263 ], [ -6.299975238135779, 53.02727303361965 ], [ -6.300156116053419, 53.027197957732227 ], [ -6.300394784835781, 53.027097909655105 ], [ -6.300603070190006, 53.027010640007418 ], [ -6.300605942688516, 53.02700951255197 ], [ -6.301049685005185, 53.02683185574822 ], [ -6.301289843369064, 53.026740725791598 ], [ -6.301292715831937, 53.02673959831921 ], [ -6.301338309520044, 53.02670267677555 ], [ -6.301362565492007, 53.026683068784102 ], [ -6.3013639204688, 53.02668299825396 ], [ -6.301733286175755, 53.026673802315095 ], [ -6.3034169768228, 53.02659257833853 ], [ -6.303445114346227, 53.026591269262305 ], [ -6.303449498017179, 53.026591064844659 ], [ -6.303457743517463, 53.02653128582066 ], [ -6.303486791663487, 53.026320679043216 ], [ -6.303772308999759, 53.026323673403823 ], [ -6.303902606707741, 53.026340362929936 ], [ -6.304086362089376, 53.026323297974031 ], [ -6.304281964335568, 53.026317728075746 ], [ -6.304650243294571, 53.026307176402668 ], [ -6.304652734310494, 53.026307104953155 ], [ -6.304649309124916, 53.026247101942431 ], [ -6.304581807691426, 53.02616551095155 ], [ -6.304503631076528, 53.026067679201063 ], [ -6.304464224339055, 53.026000241109998 ], [ -6.304421818230414, 53.025912087589603 ], [ -6.304353729217084, 53.025845499772771 ], [ -6.304278178640036, 53.025690177116346 ], [ -6.304270782894124, 53.025674970076238 ], [ -6.304192792509062, 53.025556735967399 ], [ -6.304173416358613, 53.025527247026531 ], [ -6.304246580178921, 53.025505189036764 ], [ -6.304456371309499, 53.02544184449085 ], [ -6.304588888414379, 53.025401846599209 ], [ -6.30468380706425, 53.025354930709128 ], [ -6.304694088105734, 53.025349863951298 ], [ -6.304720921666284, 53.025336583981101 ], [ -6.304727186104139, 53.02533361719852 ], [ -6.304793752059954, 53.025313622953171 ], [ -6.304830827113568, 53.025302555412686 ], [ -6.304984019794349, 53.025256616497849 ], [ -6.304984484412132, 53.025256477506836 ], [ -6.305022869610718, 53.025243361227076 ], [ -6.305128711542391, 53.025187522298729 ], [ -6.305137876368488, 53.025182709248689 ], [ -6.305181713905694, 53.025157333914443 ], [ -6.305380817190943, 53.025042084144616 ] ] ], [ [ [ -6.305090526538716, 53.028300106078682 ], [ -6.305110633717486, 53.02823890955883 ], [ -6.305358242595344, 53.028139609080135 ], [ -6.305399826059389, 53.028123392273137 ], [ -6.305452653388333, 53.028102662555469 ], [ -6.305661936989018, 53.028046229748846 ], [ -6.305913133542514, 53.027971427047241 ], [ -6.305954439503097, 53.027959161930944 ], [ -6.306153575192166, 53.027891797511295 ], [ -6.306265677235111, 53.027855192221402 ], [ -6.306381384543638, 53.027820705526096 ], [ -6.306592598249853, 53.027796568172221 ], [ -6.306663912980842, 53.027793538859271 ], [ -6.306771028851566, 53.027786884561039 ], [ -6.306878440826308, 53.027775829122 ], [ -6.307022072530923, 53.027750459120284 ], [ -6.307220742182015, 53.027691805129962 ], [ -6.307222958435686, 53.027691746793046 ], [ -6.307381190815259, 53.027685999340783 ], [ -6.307505046768313, 53.027694593434084 ], [ -6.307509127827675, 53.027791369489876 ], [ -6.307539738671478, 53.027951713118547 ], [ -6.307479336605435, 53.027949234625879 ], [ -6.30736184525795, 53.027944506268824 ], [ -6.307293767487606, 53.027965380190317 ], [ -6.307160445182761, 53.028060290237754 ], [ -6.307060271513938, 53.028100031487071 ], [ -6.306987266529013, 53.028117958772832 ], [ -6.306933374613142, 53.028153325253612 ], [ -6.306771440434866, 53.028153087007063 ], [ -6.306603873549279, 53.02814908304844 ], [ -6.306581961202258, 53.028002166899988 ], [ -6.306501373250864, 53.028003356293915 ], [ -6.306412107148705, 53.02802203948918 ], [ -6.306254173460235, 53.028042082517004 ], [ -6.306157988773196, 53.02806785777608 ], [ -6.306091088806753, 53.028090005279765 ], [ -6.306035454462678, 53.028129032719434 ], [ -6.305996945446513, 53.02820174218057 ], [ -6.305979417167476, 53.028275648456564 ], [ -6.306002128260141, 53.02837071249462 ], [ -6.305963802083523, 53.028438749633288 ], [ -6.305955532817745, 53.02849597931921 ], [ -6.305954855973279, 53.028500733578603 ], [ -6.305964423692319, 53.02852639809295 ], [ -6.305956956867337, 53.028582021280585 ], [ -6.305937783508445, 53.028732397084958 ], [ -6.305939016378014, 53.028854660843983 ], [ -6.305979092370389, 53.028908264742718 ], [ -6.305969710859672, 53.028997028189885 ], [ -6.305975889870219, 53.029018240066584 ], [ -6.305997856076359, 53.029053877750457 ], [ -6.306019021025103, 53.029109998676944 ], [ -6.30602203267384, 53.029152378273508 ], [ -6.306050709106865, 53.029201954707709 ], [ -6.306057697231943, 53.029224435594493 ], [ -6.306075764603861, 53.029240333826891 ], [ -6.3060659868338, 53.029301586847204 ], [ -6.306092863877684, 53.029393922858212 ], [ -6.306136107041647, 53.029457729702912 ], [ -6.306327861194193, 53.02972958075587 ], [ -6.306412543628703, 53.029834245204817 ], [ -6.306503354749453, 53.02987455298485 ], [ -6.306503557008583, 53.029874642154653 ], [ -6.306503049530596, 53.029874694251916 ], [ -6.306369597035669, 53.02988837438653 ], [ -6.306314738579005, 53.029907548444527 ], [ -6.306269214250996, 53.02992388831867 ], [ -6.306202539113874, 53.029952781365076 ], [ -6.306095442429892, 53.029996468936595 ], [ -6.305952702903445, 53.030011423919042 ], [ -6.305879502626459, 53.030034200646234 ], [ -6.305778710473214, 53.030061349039507 ], [ -6.305626411522105, 53.030147626845825 ], [ -6.305552152446361, 53.030188006629359 ], [ -6.305420093007998, 53.030212821621454 ], [ -6.305340100133027, 53.03025204005155 ], [ -6.305310285007994, 53.030297367493162 ], [ -6.305301709177874, 53.030309110091146 ], [ -6.30528650496524, 53.030329927389332 ], [ -6.305216141570749, 53.0303556204573 ], [ -6.305091758644387, 53.030401038249202 ], [ -6.305010091584169, 53.030482929731271 ], [ -6.304829747471262, 53.030324765651642 ], [ -6.304381546840806, 53.029932223950269 ], [ -6.304312188934239, 53.029879010952115 ], [ -6.304174369545745, 53.02975605878499 ], [ -6.303964938537038, 53.029577792848578 ], [ -6.303951869900808, 53.029566101190902 ], [ -6.303914099928742, 53.02953212530813 ], [ -6.303908872112594, 53.029527465715866 ], [ -6.303885590156843, 53.029506550004022 ], [ -6.303776428180308, 53.02940854467149 ], [ -6.303619062469584, 53.029263560872749 ], [ -6.303496968748251, 53.029109731116534 ], [ -6.303485692234865, 53.029099413245781 ], [ -6.303457277241133, 53.029077704239086 ], [ -6.303437581747762, 53.029062592237842 ], [ -6.303415377973222, 53.029045556864382 ], [ -6.302870340629469, 53.029237776479349 ], [ -6.302847229411541, 53.02911232498878 ], [ -6.3028516237325, 53.029022321172363 ], [ -6.302862604675593, 53.028943108564292 ], [ -6.302878912552374, 53.028900465271889 ], [ -6.302887714105538, 53.028864187469878 ], [ -6.302880709178495, 53.028788941872975 ], [ -6.302904855317531, 53.028731399648407 ], [ -6.302928914700974, 53.028676103304925 ], [ -6.302959643840692, 53.028629441209723 ], [ -6.303021479784702, 53.028604796297266 ], [ -6.303307413870402, 53.02858190985944 ], [ -6.303679796137149, 53.028536975704469 ], [ -6.303855336457462, 53.028516469024538 ], [ -6.303946400864558, 53.028502127863298 ], [ -6.304002450550437, 53.028493308657531 ], [ -6.30404545272874, 53.028484843558338 ], [ -6.304126246590895, 53.028469007512399 ], [ -6.304142606574739, 53.028465735304131 ], [ -6.304155462514226, 53.028464031053296 ], [ -6.304197989358506, 53.028458255669342 ], [ -6.304224939628561, 53.028454595158898 ], [ -6.304310978793059, 53.028442967594664 ], [ -6.30449397242089, 53.028420498899955 ], [ -6.304531657747393, 53.02841591275746 ], [ -6.304601221656664, 53.028407376731018 ], [ -6.304669226967746, 53.028397828811066 ], [ -6.304691370617356, 53.02839131323762 ], [ -6.304792146515235, 53.028361380012811 ], [ -6.304935533855782, 53.028314076205859 ], [ -6.304940394370747, 53.028312437673513 ], [ -6.305009195618973, 53.028282586907942 ], [ -6.305070752196825, 53.028374789181427 ], [ -6.305107340282099, 53.028429512179024 ], [ -6.30512998425568, 53.02846354266255 ], [ -6.305177599161072, 53.028534961623045 ], [ -6.305191424744772, 53.02855556254454 ], [ -6.305251933184961, 53.028523976420487 ], [ -6.305237941671818, 53.028504450861746 ], [ -6.305204239610899, 53.028457678911948 ], [ -6.30516621736844, 53.028405002859316 ], [ -6.305090526538716, 53.028300106078682 ] ] ] ] } },
{ "type": "Feature", "properties": { "cdRbapsId": "AVO_2025_32", "color_id": 21 }, "geometry": { "type": "MultiPolygon", "coordinates": [ [ [ [ -6.250073920611412, 53.055419158994511 ], [ -6.250177784543089, 53.055336823078072 ], [ -6.250430107187958, 53.055131278112555 ], [ -6.250360430466873, 53.054977265788949 ], [ -6.250653486105192, 53.0549263855793 ], [ -6.250897599138533, 53.054877841074642 ], [ -6.2509676304618, 53.054859096081643 ], [ -6.25102026447175, 53.054829397997118 ], [ -6.25120796987053, 53.054754855568717 ], [ -6.251404055463903, 53.054628300780585 ], [ -6.251502965672104, 53.054543553885345 ], [ -6.251552013526743, 53.054505173866644 ], [ -6.251578062719101, 53.054530365104476 ], [ -6.251626148177099, 53.054664644122937 ], [ -6.251761548844629, 53.054854766820249 ], [ -6.251762403630948, 53.054961295227507 ], [ -6.251817864008018, 53.055016761481333 ], [ -6.251886216921015, 53.055085091903436 ], [ -6.25193547904911, 53.055153859912124 ], [ -6.251962965979234, 53.055192195436739 ], [ -6.251992317680211, 53.055233076044324 ], [ -6.252019849472227, 53.055261166192814 ], [ -6.252032139019673, 53.055313211484837 ], [ -6.252023416595605, 53.055385801383231 ], [ -6.252012086211225, 53.055480285858117 ], [ -6.252161379481556, 53.0556646797762 ], [ -6.252416053111538, 53.055786982109723 ], [ -6.252633389375472, 53.055883297883668 ], [ -6.252668686107405, 53.05589891710688 ], [ -6.252673111824898, 53.055908150414083 ], [ -6.252722135267103, 53.056010262892208 ], [ -6.25273189293926, 53.056030631302569 ], [ -6.252771842158307, 53.056092430862492 ], [ -6.252763772823753, 53.056130694230632 ], [ -6.252877686652596, 53.056231691523053 ], [ -6.252919993457652, 53.056302155538155 ], [ -6.252965671574161, 53.056353163056436 ], [ -6.253075017652929, 53.056439351884507 ], [ -6.253118423521916, 53.056473517432089 ], [ -6.253189620264056, 53.056556808874923 ], [ -6.252868398691927, 53.056716673805269 ], [ -6.252829214938624, 53.056742345660382 ], [ -6.252821871231002, 53.056765697839971 ], [ -6.252901307235855, 53.056833919868318 ], [ -6.252707119288559, 53.056864775424664 ], [ -6.252626009221853, 53.056892707670649 ], [ -6.252503832711896, 53.056947181907091 ], [ -6.252246706275627, 53.057034279087851 ], [ -6.252215116398205, 53.0570607814022 ], [ -6.252270061511267, 53.057129093423896 ], [ -6.252589828098967, 53.057473562818288 ], [ -6.252926948945544, 53.057839320227885 ], [ -6.252979097464259, 53.057879456754236 ], [ -6.252996603265618, 53.057915128630306 ], [ -6.253135615657854, 53.058025483643625 ], [ -6.253166509779426, 53.058048042801815 ], [ -6.253170036970009, 53.058050618575734 ], [ -6.253251825845015, 53.058048583758755 ], [ -6.253331236437739, 53.058029255104856 ], [ -6.253628864331189, 53.057996592324201 ], [ -6.253687207595224, 53.057987021280042 ], [ -6.253855317848567, 53.058132499198742 ], [ -6.254074394610044, 53.058292657144676 ], [ -6.254222085851798, 53.05837410442382 ], [ -6.254457644713927, 53.058458369883155 ], [ -6.254712308850578, 53.058535813355981 ], [ -6.254921771736551, 53.058580773816601 ], [ -6.255496774895121, 53.058706150296054 ], [ -6.255564491116191, 53.058531594932141 ], [ -6.255577314705866, 53.058448727292145 ], [ -6.25568775235709, 53.058465538279641 ], [ -6.255782967284494, 53.05848446206867 ], [ -6.256011781543586, 53.058513435137954 ], [ -6.2563275220718, 53.058559411007515 ], [ -6.256633463669846, 53.058589063993224 ], [ -6.256783873413085, 53.058600256802968 ], [ -6.256940776500449, 53.058645701827423 ], [ -6.257122914472711, 53.058706167659807 ], [ -6.257211839838157, 53.058737671948947 ], [ -6.257337097342204, 53.058783641536351 ], [ -6.257236909899843, 53.058836015853927 ], [ -6.257012629445439, 53.059011693780832 ], [ -6.256838655632891, 53.059133008905746 ], [ -6.256571661443123, 53.059345543080546 ], [ -6.256057977967179, 53.059666728659842 ], [ -6.255794943686522, 53.059802375687177 ], [ -6.255584978828617, 53.059876240323995 ], [ -6.254978302809626, 53.059587255501683 ], [ -6.254769652932688, 53.059491610973595 ], [ -6.254362241792307, 53.059338847780893 ], [ -6.254048611747574, 53.059185841750825 ], [ -6.253769811758469, 53.059035773982188 ], [ -6.253601845872175, 53.058932275386141 ], [ -6.253408799188612, 53.058831284613987 ], [ -6.253327220318735, 53.058776424403348 ], [ -6.253160854671665, 53.058654701968713 ], [ -6.25301762780242, 53.058526847384101 ], [ -6.252835214808064, 53.058372978651619 ], [ -6.252614528600159, 53.058204398577708 ], [ -6.252555789220631, 53.058159527894233 ], [ -6.252535497443725, 53.058107544902683 ], [ -6.252427373706113, 53.058030631756047 ], [ -6.252371106223691, 53.058004097024984 ], [ -6.252225806549669, 53.057970052962858 ], [ -6.251920078975862, 53.057926189866009 ], [ -6.251849346965552, 53.05790438600588 ], [ -6.251708784715408, 53.057850635279223 ], [ -6.251389798227245, 53.05776352090831 ], [ -6.251309570804428, 53.057733127926575 ], [ -6.251131189302088, 53.057656169447121 ], [ -6.250593275434303, 53.057432980877586 ], [ -6.250287753125384, 53.05730219662167 ], [ -6.250075271092501, 53.057228778862068 ], [ -6.250049626381256, 53.057217885017444 ], [ -6.249849027189431, 53.057124508260429 ], [ -6.249897075204372, 53.057044136882489 ], [ -6.250005536311121, 53.056997193656713 ], [ -6.249876896567256, 53.056773910040647 ], [ -6.249795187644582, 53.056628350283347 ], [ -6.249654416927127, 53.056370460946667 ], [ -6.24953695500552, 53.056111296500966 ], [ -6.249506567177806, 53.056044423186442 ], [ -6.249467637966591, 53.055984884642157 ], [ -6.249428256209447, 53.055900080758953 ], [ -6.24941677185437, 53.055867732810754 ], [ -6.249555009572117, 53.055790396669472 ], [ -6.249773312233047, 53.05564412705229 ], [ -6.249903680272094, 53.055548428902064 ], [ -6.249981037323591, 53.055491680004998 ], [ -6.24999980924155, 53.055477843293119 ], [ -6.250073920611412, 53.055419158994511 ] ] ], [ [ [ -6.237103396205836, 53.063859244505096 ], [ -6.23702885162739, 53.063858138878054 ], [ -6.237030685618964, 53.063813233272917 ], [ -6.236956138140373, 53.063812127556787 ], [ -6.23695797365906, 53.06376722287348 ], [ -6.236883427717372, 53.063766118032852 ], [ -6.236885263382006, 53.063721211554338 ], [ -6.2368107160681, 53.063720105748423 ], [ -6.236812550240649, 53.063675201045832 ], [ -6.23673800595491, 53.063674096137518 ], [ -6.236739840273398, 53.063629189639727 ], [ -6.236665293087499, 53.063628084642311 ], [ -6.236667128933099, 53.063583179066335 ], [ -6.2365925833208, 53.063582074046138 ], [ -6.236594419275634, 53.063537167573273 ], [ -6.236519872254445, 53.063536062486065 ], [ -6.2365217067539, 53.063491156890805 ], [ -6.236447162797528, 53.06349005180293 ], [ -6.236448997406235, 53.063445145310759 ], [ -6.236374450549744, 53.063444040133788 ], [ -6.236376286648835, 53.063399135461744 ], [ -6.236301741402623, 53.063398029363675 ], [ -6.236303577610964, 53.063353123794741 ], [ -6.236229030955871, 53.063352017629683 ], [ -6.236230865708831, 53.063307112938332 ], [ -6.236156322081838, 53.06330600767091 ], [ -6.236158156980756, 53.063261101184374 ], [ -6.236083610490364, 53.06325999492951 ], [ -6.236085446879646, 53.063215090263114 ], [ -6.23601090192612, 53.063213984883795 ], [ -6.236012738461366, 53.063169078422163 ], [ -6.235938192098963, 53.063167972975826 ], [ -6.235940027178827, 53.063123067391814 ], [ -6.235865483881216, 53.06312196194483 ], [ -6.235867319070338, 53.063077055463914 ], [ -6.235792772872632, 53.063075949927814 ], [ -6.235794609588812, 53.063031044368728 ], [ -6.235720064964672, 53.063029938809841 ], [ -6.235721901790113, 53.062985032353858 ], [ -6.235647355757103, 53.062983926727981 ], [ -6.235649191090446, 53.0629390220479 ], [ -6.235574648158929, 53.062937915523051 ], [ -6.235576483601534, 53.062893009946066 ], [ -6.23550193926115, 53.062891903354227 ], [ -6.235503774739585, 53.062846998676967 ], [ -6.235429230444828, 53.062845892938526 ], [ -6.235431067560471, 53.062800986488163 ], [ -6.235356521893574, 53.062799879784414 ], [ -6.235358357517098, 53.062754975109968 ], [ -6.235283814878244, 53.062753869303876 ], [ -6.235285650647757, 53.062708962834229 ], [ -6.235211106600041, 53.062707856961126 ], [ -6.235212942405378, 53.062662951391182 ], [ -6.235138398440007, 53.062661845473187 ], [ -6.235140235845819, 53.06261693902848 ], [ -6.235065690471592, 53.062615833043466 ], [ -6.235067527913221, 53.06257092749847 ], [ -6.234992984112543, 53.062569821490698 ], [ -6.234994820172242, 53.062524915026685 ], [ -6.23492027645391, 53.062523808974028 ], [ -6.234922112512694, 53.062478904308037 ], [ -6.234847570404638, 53.062477797334317 ], [ -6.234849406572694, 53.062432891771415 ], [ -6.23477486156459, 53.062431784708536 ], [ -6.234776699259655, 53.062386880067493 ], [ -6.234702155788359, 53.06238577388018 ], [ -6.234703992138237, 53.062340867421796 ], [ -6.234629448786024, 53.062339760291273 ], [ -6.234631285134975, 53.062294855630903 ], [ -6.234556743319563, 53.062293749375939 ], [ -6.234558579814527, 53.062248842920368 ], [ -6.23448403509908, 53.062247736576268 ], [ -6.23448587312104, 53.062202831042541 ], [ -6.234411329979128, 53.06220172467566 ], [ -6.234413168110365, 53.06215681824505 ], [ -6.234338623559614, 53.062155711811165 ], [ -6.234340460235464, 53.062110806258119 ], [ -6.234265918749443, 53.062109699823608 ], [ -6.234267755534576, 53.062064793373679 ], [ -6.234193211148506, 53.062063686850017 ], [ -6.23419504942389, 53.062018782220235 ], [ -6.234120506648106, 53.062017674775518 ], [ -6.234122345032755, 53.06197276924884 ], [ -6.234047800848141, 53.061971661737097 ], [ -6.234049637777401, 53.061926757088003 ], [ -6.233751467252225, 53.061922329364862 ], [ -6.233753304559851, 53.061877422925924 ], [ -6.233678763500249, 53.061876316126963 ], [ -6.233680600843658, 53.061831410587757 ], [ -6.233606056884049, 53.061830303699615 ], [ -6.233607895827928, 53.061785397285668 ], [ -6.233533353441841, 53.061784290374781 ], [ -6.233535192421496, 53.061739384860537 ], [ -6.233460648626583, 53.061738277882625 ], [ -6.233462486224362, 53.061693371449358 ], [ -6.233387945494138, 53.061692264470842 ], [ -6.233389783090932, 53.061647359835582 ], [ -6.233315239497475, 53.06164625186959 ], [ -6.233317078731496, 53.061601345461284 ], [ -6.233242536674794, 53.061600238370858 ], [ -6.233244375907821, 53.061555333760559 ], [ -6.233169832479063, 53.061554225704803 ], [ -6.233171670330224, 53.061509320175482 ], [ -6.233097129966142, 53.061508212119129 ], [ -6.233098967853069, 53.061463307489511 ], [ -6.233024424552241, 53.061462200242275 ], [ -6.233026264076398, 53.061417293839618 ], [ -6.232951722349079, 53.061416186569652 ], [ -6.232953561908999, 53.061371281066698 ], [ -6.232879018772866, 53.061370173729699 ], [ -6.232923146303579, 53.060292439457527 ], [ -6.232750532379628, 53.060289874238208 ], [ -6.233058705441521, 53.060170369858511 ], [ -6.233265681872589, 53.060050209354756 ], [ -6.23328126892143, 53.060060238370092 ], [ -6.233514705614085, 53.060210670563684 ], [ -6.233739768374122, 53.060385336900723 ], [ -6.23406234996294, 53.060627876778554 ], [ -6.234079633909256, 53.060638560973864 ], [ -6.23419020886378, 53.060706089357865 ], [ -6.234206837402549, 53.060732762511861 ], [ -6.23433093841532, 53.060845704810326 ], [ -6.234512318515828, 53.060981340156701 ], [ -6.234734072236993, 53.061149843219859 ], [ -6.234915839567601, 53.061261033944561 ], [ -6.234962762026841, 53.061314314041319 ], [ -6.235097257399225, 53.06140484759981 ], [ -6.235178147175001, 53.061446047607042 ], [ -6.235404316103964, 53.061566884834988 ], [ -6.235444299094627, 53.061588242362461 ], [ -6.235545095020502, 53.061666320749957 ], [ -6.235680025727926, 53.061728186646874 ], [ -6.235834912666954, 53.061810663344225 ], [ -6.236070465835452, 53.061966963401112 ], [ -6.23619784153772, 53.062054155129722 ], [ -6.236214721593488, 53.062065730971632 ], [ -6.236447156115583, 53.062226119643967 ], [ -6.236538003114751, 53.062285713050322 ], [ -6.236622089571372, 53.062333071644268 ], [ -6.236699620091811, 53.062372243315508 ], [ -6.236834638829946, 53.062426019492648 ], [ -6.237013619438066, 53.062494199512855 ], [ -6.237361412364426, 53.062620430790254 ], [ -6.237563759157402, 53.062707113933641 ], [ -6.237904141678953, 53.062882312105813 ], [ -6.238015417183186, 53.062942027186331 ], [ -6.238173974501536, 53.063010172576647 ], [ -6.238460492259134, 53.063148347551774 ], [ -6.238439556198777, 53.063157745143322 ], [ -6.238378628587864, 53.063185156777024 ], [ -6.238286352208668, 53.063235834751012 ], [ -6.238043731942619, 53.063388015399219 ], [ -6.237917148153174, 53.063471173757826 ], [ -6.237780380345614, 53.063568651761429 ], [ -6.237599094001709, 53.063692437465001 ], [ -6.237489657622038, 53.063765511704595 ], [ -6.237469486393314, 53.063753168207413 ], [ -6.23741143241835, 53.063779453419656 ], [ -6.237428110504925, 53.063801992997583 ], [ -6.237419281448632, 53.063807255300503 ], [ -6.237397337671343, 53.063820233193645 ], [ -6.237174501892922, 53.063944595396386 ], [ -6.23717610851223, 53.063905253919259 ], [ -6.237101562323502, 53.063904149213315 ], [ -6.237103396205836, 53.063859244505096 ] ] ], [ [ [ -6.240308359267299, 53.065748954257543 ], [ -6.240308819938275, 53.065737654403186 ], [ -6.240343681136686, 53.065749476738361 ], [ -6.240308359267299, 53.065748954257543 ] ] ], [ [ [ -6.241473703072431, 53.066440183859882 ], [ -6.241399153826377, 53.066439081832058 ], [ -6.241400983480935, 53.066394175242834 ], [ -6.241326431334523, 53.066393073126022 ], [ -6.241328262479811, 53.066348168356875 ], [ -6.2412537119437, 53.066347065318894 ], [ -6.24125554174342, 53.066302158732476 ], [ -6.241180991253056, 53.0663010565479 ], [ -6.241182821052148, 53.066256151759511 ], [ -6.24110827217207, 53.066255048653773 ], [ -6.241110102080342, 53.066210142968472 ], [ -6.241035550299951, 53.066209039773739 ], [ -6.241037381735526, 53.066164135010197 ], [ -6.240962831492205, 53.066163032690923 ], [ -6.240964661582243, 53.066118126110119 ], [ -6.240890111421271, 53.066117023745946 ], [ -6.240891941547278, 53.066072118064852 ], [ -6.24081739295998, 53.066071015677828 ], [ -6.240819223195173, 53.06602610909983 ], [ -6.240744671707572, 53.066025006623796 ], [ -6.240746503470056, 53.065980100967572 ], [ -6.240671953556127, 53.065978998468687 ], [ -6.240673785427798, 53.065934091915558 ], [ -6.240599234104896, 53.065932989349719 ], [ -6.240601064484589, 53.065888084572549 ], [ -6.240526516263294, 53.065886981107631 ], [ -6.240528346788795, 53.065842074535212 ], [ -6.240453795630594, 53.065840971879588 ], [ -6.24045562764675, 53.065796067127295 ], [ -6.240381078098834, 53.065794963550481 ], [ -6.240382398632975, 53.065762607306759 ], [ -6.240455981777575, 53.065787562926523 ], [ -6.240479120826033, 53.065787545630371 ], [ -6.240680948253864, 53.065869360906817 ], [ -6.24095020595094, 53.065999902899151 ], [ -6.241089826403692, 53.066104258566739 ], [ -6.241153925011574, 53.066162194432593 ], [ -6.241327707919487, 53.066282964586904 ], [ -6.241434368052791, 53.066323372675228 ], [ -6.241586723994082, 53.066390073414219 ], [ -6.24163879918045, 53.066416910761944 ], [ -6.241695967292564, 53.066445620167833 ], [ -6.241757639126737, 53.066490666238167 ], [ -6.241810117016213, 53.066531801214616 ], [ -6.241814130285521, 53.066535082914214 ], [ -6.241578691483578, 53.066531602148132 ], [ -6.241544594837414, 53.066531098149191 ], [ -6.24154642434681, 53.066486191557161 ], [ -6.241471873527053, 53.066485089552195 ], [ -6.241473703072431, 53.066440183859882 ] ] ] ] } },
{ "type": "Feature", "properties": { "cdRbapsId": "AVO_2025_33", "color_id": 3 }, "geometry": { "type": "MultiPolygon", "coordinates": [ [ [ [ -6.327468482390134, 53.041692038798935 ], [ -6.327496770039716, 53.041615854120472 ], [ -6.327519676161278, 53.041510290522218 ], [ -6.327543065345309, 53.041503428662523 ], [ -6.327570961824455, 53.041456450919483 ], [ -6.327652464423899, 53.041441776386804 ], [ -6.327742231291097, 53.041397916556889 ], [ -6.327871862099517, 53.041401446929214 ], [ -6.327957216631593, 53.041392129527296 ], [ -6.328006221995458, 53.041444862461717 ], [ -6.328253780884233, 53.041436477636069 ], [ -6.328356704245603, 53.041440441038453 ], [ -6.328465928728288, 53.041446829904579 ], [ -6.328820959770033, 53.041633209456748 ], [ -6.328882180316609, 53.041662742799154 ], [ -6.328918313246172, 53.041688958335648 ], [ -6.328984626790697, 53.041736271318186 ], [ -6.329216955846213, 53.041924520141627 ], [ -6.329237823737918, 53.041947913589389 ], [ -6.329429367810187, 53.042208037699737 ], [ -6.329638965163547, 53.042468954327305 ], [ -6.329708780338025, 53.042568899357192 ], [ -6.329793782370758, 53.042740606513732 ], [ -6.329841019310744, 53.042813717589368 ], [ -6.329935857341853, 53.042925069635629 ], [ -6.330089257064478, 53.043083894749266 ], [ -6.330201491947115, 53.043206636493586 ], [ -6.330304837252372, 53.04328889522872 ], [ -6.330326199885893, 53.043404518624037 ], [ -6.330425780659194, 53.043472791417535 ], [ -6.330487397896728, 53.043495319385876 ], [ -6.330551855629714, 53.043584401653561 ], [ -6.330704682881463, 53.04370088144077 ], [ -6.330816422435255, 53.04387790669719 ], [ -6.330910246833331, 53.044079309656077 ], [ -6.330935953587177, 53.044187623356869 ], [ -6.330964129707206, 53.044298848001944 ], [ -6.33097010250684, 53.044376683612676 ], [ -6.330965204882435, 53.044458860002088 ], [ -6.330943866190075, 53.044527233133863 ], [ -6.330908757727925, 53.044627233001755 ], [ -6.330887581723504, 53.044662710719763 ], [ -6.330864563969035, 53.044701308541484 ], [ -6.33083276208372, 53.044744366289727 ], [ -6.330798070004668, 53.044817676304703 ], [ -6.330779116181439, 53.044843386892602 ], [ -6.330754065101926, 53.044877282168834 ], [ -6.33073980366009, 53.044947102853222 ], [ -6.330749179643335, 53.045115141167173 ], [ -6.330748850807052, 53.045209606836224 ], [ -6.330761522781828, 53.045298682129797 ], [ -6.330780628489086, 53.045405914472489 ], [ -6.330785768041035, 53.045460727086713 ], [ -6.330785907715168, 53.0455335362917 ], [ -6.330781141248923, 53.04560277115224 ], [ -6.330793354764095, 53.04566550298113 ], [ -6.330747049889129, 53.045673213277816 ], [ -6.330452666451864, 53.045743506602513 ], [ -6.330331766619749, 53.045770705524696 ], [ -6.330329690287926, 53.045771172539304 ], [ -6.330210586199589, 53.045765455719433 ], [ -6.330131971846442, 53.045749790769698 ], [ -6.330090348571879, 53.045782734166202 ], [ -6.330051223743387, 53.045808341208748 ], [ -6.33000390029291, 53.045839227087427 ], [ -6.329897006725142, 53.045848602204117 ], [ -6.329872958920754, 53.045854239150444 ], [ -6.329871682545153, 53.045854538519883 ], [ -6.329887234875524, 53.046025000617362 ], [ -6.329883651206615, 53.046162206443242 ], [ -6.329864935915612, 53.046283559013339 ], [ -6.329823526833811, 53.046349133355008 ], [ -6.329637404405547, 53.046329055141882 ], [ -6.329595544823506, 53.046324539328886 ], [ -6.32951162746626, 53.046325068573246 ], [ -6.329481100189751, 53.046338302251094 ], [ -6.329447070272624, 53.046353014760541 ], [ -6.32943556215727, 53.046357976536349 ], [ -6.32942833040656, 53.046363628463602 ], [ -6.329416531786143, 53.046372900607714 ], [ -6.329377717285874, 53.046403185778587 ], [ -6.329372715294651, 53.046411654538161 ], [ -6.329371551465814, 53.046409930387973 ], [ -6.329370849795003, 53.046409021688625 ], [ -6.329363539589837, 53.046403975369621 ], [ -6.329288034585083, 53.046352398889432 ], [ -6.329164597036108, 53.046267880539318 ], [ -6.329115554529786, 53.046200047064502 ], [ -6.329052170113356, 53.046175426246577 ], [ -6.328855623913147, 53.046079183334065 ], [ -6.328754199204829, 53.046010793480939 ], [ -6.328555819976899, 53.045920637343869 ], [ -6.328394316139585, 53.04588528930514 ], [ -6.328284774549618, 53.045861368530076 ], [ -6.328115838964881, 53.045820972014056 ], [ -6.328037216320238, 53.045802339373409 ], [ -6.327803170391178, 53.045731094720324 ], [ -6.327683051467962, 53.045684913111877 ], [ -6.327618246465441, 53.045643013736608 ], [ -6.327587787033954, 53.045552789122951 ], [ -6.327586720685548, 53.045548549561488 ], [ -6.327537318200372, 53.045347139401755 ], [ -6.327502251435373, 53.045223412968845 ], [ -6.327450183728685, 53.045106728091859 ], [ -6.327382267119566, 53.04495458471569 ], [ -6.327278562008972, 53.044824499874352 ], [ -6.327156887887593, 53.044662881526939 ], [ -6.32709142643488, 53.0445807933705 ], [ -6.3270172887185, 53.044487708018217 ], [ -6.326916639134084, 53.044361350180239 ], [ -6.326903383022369, 53.044344714856138 ], [ -6.326747872356263, 53.044196102748934 ], [ -6.326685083203215, 53.044134007194721 ], [ -6.326650406341186, 53.043882828001756 ], [ -6.326620074936578, 53.043786223100703 ], [ -6.326584925777236, 53.043674270048164 ], [ -6.326456676922553, 53.043361819477489 ], [ -6.326396553594241, 53.043119809867342 ], [ -6.326360555135602, 53.04294087905236 ], [ -6.326328969651031, 53.042702057375521 ], [ -6.326336614141504, 53.042539651122297 ], [ -6.326373475256005, 53.042343858530749 ], [ -6.326402863230856, 53.042293306665449 ], [ -6.326429196194752, 53.042273992502622 ], [ -6.326539173387538, 53.042200665288583 ], [ -6.32668858828655, 53.042125375165021 ], [ -6.326825181984553, 53.04206985974244 ], [ -6.326876632088343, 53.042021325931948 ], [ -6.326996988058106, 53.041911830075449 ], [ -6.327057777138258, 53.041863517437839 ], [ -6.327111203633526, 53.041821124370308 ], [ -6.327149076625487, 53.041770601784954 ], [ -6.327171938663605, 53.041713845800054 ], [ -6.327217080896236, 53.04166935781015 ], [ -6.327334116116636, 53.041744080782664 ], [ -6.32736121842925, 53.041733573330731 ], [ -6.327418908462534, 53.04171120702344 ], [ -6.327468482390134, 53.041692038798935 ] ] ], [ [ [ -6.327483862890299, 53.045812716186369 ], [ -6.327447807554312, 53.045727266608253 ], [ -6.327521044407362, 53.045732521015751 ], [ -6.327762857603333, 53.045838211275623 ], [ -6.327941877999178, 53.04587866018197 ], [ -6.327991058867705, 53.045847531572363 ], [ -6.328078088617453, 53.045868260775748 ], [ -6.328362455257958, 53.045955221911008 ], [ -6.328439046564758, 53.045978680442282 ], [ -6.3286808342028, 53.046088323363414 ], [ -6.328814003336122, 53.04616291190915 ], [ -6.328961795563273, 53.046260177743228 ], [ -6.328978708588479, 53.046271381253227 ], [ -6.329068196758729, 53.04633034512603 ], [ -6.329106068419712, 53.046372134987337 ], [ -6.329112559267306, 53.046379237152991 ], [ -6.329133558390223, 53.046402452664928 ], [ -6.32916222608489, 53.046434136044567 ], [ -6.32921006004857, 53.046491885468086 ], [ -6.329308909218708, 53.046611024313471 ], [ -6.329538773594193, 53.046943235042583 ], [ -6.329687841043405, 53.047077640989485 ], [ -6.329816103087968, 53.047136070160121 ], [ -6.329875554207737, 53.047205217972213 ], [ -6.329865599923847, 53.047297211471019 ], [ -6.329829317087142, 53.047363846518408 ], [ -6.329734613300566, 53.047407819286583 ], [ -6.329589742675327, 53.047435266909744 ], [ -6.329177822604875, 53.047468402097138 ], [ -6.328905257383881, 53.047502235436731 ], [ -6.32885783733384, 53.047532309652077 ], [ -6.328850262770415, 53.047581820302575 ], [ -6.328864069739182, 53.04766695681954 ], [ -6.328881017182701, 53.047763102450688 ], [ -6.328874071483829, 53.047888576026011 ], [ -6.328920130563594, 53.047944502921645 ], [ -6.328951773292452, 53.047962924351417 ], [ -6.328999178867079, 53.047993612625042 ], [ -6.329013220771935, 53.048002708446965 ], [ -6.329107661684073, 53.048083224193824 ], [ -6.329243320443593, 53.048214476111838 ], [ -6.3293618012208, 53.048370025022642 ], [ -6.329394970235709, 53.048393501291685 ], [ -6.329454858825832, 53.048432274527158 ], [ -6.329568438143322, 53.048574630364527 ], [ -6.329631280971832, 53.048635646430512 ], [ -6.329648226247998, 53.048665097708842 ], [ -6.329670476749193, 53.048703701804754 ], [ -6.329709096201009, 53.048923475643036 ], [ -6.329729932310276, 53.049046372275278 ], [ -6.329695926001843, 53.049047692426811 ], [ -6.329614256822151, 53.049066320098966 ], [ -6.329529881582975, 53.049103966090975 ], [ -6.329461366396565, 53.049151452398547 ], [ -6.329445126704865, 53.049156167056694 ], [ -6.329371285563432, 53.049177601935597 ], [ -6.329222468477965, 53.048966617725334 ], [ -6.329000511520304, 53.048703280059279 ], [ -6.328842503440034, 53.048535939899295 ], [ -6.328758667780721, 53.048445235361321 ], [ -6.328677201891294, 53.048318700197704 ], [ -6.328638795718787, 53.048233487661605 ], [ -6.328594751329999, 53.048160421055421 ], [ -6.328557527995765, 53.048047810377547 ], [ -6.328567309834678, 53.047998510532878 ], [ -6.328576745322235, 53.047929521142748 ], [ -6.328555716441217, 53.047773543206532 ], [ -6.328517317273537, 53.04752285088324 ], [ -6.328501304495297, 53.047427975808496 ], [ -6.328489154080829, 53.047322368882213 ], [ -6.328465337570029, 53.047238440809842 ], [ -6.328396079166883, 53.047044482110095 ], [ -6.328301008652548, 53.046900857174258 ], [ -6.328217258564602, 53.046766738347699 ], [ -6.328084822885148, 53.046558769213824 ], [ -6.328058417574976, 53.046506803498737 ], [ -6.328005655435357, 53.04641114209489 ], [ -6.327899488200409, 53.046261876969517 ], [ -6.327828383100677, 53.046182497238171 ], [ -6.327773801037627, 53.046146584164781 ], [ -6.327715512111752, 53.046098394668483 ], [ -6.327611805382519, 53.046012713938815 ], [ -6.327593096937559, 53.045985833413567 ], [ -6.327536059182049, 53.045903875664884 ], [ -6.327483862890299, 53.045812716186369 ] ] ], [ [ [ -6.335266106224468, 53.057935569075454 ], [ -6.335220153910043, 53.057860411125333 ], [ -6.33515524391854, 53.057826963733099 ], [ -6.335029064500443, 53.057783670342523 ], [ -6.33491556173855, 53.05768293761647 ], [ -6.334831290129837, 53.057551693816116 ], [ -6.334769770588754, 53.057465440882531 ], [ -6.334717868671215, 53.057362694883224 ], [ -6.334544667849543, 53.057265710133294 ], [ -6.334513475892789, 53.057244958698384 ], [ -6.334451014774612, 53.057208669801739 ], [ -6.334426804844768, 53.057169589847589 ], [ -6.334422865509215, 53.057102659968876 ], [ -6.334471218661021, 53.056975160364516 ], [ -6.334487237341982, 53.056904374353998 ], [ -6.334555133558448, 53.057042221255607 ], [ -6.334687258190976, 53.057100339403995 ], [ -6.334815740691172, 53.057150856148859 ], [ -6.335189157200042, 53.057205879544945 ], [ -6.335218366128545, 53.057211052190091 ], [ -6.335530223865494, 53.057177664009195 ], [ -6.335681422224253, 53.057159196078238 ], [ -6.336047860944556, 53.057155872417042 ], [ -6.336186398865796, 53.057258392376802 ], [ -6.336215731216865, 53.057289094498337 ], [ -6.336231463594022, 53.057481129999466 ], [ -6.336344697587488, 53.057662395684311 ], [ -6.336479010590933, 53.057740496693789 ], [ -6.336594135776871, 53.05779603797302 ], [ -6.336791867638094, 53.05793039493944 ], [ -6.3370283394073, 53.058094056964904 ], [ -6.33714582017264, 53.058206707942865 ], [ -6.337176081451216, 53.058235715001899 ], [ -6.337146353405694, 53.058240782377162 ], [ -6.337059775615522, 53.058255481589178 ], [ -6.336980654651618, 53.058271454378335 ], [ -6.336847839296455, 53.058298180683352 ], [ -6.336599027251654, 53.058352588004517 ], [ -6.336394158558702, 53.058333184408397 ], [ -6.336066270790404, 53.058306576825345 ], [ -6.335875381081089, 53.05830121002365 ], [ -6.335268605110136, 53.058276090582538 ], [ -6.335301916361535, 53.058152514836337 ], [ -6.335313083683211, 53.058025663019116 ], [ -6.335266106224468, 53.057935569075454 ] ] ] ] } },
{ "type": "Feature", "properties": { "cdRbapsId": "AVO_2025_36", "color_id": 19 }, "geometry": { "type": "MultiPolygon", "coordinates": [ [ [ [ -6.282318823450183, 53.077727050681418 ], [ -6.282401102296517, 53.077667859464334 ], [ -6.282440089554539, 53.077601043032054 ], [ -6.282394358633829, 53.077545253957091 ], [ -6.28240128162973, 53.077517352164577 ], [ -6.282371665354802, 53.077503774499348 ], [ -6.282341829178459, 53.077458490469901 ], [ -6.282286464403311, 53.077420567942127 ], [ -6.282200648323273, 53.077399194814518 ], [ -6.282061838718113, 53.077385505599395 ], [ -6.28196472929417, 53.077369541176672 ], [ -6.28188895362563, 53.077368087410115 ], [ -6.281823437010379, 53.07735635513955 ], [ -6.281766344809831, 53.077340160383081 ], [ -6.281714589687096, 53.077329076213701 ], [ -6.281649010264205, 53.077306555892207 ], [ -6.281604459689505, 53.077281463850042 ], [ -6.281570146139565, 53.077243575371547 ], [ -6.281550272251603, 53.077210929878298 ], [ -6.28154218489632, 53.077197599137072 ], [ -6.281535553741862, 53.077160111377268 ], [ -6.281552699612376, 53.077137617330145 ], [ -6.281603721884381, 53.077099074703987 ], [ -6.281674883500521, 53.077071068863333 ], [ -6.281769161616931, 53.077043757262402 ], [ -6.281866869079271, 53.077023055785055 ], [ -6.282062958334544, 53.076967821003429 ], [ -6.282206579134481, 53.076919378672592 ], [ -6.282287071565746, 53.07687964242524 ], [ -6.282507578121454, 53.076773793990363 ], [ -6.282566187312426, 53.076748753278551 ], [ -6.282629026642534, 53.076728807133989 ], [ -6.28269071940851, 53.076697428168622 ], [ -6.282774435037681, 53.076660165002401 ], [ -6.282820264990177, 53.076631434221113 ], [ -6.282863179531224, 53.076614075786026 ], [ -6.282901683891759, 53.076602407197505 ], [ -6.282975179233357, 53.076599243305736 ], [ -6.28304414300304, 53.076586216556187 ], [ -6.283181844405479, 53.076519441070722 ], [ -6.283305425824227, 53.076513583192153 ], [ -6.283322124368183, 53.076539442130169 ], [ -6.283271792569889, 53.076619433125536 ], [ -6.283162407484873, 53.076723291123166 ], [ -6.282935738419454, 53.076872646733634 ], [ -6.282828574037402, 53.076939233488048 ], [ -6.282757064508993, 53.076982155828595 ], [ -6.282707029960509, 53.077048488426847 ], [ -6.282650826720498, 53.077112036325772 ], [ -6.28261227226483, 53.077146624674619 ], [ -6.282604049188773, 53.077195493959991 ], [ -6.282639109763631, 53.077227011114374 ], [ -6.282677374286713, 53.077280146797278 ], [ -6.282710121445263, 53.077360527734868 ], [ -6.282737971142744, 53.077415490530392 ], [ -6.282764306232867, 53.077471420187777 ], [ -6.282804403092491, 53.077537255993668 ], [ -6.282835309835536, 53.077595858267522 ], [ -6.282909620338162, 53.077643401954667 ], [ -6.282965778236257, 53.077689245471895 ], [ -6.283022627800402, 53.07777033458315 ], [ -6.283038908417821, 53.077806703115513 ], [ -6.283061080195965, 53.077831113029504 ], [ -6.28310036720447, 53.0778523534089 ], [ -6.28314230843068, 53.077859520202679 ], [ -6.283474179282391, 53.077863230044677 ], [ -6.283705099740946, 53.077862877007156 ], [ -6.283775121669146, 53.077996880229634 ], [ -6.283859981047707, 53.078148777708257 ], [ -6.284692658682547, 53.080011057838405 ], [ -6.285003393726323, 53.080202200321956 ], [ -6.285442120371548, 53.080516072074666 ], [ -6.285445248938716, 53.08054289374315 ], [ -6.285207709262878, 53.080713846369129 ], [ -6.284983387443532, 53.080810223145967 ], [ -6.284872512075366, 53.080849908860323 ], [ -6.284666773592079, 53.080963172565681 ], [ -6.284450630281192, 53.081087305734599 ], [ -6.284157753682956, 53.0812303312645 ], [ -6.283995712157871, 53.08137754414939 ], [ -6.283876994270587, 53.081470219590983 ], [ -6.28373506073788, 53.081551333471431 ], [ -6.283598124539831, 53.081642649256089 ], [ -6.283412742154697, 53.081738605089697 ], [ -6.283120296132038, 53.081896492217396 ], [ -6.282838018354735, 53.082085014202178 ], [ -6.282725004088819, 53.082153546956924 ], [ -6.282384093445414, 53.082394379307047 ], [ -6.282098819434614, 53.082568384907994 ], [ -6.279632536544549, 53.083236019810073 ], [ -6.278658406049338, 53.0834997021107 ], [ -6.278297439445865, 53.083597407147906 ], [ -6.278301731399432, 53.083644120219418 ], [ -6.278286145747895, 53.083698365615696 ], [ -6.27823714824489, 53.08384938438148 ], [ -6.278170138307088, 53.08403214135901 ], [ -6.278075115048361, 53.084225729362686 ], [ -6.277992894044422, 53.084326829834062 ], [ -6.277791897586664, 53.084510164181793 ], [ -6.277615763795881, 53.084632016650424 ], [ -6.277521227387582, 53.084708489939096 ], [ -6.277486159540374, 53.084754183822334 ], [ -6.277479846746896, 53.084762170356065 ], [ -6.27755075014994, 53.085064174185099 ], [ -6.277555972684839, 53.08515175595619 ], [ -6.277608220758452, 53.085444781659675 ], [ -6.277711643660345, 53.085675543524673 ], [ -6.277835598877101, 53.085938105180176 ], [ -6.277938448771023, 53.086184661114849 ], [ -6.27798822224401, 53.086301712662824 ], [ -6.278025620799551, 53.086457139253042 ], [ -6.278027086726184, 53.086602420092248 ], [ -6.278001444101188, 53.086735057361174 ], [ -6.27793195662269, 53.087019320803655 ], [ -6.277913191311929, 53.087161683309326 ], [ -6.277937183345152, 53.08730720565498 ], [ -6.277938933458422, 53.087317815779564 ], [ -6.277943619935254, 53.08745526753345 ], [ -6.277938703296456, 53.087514018576698 ], [ -6.277932502071509, 53.087588115880337 ], [ -6.27791453960245, 53.08771036396201 ], [ -6.277861846863238, 53.087846985273245 ], [ -6.277779521919816, 53.088052306924837 ], [ -6.277783501344406, 53.088134620496277 ], [ -6.277783858668148, 53.088198504762161 ], [ -6.277783033717458, 53.088364753918462 ], [ -6.277813545473958, 53.088437824873274 ], [ -6.277845000197341, 53.088487283335255 ], [ -6.277856572657046, 53.088525078257312 ], [ -6.277717005934225, 53.088635065960887 ], [ -6.27768205877422, 53.08867306213682 ], [ -6.277592851155586, 53.088959665416624 ], [ -6.277427359128656, 53.089536641636649 ], [ -6.276348280591946, 53.090706259025254 ], [ -6.275632661401978, 53.091481881944091 ], [ -6.275521868874571, 53.091601960148047 ], [ -6.27549576482872, 53.091613275809301 ], [ -6.275480631804868, 53.091634754601913 ], [ -6.275482024377435, 53.09168617970095 ], [ -6.275510420155575, 53.091801256813277 ], [ -6.275506094223365, 53.091857533692895 ], [ -6.275512159933955, 53.091890672109535 ], [ -6.27550891784646, 53.091914357315133 ], [ -6.275445839650529, 53.092093383729413 ], [ -6.275090286997131, 53.093102469258312 ], [ -6.274917784715549, 53.093099505716978 ], [ -6.274907593087002, 53.093099339991859 ], [ -6.274811397034477, 53.093093802618903 ], [ -6.27461416194846, 53.093082447987534 ], [ -6.274466982761685, 53.093093239250052 ], [ -6.274305607460557, 53.09311848461109 ], [ -6.274199611103634, 53.093116920426404 ], [ -6.273769403071588, 53.093037425404454 ], [ -6.27375013337851, 53.093035797597523 ], [ -6.273492377709395, 53.093014350868678 ], [ -6.273447452337708, 53.093010642967471 ], [ -6.273377000265948, 53.093004766072895 ], [ -6.273118655502585, 53.092991849008065 ], [ -6.272965043861261, 53.092999057546876 ], [ -6.272809826732346, 53.093009479324088 ], [ -6.27249273940795, 53.09304577390315 ], [ -6.272242702545658, 53.093095985459456 ], [ -6.272159200528924, 53.093111492436016 ], [ -6.272028529833256, 53.093090179057612 ], [ -6.27194844050782, 53.093051264551093 ], [ -6.271902696828667, 53.093021926207228 ], [ -6.271870521367703, 53.093001234931982 ], [ -6.27179768123546, 53.092904358425884 ], [ -6.271755935135164, 53.092849011581009 ], [ -6.271656875190089, 53.092644340414722 ], [ -6.271620532034254, 53.092512579393222 ], [ -6.271565418712352, 53.092443555643698 ], [ -6.271502113774789, 53.092394547003629 ], [ -6.271442270444036, 53.092348285147878 ], [ -6.271431880345467, 53.092340224382085 ], [ -6.271377137383364, 53.092329541856721 ], [ -6.271250809451861, 53.092338223127051 ], [ -6.271079879111455, 53.092362794975152 ], [ -6.27083723834307, 53.092419043405165 ], [ -6.270756814094874, 53.092437650191073 ], [ -6.270752714016278, 53.09243857933793 ], [ -6.270757790521666, 53.092431732003448 ], [ -6.270816536888428, 53.092351886489922 ], [ -6.270826430598594, 53.092338438825109 ], [ -6.270849291699406, 53.092287356194625 ], [ -6.270889748481885, 53.092196709509629 ], [ -6.270933533389985, 53.09204759545915 ], [ -6.270938725131758, 53.091924257674208 ], [ -6.270913969317868, 53.091675543461655 ], [ -6.270857146175937, 53.091289915863584 ], [ -6.27084273999469, 53.091148585131606 ], [ -6.270841389862898, 53.091001062318803 ], [ -6.270842056340349, 53.09098905803873 ], [ -6.270846269681764, 53.090913135385016 ], [ -6.270887230304474, 53.090800654072403 ], [ -6.270889969828155, 53.090793771873855 ], [ -6.270924542490333, 53.090705467443115 ], [ -6.27106993915194, 53.09050057244805 ], [ -6.271269610294937, 53.090268781359754 ], [ -6.271406549585055, 53.090090458793483 ], [ -6.271496482445042, 53.089963498194052 ], [ -6.271580055871465, 53.089838512497657 ], [ -6.27160880532067, 53.089795611146215 ], [ -6.2716456743162, 53.08974059084494 ], [ -6.271700164856864, 53.089659136166865 ], [ -6.271927476415952, 53.089284376932056 ], [ -6.272143826115903, 53.088983344973286 ], [ -6.272326920086314, 53.088706997446145 ], [ -6.272389544984557, 53.088637615204533 ], [ -6.272536086864986, 53.088511385831907 ], [ -6.272731776539567, 53.088369330071423 ], [ -6.272898622385069, 53.088258765246181 ], [ -6.273071865577034, 53.088148293036802 ], [ -6.273491886401382, 53.087889853498673 ], [ -6.27368404896234, 53.087777317926573 ], [ -6.274018873047408, 53.087607616687272 ], [ -6.274237638017784, 53.087501038947821 ], [ -6.274303070679068, 53.087447517013949 ], [ -6.274401035146971, 53.087381074036834 ], [ -6.274475663342987, 53.087297752919113 ], [ -6.274532325152781, 53.087204913118399 ], [ -6.274548364697121, 53.087176382660395 ], [ -6.274610395944866, 53.08706627297137 ], [ -6.274664748320883, 53.087037308416669 ], [ -6.274702428126173, 53.086954171376227 ], [ -6.274767295843095, 53.086803923451775 ], [ -6.274792803557365, 53.086735710496825 ], [ -6.274824735552199, 53.086651590335329 ], [ -6.274845975011102, 53.08658232675436 ], [ -6.274852883396059, 53.08645577781548 ], [ -6.274881702403564, 53.086224738480681 ], [ -6.274926546058993, 53.085870404038062 ], [ -6.274940929738084, 53.085756752231198 ], [ -6.275002316869825, 53.085342458311246 ], [ -6.275191447715749, 53.085366952128744 ], [ -6.275235375769438, 53.085226018943047 ], [ -6.275025147841948, 53.085196454563636 ], [ -6.275030707799294, 53.0849897081279 ], [ -6.275051775645234, 53.084746152272935 ], [ -6.275087943698044, 53.084592971317939 ], [ -6.275123527612914, 53.084457490038183 ], [ -6.275140684420592, 53.084391761690036 ], [ -6.275216889926359, 53.084176421663464 ], [ -6.275336627532731, 53.083913173123655 ], [ -6.275415499176524, 53.08375431911508 ], [ -6.275503719267243, 53.083632632985008 ], [ -6.27559926938927, 53.083521570414852 ], [ -6.275721616357693, 53.083386986809458 ], [ -6.275748038366188, 53.083360493322502 ], [ -6.27577757224744, 53.083376292466141 ], [ -6.275838701898263, 53.083325493770559 ], [ -6.275998404400397, 53.083217337940155 ], [ -6.27624064569735, 53.083021749721148 ], [ -6.276269013869489, 53.082971195253023 ], [ -6.276318056376298, 53.082927052433185 ], [ -6.276470823896124, 53.082758212420863 ], [ -6.276582175825099, 53.082652141851291 ], [ -6.276807709760492, 53.082415413022012 ], [ -6.276934758526426, 53.082292400608871 ], [ -6.277049471724931, 53.082157615226052 ], [ -6.277139049382624, 53.082060307176292 ], [ -6.277152814178877, 53.082036237657263 ], [ -6.277158240148332, 53.082026787561837 ], [ -6.277232232305978, 53.081897344747759 ], [ -6.27729848352381, 53.081755205072092 ], [ -6.277301315022004, 53.081749044033415 ], [ -6.277445452757081, 53.08155562923983 ], [ -6.277583654531936, 53.081365902596239 ], [ -6.277738280190438, 53.081156459157832 ], [ -6.277714355986392, 53.081138213239257 ], [ -6.277694670510425, 53.081123199800615 ], [ -6.277676858853906, 53.081156109373687 ], [ -6.277669032662881, 53.081170198745454 ], [ -6.277667965532157, 53.081172250643114 ], [ -6.277549978490543, 53.081318224791005 ], [ -6.277402481448334, 53.081506378669104 ], [ -6.277273016400791, 53.081662254339697 ], [ -6.27724745668612, 53.081707276865515 ], [ -6.277215263592447, 53.081764247870765 ], [ -6.277212482306342, 53.081769151250612 ], [ -6.277160879377584, 53.081781886746739 ], [ -6.277127228478972, 53.081779781561742 ], [ -6.277088048314399, 53.081777416532191 ], [ -6.277046632823376, 53.081806388834195 ], [ -6.276980982076355, 53.081939638497801 ], [ -6.277092802240357, 53.081982066235277 ], [ -6.277057222402157, 53.082028290994863 ], [ -6.2770565718206, 53.082029181318489 ], [ -6.277042028919664, 53.082048026254562 ], [ -6.277029954488521, 53.082063671090175 ], [ -6.277000884090461, 53.082097946462646 ], [ -6.276956178024591, 53.082150691390865 ], [ -6.276922721747953, 53.082189936766035 ], [ -6.276873494519052, 53.082248009263026 ], [ -6.276713455668243, 53.082398586890243 ], [ -6.276607396904848, 53.082507790323952 ], [ -6.276464338164364, 53.082680187658511 ], [ -6.276316054308172, 53.082847744348264 ], [ -6.276280852171243, 53.082887503561288 ], [ -6.276256480960003, 53.082908902556206 ], [ -6.276101218316285, 53.083044627729947 ], [ -6.276050369407777, 53.0830877555588 ], [ -6.275878945602107, 53.083187292463066 ], [ -6.275742522863264, 53.083292100228597 ], [ -6.275691102560186, 53.083303309707226 ], [ -6.275671766045778, 53.0833281081743 ], [ -6.275684079499759, 53.083343477112464 ], [ -6.275634496592774, 53.083385724267615 ], [ -6.275516405687917, 53.08349699948355 ], [ -6.275441270645565, 53.083577796236021 ], [ -6.275391515633875, 53.083652040600235 ], [ -6.275331660358831, 53.083763350750736 ], [ -6.275237103232171, 53.083960358941397 ], [ -6.275097310683438, 53.084257113247133 ], [ -6.275047128554752, 53.084443617986601 ], [ -6.275045227343112, 53.084451141625955 ], [ -6.275028724618926, 53.084515889814298 ], [ -6.274988976984546, 53.084672344587077 ], [ -6.274975121270347, 53.084744475608964 ], [ -6.274963475498992, 53.084805095693959 ], [ -6.274956541821548, 53.084981531125131 ], [ -6.274916987297298, 53.085253222454035 ], [ -6.274878519299659, 53.085516210713813 ], [ -6.274830757399811, 53.085869939270772 ], [ -6.274801923823245, 53.086076708671136 ], [ -6.27477690783913, 53.086388159907372 ], [ -6.274743900806677, 53.086597655189905 ], [ -6.274694788414824, 53.086720356336677 ], [ -6.274612639426467, 53.08689938724045 ], [ -6.274574303525634, 53.086968133215684 ], [ -6.274572281568398, 53.086969452163622 ], [ -6.274565727677342, 53.086976278235433 ], [ -6.274561488208177, 53.086983767059763 ], [ -6.274559818644112, 53.086991652687992 ], [ -6.274559613601832, 53.086993717957675 ], [ -6.274501221658604, 53.087099025733309 ], [ -6.274415494724044, 53.087238184871417 ], [ -6.27437070456005, 53.087305129375082 ], [ -6.274299621920523, 53.087370614829041 ], [ -6.274215711018361, 53.08743357628785 ], [ -6.273896141578741, 53.087603679132151 ], [ -6.273696331956545, 53.087704239340063 ], [ -6.273524271472279, 53.087800617734523 ], [ -6.273355951666912, 53.087905049887297 ], [ -6.273061900212746, 53.088086576603928 ], [ -6.272889595806754, 53.08819202889088 ], [ -6.272734404945244, 53.088297549585072 ], [ -6.272606436001029, 53.08838746581965 ], [ -6.272484950572844, 53.088487632999652 ], [ -6.272397074931608, 53.088563389122903 ], [ -6.272319675340285, 53.088632735718669 ], [ -6.272228277697689, 53.08875949679441 ], [ -6.272072652261466, 53.08899255827918 ], [ -6.271897953743899, 53.089212938501475 ], [ -6.271700962707832, 53.089516319441188 ], [ -6.271510228529459, 53.089817183395901 ], [ -6.27144620710321, 53.089918274133225 ], [ -6.271366884200882, 53.090038557606228 ], [ -6.271350760845387, 53.090062952635748 ], [ -6.271324545726192, 53.090093312302969 ], [ -6.271311890217302, 53.090107960293416 ], [ -6.271069507476397, 53.090388478375097 ], [ -6.27091472308719, 53.09058182162326 ], [ -6.270911613652493, 53.090585641474583 ], [ -6.270838348411589, 53.090702237473771 ], [ -6.270798726710431, 53.090793614466648 ], [ -6.270783396469882, 53.090828896973107 ], [ -6.270760216947934, 53.090912514066879 ], [ -6.270745733705861, 53.091006503470169 ], [ -6.270753360835527, 53.091095781552852 ], [ -6.270785372024815, 53.091252558619644 ], [ -6.270793177926663, 53.09131280569575 ], [ -6.270818742805671, 53.091507511117435 ], [ -6.27085416520398, 53.091757369090239 ], [ -6.270866973067428, 53.091907844800396 ], [ -6.270862201182088, 53.092017616124387 ], [ -6.270819805558384, 53.092165851494116 ], [ -6.270755954423401, 53.092296336563145 ], [ -6.270748832386231, 53.092308097819334 ], [ -6.270685696582813, 53.092411538010367 ], [ -6.270658348389635, 53.092445567228687 ], [ -6.270645260657641, 53.092461736004964 ], [ -6.270644870452465, 53.092462269641118 ], [ -6.270620898144014, 53.092491943572021 ], [ -6.270541763761215, 53.092533669277081 ], [ -6.270597051806881, 53.092521528545603 ], [ -6.270570559800408, 53.092546491852566 ], [ -6.270487596353628, 53.092634542275583 ], [ -6.270376324510481, 53.092713013855793 ], [ -6.270205920196606, 53.092798085275561 ], [ -6.269819931577557, 53.092970898014343 ], [ -6.269518983293307, 53.092828995886919 ], [ -6.268535886554361, 53.093160037853679 ], [ -6.267733346779156, 53.093760031782999 ], [ -6.26772703126312, 53.093767040723378 ], [ -6.267698760070948, 53.093719708546089 ], [ -6.267693108594892, 53.093710188398987 ], [ -6.267635885707597, 53.093577312289305 ], [ -6.267538115163948, 53.093448251062412 ], [ -6.267474440750897, 53.093390156549901 ], [ -6.267396082418736, 53.093329690973142 ], [ -6.267328769453131, 53.093267139058945 ], [ -6.267315360760412, 53.093236112522611 ], [ -6.267312783081391, 53.09320524459325 ], [ -6.267338336342027, 53.093108719340549 ], [ -6.267386390055781, 53.093006948856186 ], [ -6.267394069409521, 53.092990521914693 ], [ -6.267429901863381, 53.092914010791716 ], [ -6.267431461452802, 53.092872147303865 ], [ -6.267447576036265, 53.092832741949564 ], [ -6.267523571858155, 53.092758882907951 ], [ -6.267569068310745, 53.092717659095818 ], [ -6.267624458448855, 53.092703004458755 ], [ -6.267675695532817, 53.092705907604774 ], [ -6.267765126361944, 53.092711434971264 ], [ -6.267766968693677, 53.092711551674945 ], [ -6.267796529061665, 53.092705329631812 ], [ -6.267818966062569, 53.092692443216279 ], [ -6.267828226918293, 53.092639725016859 ], [ -6.267813265180342, 53.092549262247381 ], [ -6.267782366240114, 53.092493802216346 ], [ -6.267714382438625, 53.092451015341425 ], [ -6.267643007608386, 53.092403774716502 ], [ -6.267560958949558, 53.092343255504503 ], [ -6.26741523638097, 53.092224641675251 ], [ -6.267097528928013, 53.092006715724658 ], [ -6.267035481418153, 53.091941903297638 ], [ -6.267013707322196, 53.09190760892821 ], [ -6.266818163596619, 53.091738741459849 ], [ -6.266784004274751, 53.091684761699909 ], [ -6.266813243916511, 53.091658940397053 ], [ -6.266868701859289, 53.091621097785357 ], [ -6.266971354202598, 53.091558054844654 ], [ -6.267012585240249, 53.091546340243397 ], [ -6.267046573827305, 53.091527959479215 ], [ -6.267048459425936, 53.091526998209723 ], [ -6.267071237260793, 53.091502610776125 ], [ -6.26708632639051, 53.091488718644655 ], [ -6.267103468278633, 53.091472789060539 ], [ -6.267109377751384, 53.091463617009573 ], [ -6.267112791560494, 53.091458363535168 ], [ -6.267107400071862, 53.091445430628148 ], [ -6.26711133731095, 53.091439375815376 ], [ -6.26720071264026, 53.091299107357479 ], [ -6.267413672235598, 53.090991561867661 ], [ -6.267601492617429, 53.090666032630416 ], [ -6.267718884987634, 53.090462801261502 ], [ -6.267802296379252, 53.090289996304435 ], [ -6.267843784494737, 53.090158468132195 ], [ -6.267880152294437, 53.089967360024687 ], [ -6.267909168616534, 53.089778392904869 ], [ -6.267926433383225, 53.089609118308609 ], [ -6.267916684753568, 53.089575898879403 ], [ -6.267870645432082, 53.089535678590984 ], [ -6.267846691517441, 53.089491285553649 ], [ -6.267847983509108, 53.089456069605284 ], [ -6.26786013777504, 53.08942325799363 ], [ -6.267854344252591, 53.089383533658363 ], [ -6.267804843343796, 53.089334454262271 ], [ -6.267712327371372, 53.089264884139723 ], [ -6.267695277348468, 53.089229490149783 ], [ -6.267696338192916, 53.089203079525319 ], [ -6.267762488440458, 53.089098246584449 ], [ -6.267816089749242, 53.089032960815828 ], [ -6.267853567157842, 53.088912340157343 ], [ -6.267940191991572, 53.088748390552759 ], [ -6.268051253443542, 53.088518639715225 ], [ -6.268177398878463, 53.088278143290729 ], [ -6.268235857745427, 53.088153153879958 ], [ -6.268284885031396, 53.088048430981146 ], [ -6.268355891188058, 53.087908432721953 ], [ -6.268449578326359, 53.087654339589214 ], [ -6.268495195291782, 53.087511815443065 ], [ -6.268534575942825, 53.087340616328461 ], [ -6.268574932809729, 53.087043859914594 ], [ -6.268591805212077, 53.086982443689188 ], [ -6.268623267906016, 53.086925644108504 ], [ -6.268686743797312, 53.086792187535259 ], [ -6.268917003661071, 53.086506823816016 ], [ -6.269023419606278, 53.086404823086639 ], [ -6.269232582816357, 53.086194026637529 ], [ -6.269350623075521, 53.086072330206349 ], [ -6.269422734042943, 53.086002818710654 ], [ -6.269486647146578, 53.085910536124601 ], [ -6.269668575717725, 53.085687927480024 ], [ -6.269789581195747, 53.08550757729315 ], [ -6.270006649460937, 53.085160897239362 ], [ -6.270101399555521, 53.084993468817991 ], [ -6.270229870412432, 53.084841810930556 ], [ -6.270356941443254, 53.084718896533211 ], [ -6.270530103463745, 53.084601056296208 ], [ -6.270823796372055, 53.08439741810006 ], [ -6.270924950502061, 53.084309720767145 ], [ -6.271050662783498, 53.084214470356294 ], [ -6.271182464756727, 53.084166948039041 ], [ -6.271284254794616, 53.084118630003175 ], [ -6.271351884390471, 53.084105500681666 ], [ -6.27142651272133, 53.084077462267864 ], [ -6.271655012664652, 53.084001142062753 ], [ -6.271908265098442, 53.083933900627372 ], [ -6.272145927332648, 53.083874701645918 ], [ -6.272166396863146, 53.08386509271368 ], [ -6.272254219009718, 53.083823870549971 ], [ -6.272325959033306, 53.083778800548558 ], [ -6.272418622454436, 53.083712372112458 ], [ -6.272483647005579, 53.083659744090781 ], [ -6.27250591444231, 53.083641730028916 ], [ -6.272589479550123, 53.083562675406689 ], [ -6.272655781231658, 53.083468897787874 ], [ -6.272672488667722, 53.083445231031888 ], [ -6.27273061372068, 53.083343514708709 ], [ -6.272768404559009, 53.083288333953632 ], [ -6.272868518720022, 53.083149564544676 ], [ -6.272951204119051, 53.083043260969468 ], [ -6.272951363166527, 53.083043091598455 ], [ -6.273037247278378, 53.08295147839317 ], [ -6.273091116216492, 53.082903721666497 ], [ -6.273164248273562, 53.082866850870865 ], [ -6.273340180002273, 53.082768641645274 ], [ -6.273549172546337, 53.08270264204382 ], [ -6.273771255572179, 53.082614090296076 ], [ -6.273940581010795, 53.082533222858963 ], [ -6.274053251940293, 53.082465105051973 ], [ -6.27410719644439, 53.082409259354947 ], [ -6.274175392242003, 53.082271105388294 ], [ -6.274191591887356, 53.082133904113071 ], [ -6.274187394252693, 53.082109574385676 ], [ -6.27417359549203, 53.082029824568366 ], [ -6.274179600848655, 53.081956654826307 ], [ -6.274205812702228, 53.081852317662936 ], [ -6.274209756892306, 53.081836824835591 ], [ -6.274243688287179, 53.081748778860344 ], [ -6.274266600506628, 53.081720797534388 ], [ -6.274336554272574, 53.0816771385865 ], [ -6.274399742640079, 53.081642549709002 ], [ -6.274469573993117, 53.081614260074588 ], [ -6.274593400596197, 53.081574977637707 ], [ -6.274727440773201, 53.081551213439987 ], [ -6.274880760930741, 53.081504088984744 ], [ -6.275095034109544, 53.081376591423577 ], [ -6.275468433635718, 53.081201423248665 ], [ -6.275692543572257, 53.081083414299286 ], [ -6.275765716310343, 53.0810300037516 ], [ -6.27581108167758, 53.08096693208568 ], [ -6.275891726490978, 53.080936011903965 ], [ -6.275963135761263, 53.080923652941969 ], [ -6.276151966172443, 53.080875064842168 ], [ -6.276220989731161, 53.080839211283084 ], [ -6.276294194865253, 53.080809620300684 ], [ -6.276407400097576, 53.080774137941447 ], [ -6.276499685976933, 53.080747699548141 ], [ -6.276633988412354, 53.080720342535948 ], [ -6.276758012884063, 53.080700655574304 ], [ -6.276907067120921, 53.080673871448369 ], [ -6.276975307579546, 53.080657600954581 ], [ -6.277033186518972, 53.080654124655595 ], [ -6.277122545979059, 53.080645441450876 ], [ -6.27722871124301, 53.080629001790633 ], [ -6.277352664714158, 53.080654256372036 ], [ -6.277459834852743, 53.080600348287284 ], [ -6.277566635688024, 53.080558748948008 ], [ -6.277683957062988, 53.080518830741866 ], [ -6.277818981507978, 53.080461010182923 ], [ -6.277882821493844, 53.080434699188807 ], [ -6.277947745598284, 53.080390426038058 ], [ -6.27800591938382, 53.080333291546424 ], [ -6.278113303491514, 53.080218443337259 ], [ -6.278129651695644, 53.080203669203719 ], [ -6.278131797047005, 53.080202351982379 ], [ -6.278233581125503, 53.080141443252387 ], [ -6.278322365072024, 53.080100841802121 ], [ -6.278438512199534, 53.080000861177275 ], [ -6.278553048979456, 53.079916497057432 ], [ -6.278609942707403, 53.07989069639261 ], [ -6.278685200436009, 53.079856567515151 ], [ -6.278884376822024, 53.079730552613668 ], [ -6.279061490314187, 53.079648351588801 ], [ -6.279136242736993, 53.079561345016977 ], [ -6.279193419881528, 53.079516779378999 ], [ -6.279259966496121, 53.079481157907928 ], [ -6.27926783732084, 53.079472103513233 ], [ -6.279314131288904, 53.079419560463066 ], [ -6.27930821833974, 53.079376419341827 ], [ -6.279418911146553, 53.079271055704361 ], [ -6.279546501817674, 53.079177261767654 ], [ -6.27968322210047, 53.079113801815502 ], [ -6.279885707596621, 53.079043562439765 ], [ -6.279925845340347, 53.079021850444285 ], [ -6.27997956917021, 53.078977415177789 ], [ -6.280155670265453, 53.078889625067767 ], [ -6.280224000333443, 53.078833894702129 ], [ -6.280330962438398, 53.078788070670051 ], [ -6.28038308488667, 53.078746757139349 ], [ -6.280429442933865, 53.07870176489223 ], [ -6.280506866875606, 53.078654691348817 ], [ -6.28068680222855, 53.078588162341134 ], [ -6.280788719626136, 53.078546756534912 ], [ -6.280866472241025, 53.078491904405517 ], [ -6.280934516126692, 53.07846807942115 ], [ -6.28094656790709, 53.078451030770459 ], [ -6.280995190000271, 53.078434232750325 ], [ -6.281058440685308, 53.078415019631301 ], [ -6.281132139898016, 53.078374486703346 ], [ -6.281168652882003, 53.078357217054304 ], [ -6.281237723998497, 53.078328354327283 ], [ -6.281288600158362, 53.078291461800241 ], [ -6.281335694063324, 53.078261833916052 ], [ -6.281402912918284, 53.078249412087949 ], [ -6.281504582398919, 53.078212768672472 ], [ -6.281614556109493, 53.078174717070731 ], [ -6.281678224383024, 53.078143278166245 ], [ -6.281726525183977, 53.078132919932735 ], [ -6.281799658997788, 53.078092538425388 ], [ -6.281817098464836, 53.07806267804829 ], [ -6.281860748076878, 53.078027581978233 ], [ -6.281944201031179, 53.077975408236654 ], [ -6.282013340320377, 53.077917777598415 ], [ -6.282133134373087, 53.077865253893201 ], [ -6.282248815913095, 53.077806545061726 ], [ -6.282249895272963, 53.07777943438564 ], [ -6.282281437496716, 53.077753638092368 ], [ -6.282318823450183, 53.077727050681418 ] ], [ [ -6.276167698472271, 53.086865118239878 ], [ -6.276198390379169, 53.086850324761045 ], [ -6.276225451681037, 53.086837280862547 ], [ -6.276167698472271, 53.086865118239878 ] ], [ [ -6.274361443045044, 53.090595631648711 ], [ -6.274302979705707, 53.090673033630473 ], [ -6.274216586498414, 53.090787414367945 ], [ -6.274351694951045, 53.09060853791231 ], [ -6.274361443045044, 53.090595631648711 ] ], [ [ -6.27339358466529, 53.092132304054367 ], [ -6.273403682653731, 53.092081438440907 ], [ -6.273411323261266, 53.092042945721708 ], [ -6.27339358466529, 53.092132304054367 ] ], [ [ -6.273655210122564, 53.092724493523363 ], [ -6.273627666994471, 53.092663342824892 ], [ -6.273614947209058, 53.092635102650021 ], [ -6.273655210122564, 53.092724493523363 ] ] ], [ [ [ -6.270661725994811, 53.092545569679373 ], [ -6.270705017910809, 53.092497840065668 ], [ -6.270782046970166, 53.092480981665794 ], [ -6.271101014275841, 53.092406966587603 ], [ -6.271243206654265, 53.092386561316431 ], [ -6.271337974011332, 53.09241256640869 ], [ -6.271425016377747, 53.092440797103876 ], [ -6.271503683001438, 53.092472141013488 ], [ -6.271544015948349, 53.092522793434291 ], [ -6.271547766806851, 53.092527521910569 ], [ -6.271583146511525, 53.092655673581625 ], [ -6.271627503107826, 53.092747282754949 ], [ -6.27168505998177, 53.092865959094169 ], [ -6.271697099586063, 53.092882044411546 ], [ -6.271752993351504, 53.092956202840845 ], [ -6.271793682676722, 53.093010275954697 ], [ -6.271797658229493, 53.093015546992461 ], [ -6.271759818105191, 53.093013289620622 ], [ -6.270202585251099, 53.093151379065205 ], [ -6.269891240694395, 53.093004562893334 ], [ -6.270084184800939, 53.092913258026869 ], [ -6.270403429359099, 53.092764912546464 ], [ -6.27047522227262, 53.092722001613822 ], [ -6.270560692246451, 53.092648189379744 ], [ -6.270661725994811, 53.092545569679373 ] ] ], [ [ [ -6.267365153347141, 53.096839379065997 ], [ -6.267510116679036, 53.096747378780151 ], [ -6.267595840845666, 53.096716627008341 ], [ -6.267729374825177, 53.09666994251765 ], [ -6.267822618417882, 53.096611435853575 ], [ -6.267830197733421, 53.096606692416643 ], [ -6.267853066133532, 53.096592374117357 ], [ -6.267877551254881, 53.096574573851392 ], [ -6.267892134721861, 53.096564088970197 ], [ -6.267939700746476, 53.096529726361616 ], [ -6.267981510189698, 53.096488447829074 ], [ -6.268016376022509, 53.096436012430047 ], [ -6.268022298989726, 53.096374436981478 ], [ -6.267993218365211, 53.096270554885187 ], [ -6.267941253721292, 53.09619060851194 ], [ -6.267932024860551, 53.096181216081639 ], [ -6.267879359023711, 53.096183146039721 ], [ -6.267846367579647, 53.096182755706018 ], [ -6.26781042857288, 53.096166862325497 ], [ -6.267664660483029, 53.096046001182749 ], [ -6.267610824215994, 53.096018790507593 ], [ -6.267535891151836, 53.095964936512011 ], [ -6.26748571144344, 53.095935622684095 ], [ -6.267380895962822, 53.095899040770973 ], [ -6.267251066197509, 53.095844387286277 ], [ -6.267211610953879, 53.095824038180155 ], [ -6.267053685374878, 53.095736076731839 ], [ -6.266846059275007, 53.095609999261299 ], [ -6.266757196638854, 53.095550369043686 ], [ -6.266738848322527, 53.095538057270169 ], [ -6.26666093138646, 53.095466541881201 ], [ -6.266612132888255, 53.09539985403773 ], [ -6.266588088324935, 53.095357707490685 ], [ -6.266588243793785, 53.095284456570425 ], [ -6.266588308919315, 53.095254161942343 ], [ -6.266587909838631, 53.095166067503094 ], [ -6.266599172453279, 53.095060525568776 ], [ -6.266626684585004, 53.095010320440835 ], [ -6.266702861140839, 53.09493206110497 ], [ -6.266822680256263, 53.094858840816308 ], [ -6.266965063260315, 53.094772647012213 ], [ -6.267126725618123, 53.094660306845135 ], [ -6.2671873122524, 53.094608336112032 ], [ -6.267254279619849, 53.094578390082461 ], [ -6.267469048511723, 53.094517428621806 ], [ -6.267676485722725, 53.094451955703519 ], [ -6.267799141843327, 53.094403045462634 ], [ -6.267866992586593, 53.09435109024507 ], [ -6.26791659205645, 53.094296712103009 ], [ -6.2679476209605, 53.094250872322078 ], [ -6.267953047491476, 53.094204659883708 ], [ -6.267937818033413, 53.094120843815311 ], [ -6.267903933124078, 53.094047723009638 ], [ -6.267803262705705, 53.093898844318332 ], [ -6.267793490857644, 53.093881534128727 ], [ -6.26802737853339, 53.093782917820732 ], [ -6.268096248236134, 53.093754597160043 ], [ -6.268535522183716, 53.093573957050992 ], [ -6.26873762467622, 53.09349087720819 ], [ -6.269189951859675, 53.09330087618725 ], [ -6.269852701239802, 53.09302278931257 ], [ -6.269962782546118, 53.093256475178876 ], [ -6.26998202619118, 53.09326727413648 ], [ -6.270125736055801, 53.093347921521726 ], [ -6.270352058234269, 53.093465366509982 ], [ -6.270564645877518, 53.093507645985852 ], [ -6.270716617701088, 53.093513719607365 ], [ -6.270844610451603, 53.093518906184926 ], [ -6.271155992037325, 53.09350832902259 ], [ -6.271451721474888, 53.093498063888767 ], [ -6.271461094721566, 53.093497750622383 ], [ -6.271963069748147, 53.093476007660918 ], [ -6.272209949974903, 53.093449301475701 ], [ -6.272232913309242, 53.093490892763853 ], [ -6.272377471667745, 53.093663595001161 ], [ -6.272378765381485, 53.093799274605466 ], [ -6.272432482333651, 53.09387355928331 ], [ -6.272443685082596, 53.093934100908406 ], [ -6.272370321532179, 53.094078076977347 ], [ -6.272280457948199, 53.094116805920336 ], [ -6.271958881347721, 53.094106738952 ], [ -6.271873293476824, 53.094167048919935 ], [ -6.271738697368777, 53.094225901023066 ], [ -6.271142165330172, 53.094397588959779 ], [ -6.271111583763247, 53.094439318443833 ], [ -6.271056544879159, 53.094513410523341 ], [ -6.271019280753113, 53.094546396005413 ], [ -6.270903136268256, 53.094607906193552 ], [ -6.270751978381239, 53.094679028459602 ], [ -6.270872921996659, 53.094848986728472 ], [ -6.270919899828538, 53.095008701925885 ], [ -6.270932202218257, 53.095108913102131 ], [ -6.270897548091762, 53.095259999711367 ], [ -6.270814780797306, 53.095386531843609 ], [ -6.270754570104298, 53.095465177680843 ], [ -6.270752588337219, 53.095493741129253 ], [ -6.270728726985825, 53.095576753229913 ], [ -6.270612543862606, 53.095756047178106 ], [ -6.270513685675203, 53.095854454109016 ], [ -6.270453803200448, 53.095906274055501 ], [ -6.270386366036584, 53.095949499074933 ], [ -6.270333057913809, 53.096047740967037 ], [ -6.270255354442939, 53.096283582897279 ], [ -6.270251536249595, 53.096322923753796 ], [ -6.270225837296115, 53.09640741011151 ], [ -6.270183381693393, 53.096455842918651 ], [ -6.270153408347779, 53.09650542791239 ], [ -6.270134916721621, 53.096583709130634 ], [ -6.270186382764616, 53.096648652740114 ], [ -6.270191983347552, 53.09670892976807 ], [ -6.270212575412383, 53.096735736020463 ], [ -6.270215740230072, 53.096739853789792 ], [ -6.270323514870594, 53.096877469449581 ], [ -6.270356513032165, 53.09691961950378 ], [ -6.270473049470419, 53.097043951610054 ], [ -6.270478348019357, 53.097049601453172 ], [ -6.270479450339904, 53.097050785971739 ], [ -6.270731636534953, 53.097259315514151 ], [ -6.270808315524115, 53.097347608667135 ], [ -6.270894409513381, 53.097394772626977 ], [ -6.270793638154493, 53.097411231315284 ], [ -6.270521807600457, 53.097453023220481 ], [ -6.270226608225347, 53.097499975753756 ], [ -6.270011770822082, 53.097526271910638 ], [ -6.269906957622027, 53.09753254111628 ], [ -6.26956262336263, 53.097556144750286 ], [ -6.269392770558929, 53.097579669323693 ], [ -6.269347618129057, 53.097580280044568 ], [ -6.269100935586162, 53.097634640754492 ], [ -6.269014857960412, 53.097662610141512 ], [ -6.268799904616732, 53.097719274389839 ], [ -6.26852999297803, 53.097788297707268 ], [ -6.268267863904994, 53.0978721118029 ], [ -6.268152360636671, 53.097898189041359 ], [ -6.268069824316168, 53.097852584026022 ], [ -6.26784296386336, 53.097748160294039 ], [ -6.267626294925329, 53.097665996964075 ], [ -6.267591968803058, 53.097652822643546 ], [ -6.267424098266726, 53.097588447381078 ], [ -6.267139121817764, 53.097474457344767 ], [ -6.267005237875813, 53.097428644059839 ], [ -6.266843824785151, 53.097341530445803 ], [ -6.266829357531086, 53.097333769443559 ], [ -6.266792102835301, 53.097326036088042 ], [ -6.266727613971931, 53.097312601968696 ], [ -6.266714965445936, 53.097259564761494 ], [ -6.26671394498367, 53.097186922332007 ], [ -6.266672003208043, 53.097133458448603 ], [ -6.266701252676844, 53.097036987205051 ], [ -6.266810330893508, 53.096961454139517 ], [ -6.267010748807771, 53.096887071412532 ], [ -6.267110568509984, 53.096864165439712 ], [ -6.267231602550114, 53.096874197256419 ], [ -6.267238354095626, 53.096874744988234 ], [ -6.267365153347141, 53.096839379065997 ] ] ], [ [ [ -6.273278184262948, 53.115176539733994 ], [ -6.273197927690402, 53.115174566429069 ], [ -6.273159395863433, 53.115164479676643 ], [ -6.273142202361852, 53.115160005668493 ], [ -6.273131328232269, 53.115151578556919 ], [ -6.273094396063204, 53.115123087841027 ], [ -6.273070994985645, 53.115073671561341 ], [ -6.273067978301315, 53.115010617198315 ], [ -6.273119418714216, 53.115009116446039 ], [ -6.273212768330025, 53.115065570691058 ], [ -6.273318396823147, 53.115116989711908 ], [ -6.273368398928008, 53.115157534668342 ], [ -6.273278184262948, 53.115176539733994 ] ] ], [ [ [ -6.272999879453289, 53.11499120286134 ], [ -6.273021153882475, 53.115096767696805 ], [ -6.273063236711196, 53.115159668916796 ], [ -6.273106781456407, 53.115189154425217 ], [ -6.273120961094884, 53.115191966796097 ], [ -6.273203715242112, 53.115208447736819 ], [ -6.273259509539272, 53.11520593147921 ], [ -6.273329127578818, 53.115202806780573 ], [ -6.273421534302597, 53.115187518725058 ], [ -6.273556835261923, 53.115248715914298 ], [ -6.273517496538745, 53.115271065752999 ], [ -6.273496925545649, 53.115277059250197 ], [ -6.273435834222237, 53.115294959753115 ], [ -6.273345741727485, 53.11531396664342 ], [ -6.273257355086589, 53.115299651193183 ], [ -6.273162393056003, 53.115261869499385 ], [ -6.273125084204273, 53.115245868125612 ], [ -6.273042589865292, 53.115210604212592 ], [ -6.272883889414858, 53.115164526965387 ], [ -6.272583414997753, 53.115108122633373 ], [ -6.272414732375593, 53.115074394677237 ], [ -6.272114309660168, 53.115016731523923 ], [ -6.271964329865569, 53.11501131829948 ], [ -6.271790018096222, 53.115019663403309 ], [ -6.271797025476777, 53.115053832151879 ], [ -6.271832827818793, 53.11505210399141 ], [ -6.271964917213857, 53.115045842349673 ], [ -6.27210370111252, 53.11505082338563 ], [ -6.272397033213948, 53.115107125266363 ], [ -6.27256596077379, 53.115140857700446 ], [ -6.272862889214974, 53.115196581430354 ], [ -6.273013429147849, 53.115240293194468 ], [ -6.273130085275001, 53.115290164587982 ], [ -6.273155433767599, 53.115300239847798 ], [ -6.273233538691243, 53.115331304429752 ], [ -6.273347995537391, 53.115349953898566 ], [ -6.273457724186995, 53.115326736742468 ], [ -6.273550356317978, 53.115299677031999 ], [ -6.273557921876459, 53.115295381549345 ], [ -6.273603184470391, 53.11526970202398 ], [ -6.273786288270442, 53.11535253531148 ], [ -6.273814607641875, 53.115365350939896 ], [ -6.274094672731774, 53.115522218111792 ], [ -6.274267519867617, 53.115667372287753 ], [ -6.274291978663522, 53.115681209535595 ], [ -6.274340421542019, 53.115708428611349 ], [ -6.27436350468327, 53.115725841264528 ], [ -6.274423545089396, 53.115771115391269 ], [ -6.274480655537781, 53.115871087343891 ], [ -6.274502810837957, 53.115883992311105 ], [ -6.274628510409071, 53.115957363184464 ], [ -6.274640307661814, 53.115964276405236 ], [ -6.27487083501353, 53.116115299294719 ], [ -6.275081121483456, 53.116239512577323 ], [ -6.275169710345616, 53.116291941348479 ], [ -6.275219345217027, 53.116320166054876 ], [ -6.27534186239413, 53.116389984557621 ], [ -6.275501201738115, 53.11645719049443 ], [ -6.275643762063828, 53.116497277783701 ], [ -6.275735341433887, 53.116567366732752 ], [ -6.275841412654074, 53.116650969280016 ], [ -6.276120788794748, 53.116760811291989 ], [ -6.276337318228417, 53.116803046745304 ], [ -6.276418405359303, 53.11685824221945 ], [ -6.276645973994706, 53.116951063731534 ], [ -6.276879750055375, 53.117042716288289 ], [ -6.277161577411954, 53.117156096782054 ], [ -6.27724403909327, 53.117189289078603 ], [ -6.277546803406072, 53.117358431050214 ], [ -6.277840946447041, 53.117496707143907 ], [ -6.278031067091213, 53.117626375893423 ], [ -6.278231623639315, 53.117763207144876 ], [ -6.278469408212549, 53.117847273459581 ], [ -6.278701272551116, 53.117943838342065 ], [ -6.278778097187404, 53.117997891915238 ], [ -6.278832709652083, 53.118074364905802 ], [ -6.27892620117247, 53.118136928719039 ], [ -6.279050744409028, 53.118211807013466 ], [ -6.279232790818811, 53.11830009937448 ], [ -6.27935689972008, 53.118373532916578 ], [ -6.279383207597959, 53.118430630939137 ], [ -6.279341486244952, 53.118561979373496 ], [ -6.279325104467293, 53.118638953835791 ], [ -6.279327351399938, 53.118755478712067 ], [ -6.279327339128734, 53.118866846638724 ], [ -6.279273534076416, 53.119007637951363 ], [ -6.279279789938649, 53.119091681863196 ], [ -6.279277528734157, 53.119101985836636 ], [ -6.279264274194016, 53.119162376951131 ], [ -6.279308538091428, 53.119232677860531 ], [ -6.279462659029698, 53.119409374230358 ], [ -6.279505296371727, 53.119449449621378 ], [ -6.279539740853411, 53.119481767333227 ], [ -6.279706625167558, 53.119638243283369 ], [ -6.279919806745521, 53.119863521009648 ], [ -6.280125576215377, 53.120005996158596 ], [ -6.280374583763599, 53.120151972798475 ], [ -6.280687611496321, 53.120308671009958 ], [ -6.280780884589316, 53.120361432787575 ], [ -6.280818273491299, 53.120384893229073 ], [ -6.280906232753105, 53.12041330948135 ], [ -6.280949180022359, 53.120427142687845 ], [ -6.28098450312503, 53.120440596119423 ], [ -6.281077114308037, 53.120476000492602 ], [ -6.2812798067912, 53.12058454289614 ], [ -6.281495981686434, 53.120679526453991 ], [ -6.281583574397666, 53.12071719495431 ], [ -6.281674075829159, 53.12075607387105 ], [ -6.281785646006235, 53.120866086312205 ], [ -6.281861933374122, 53.120912220268558 ], [ -6.281950507016653, 53.12097165457002 ], [ -6.282046059710381, 53.121044582241367 ], [ -6.282132948561854, 53.12110300336257 ], [ -6.282265811784224, 53.121145729005335 ], [ -6.282344861748233, 53.12114426311723 ], [ -6.282670862343803, 53.121229414011957 ], [ -6.282908907374421, 53.12128597050593 ], [ -6.283188171883075, 53.121387434725818 ], [ -6.283228498709742, 53.121402128140907 ], [ -6.283588066698676, 53.121544928608039 ], [ -6.283679807414663, 53.121592992003023 ], [ -6.283714992936479, 53.121619206144217 ], [ -6.28387104551835, 53.121735700396655 ], [ -6.284103578034842, 53.121893655735377 ], [ -6.284156122939168, 53.121957422708903 ], [ -6.284282825427847, 53.122043561971083 ], [ -6.284409161499838, 53.122104886954375 ], [ -6.284500903970836, 53.122143691681401 ], [ -6.284629210491827, 53.122223650793472 ], [ -6.28477867566345, 53.1223324087523 ], [ -6.284919550979487, 53.122446435783907 ], [ -6.285086314754425, 53.122569554360901 ], [ -6.285173617144596, 53.122658001280321 ], [ -6.285264576348332, 53.122769151551601 ], [ -6.285441399534346, 53.122986344981598 ], [ -6.285637331455715, 53.123218913835281 ], [ -6.285788771490428, 53.123346304876172 ], [ -6.285884009268431, 53.123399540261154 ], [ -6.28601228205009, 53.123471228923513 ], [ -6.286135171546243, 53.123532592274898 ], [ -6.286266364936143, 53.123571153763365 ], [ -6.286370398742298, 53.123629458999396 ], [ -6.286403554206949, 53.123666519938027 ], [ -6.286440325493036, 53.123711812350265 ], [ -6.286487442243669, 53.123707726768366 ], [ -6.286557186110321, 53.123701719781359 ], [ -6.286595898101656, 53.123709911753203 ], [ -6.286622812451354, 53.123715607702998 ], [ -6.286634530639581, 53.123721528941459 ], [ -6.286652895569476, 53.123730781669572 ], [ -6.286685873290167, 53.123747526216306 ], [ -6.286748205150424, 53.123850442450973 ], [ -6.286759395731366, 53.123886008767215 ], [ -6.286778292212458, 53.123946064290372 ], [ -6.286776754455171, 53.124086982738596 ], [ -6.286772709933361, 53.124176269975884 ], [ -6.28678890325687, 53.12430207347743 ], [ -6.286793043567434, 53.124334311485377 ], [ -6.286833255531254, 53.124395382958824 ], [ -6.286896316019091, 53.124427301344966 ], [ -6.286974085928263, 53.124457904254086 ], [ -6.28711752081675, 53.124514348059641 ], [ -6.287306563013281, 53.124598234186344 ], [ -6.287497220169001, 53.124672525670199 ], [ -6.287846502193873, 53.124761952830994 ], [ -6.287863339353227, 53.124766239780925 ], [ -6.288095429870051, 53.124858564601546 ], [ -6.288372626732651, 53.124981918292185 ], [ -6.288603063668551, 53.125081768568997 ], [ -6.288775139559701, 53.125112016509085 ], [ -6.288909487668977, 53.125120958722647 ], [ -6.289074021467835, 53.125133210935275 ], [ -6.289084835668592, 53.125133995556268 ], [ -6.289172778184545, 53.125153956263219 ], [ -6.289261011461575, 53.125197560524278 ], [ -6.28936418776325, 53.125277692518708 ], [ -6.289436696679209, 53.125304531155635 ], [ -6.289461351303576, 53.125313694954905 ], [ -6.289497618718134, 53.125350079746184 ], [ -6.289624791312488, 53.125483859212224 ], [ -6.289670229050299, 53.125568644208968 ], [ -6.28967813954769, 53.125583588694006 ], [ -6.289678279185776, 53.125592490094874 ], [ -6.289679032478124, 53.125644904069262 ], [ -6.289605118665786, 53.12572168231366 ], [ -6.289479534276102, 53.125811650920042 ], [ -6.289415406966717, 53.125828166868466 ], [ -6.289402944555667, 53.12583787499743 ], [ -6.289414115613802, 53.125866889125817 ], [ -6.289425291783515, 53.125895812543746 ], [ -6.289445457518769, 53.125928011972192 ], [ -6.289508560524059, 53.1259620867622 ], [ -6.289550139253062, 53.125979582370697 ], [ -6.289565655783372, 53.125986097193447 ], [ -6.289652572000983, 53.126022581401287 ], [ -6.289774250184363, 53.126099293615205 ], [ -6.289788317999142, 53.12610812457276 ], [ -6.289789760839598, 53.126109044140016 ], [ -6.289977937314631, 53.126255384514067 ], [ -6.290064478196549, 53.126307592683574 ], [ -6.290084991874968, 53.126355886191938 ], [ -6.290076286758542, 53.126379580348086 ], [ -6.290056945421476, 53.126397998341851 ], [ -6.290030451327772, 53.126419640182149 ], [ -6.290039813939078, 53.126450784579134 ], [ -6.290008392671673, 53.12649716355893 ], [ -6.290012787679899, 53.126550978091679 ], [ -6.290027455588594, 53.126578873899064 ], [ -6.290056132446856, 53.126617126907988 ], [ -6.290102256583484, 53.126678462805863 ], [ -6.290109932706706, 53.126711740180667 ], [ -6.290103497425019, 53.126755871457746 ], [ -6.290109284175728, 53.126787055264629 ], [ -6.290136747298017, 53.12683104337853 ], [ -6.290234055112025, 53.126882147694801 ], [ -6.290270132470445, 53.12688922739099 ], [ -6.290336905104793, 53.126902321628506 ], [ -6.290512008052317, 53.126927936514967 ], [ -6.290624744790148, 53.126938094415813 ], [ -6.290667947312885, 53.126955073637319 ], [ -6.290830953088248, 53.12709296162123 ], [ -6.290955843754427, 53.127194437639197 ], [ -6.29101356919397, 53.127227444778889 ], [ -6.290967353561511, 53.127246017292975 ], [ -6.29091568783451, 53.127255971684491 ], [ -6.290818505713831, 53.127238936586537 ], [ -6.290538023972447, 53.127225739989356 ], [ -6.290240359238457, 53.127210768804957 ], [ -6.290112263300743, 53.127199401201501 ], [ -6.289911653566417, 53.127161194217258 ], [ -6.289503895534367, 53.127088101754659 ], [ -6.289006961995061, 53.126995030327492 ], [ -6.28844862255342, 53.126905836861404 ], [ -6.288097553269917, 53.126845419277387 ], [ -6.287956975498415, 53.126803937634421 ], [ -6.287728855372563, 53.126729287871221 ], [ -6.287596048099694, 53.126678389885832 ], [ -6.287335803769922, 53.126580985150945 ], [ -6.287069310174955, 53.126485827790191 ], [ -6.286831027641958, 53.126415793888214 ], [ -6.286453064925938, 53.126309682010714 ], [ -6.285945169619628, 53.126167271636639 ], [ -6.285940168841045, 53.126165941254833 ], [ -6.285483732448123, 53.126046741714248 ], [ -6.284980050529172, 53.125934859386625 ], [ -6.2848866277828, 53.12591481032873 ], [ -6.284798217489037, 53.125895836525459 ], [ -6.284784163201222, 53.125892846717448 ], [ -6.284731987503995, 53.125881578486826 ], [ -6.284686651267331, 53.125871846931574 ], [ -6.284684086106611, 53.125871270664483 ], [ -6.284608689343269, 53.125855083684691 ], [ -6.284528784774435, 53.125837573319373 ], [ -6.284032017515674, 53.125728572993481 ], [ -6.283923542352623, 53.125704357585626 ], [ -6.283425139234624, 53.125593173908349 ], [ -6.282970370802929, 53.125494303344404 ], [ -6.282689556703363, 53.125421759098437 ], [ -6.282304233677054, 53.125321460957316 ], [ -6.281837848996608, 53.125208036079115 ], [ -6.281312480813811, 53.125065623175843 ], [ -6.280865629029133, 53.124929196537401 ], [ -6.280718608709729, 53.124885815524287 ], [ -6.280566838231236, 53.124841017453626 ], [ -6.280463302203089, 53.124810489346395 ], [ -6.280274614302017, 53.124739629662336 ], [ -6.280199698287484, 53.124711492245815 ], [ -6.280115959305667, 53.124679001858659 ], [ -6.279834408104796, 53.12456967762121 ], [ -6.279338222504665, 53.124375814572623 ], [ -6.278913194474682, 53.124208595220345 ], [ -6.278676731099195, 53.124115290260633 ], [ -6.278442625238176, 53.124043142549745 ], [ -6.278301781192448, 53.12399337619032 ], [ -6.278195224315068, 53.123945993188329 ], [ -6.278170525836706, 53.123934939733992 ], [ -6.278152240956833, 53.123917597286805 ], [ -6.278121246168643, 53.123888295283656 ], [ -6.278092510375675, 53.123861094180214 ], [ -6.277938371623629, 53.123672261627355 ], [ -6.277836548792958, 53.123521938843879 ], [ -6.277705683242179, 53.123358251556262 ], [ -6.277546433459785, 53.12318327742399 ], [ -6.277289990235389, 53.122939571555897 ], [ -6.277104770585882, 53.122785433569639 ], [ -6.276816028667535, 53.122572900099591 ], [ -6.276603094033769, 53.122421595903866 ], [ -6.276203216864285, 53.122116306690266 ], [ -6.276192543535704, 53.122090445290397 ], [ -6.276103898027324, 53.122023725030779 ], [ -6.276060717123005, 53.122015728257971 ], [ -6.275947877080686, 53.121934635557317 ], [ -6.27559807302289, 53.121656226634293 ], [ -6.275343991963637, 53.121495605259746 ], [ -6.27488667564064, 53.121197210132529 ], [ -6.274427547627493, 53.120888808900396 ], [ -6.274009043343707, 53.120606253235422 ], [ -6.273801172803717, 53.120464366130641 ], [ -6.273631975687187, 53.120369150098561 ], [ -6.273450921503108, 53.120283828847583 ], [ -6.273281439310734, 53.120201911913362 ], [ -6.273256015895999, 53.12019057724234 ], [ -6.273215429321497, 53.120176325169425 ], [ -6.273178428952511, 53.120164822531102 ], [ -6.273158701211225, 53.120158963514442 ], [ -6.272551966944485, 53.119930569180141 ], [ -6.272095396929745, 53.119737340060546 ], [ -6.271769904180579, 53.119603448355271 ], [ -6.271590733301489, 53.119529747514548 ], [ -6.271209272223735, 53.11936277311986 ], [ -6.270948064267797, 53.119248419708995 ], [ -6.270685202916007, 53.119135389954238 ], [ -6.270577758016961, 53.119089155558228 ], [ -6.270471638817585, 53.119043659399587 ], [ -6.270455399401136, 53.119036861889633 ], [ -6.269863231326164, 53.118787093074296 ], [ -6.269794382406956, 53.118758676725918 ], [ -6.269194360988691, 53.118511307120492 ], [ -6.269184178739906, 53.118507114269477 ], [ -6.268999736210066, 53.118411490049226 ], [ -6.268691635960138, 53.118228586182347 ], [ -6.268462154102013, 53.118097789554831 ], [ -6.268335789679157, 53.118025750754214 ], [ -6.268200213425688, 53.117934611324905 ], [ -6.267764696431705, 53.117647830690728 ], [ -6.26722472527684, 53.1172714403911 ], [ -6.266711701575375, 53.116923752612202 ], [ -6.266062252227783, 53.11646666263352 ], [ -6.265792011037877, 53.116305065818935 ], [ -6.265580198766516, 53.116142881669177 ], [ -6.265459710101776, 53.116026162093881 ], [ -6.265210516973195, 53.115797905982724 ], [ -6.265057654133767, 53.115701836916458 ], [ -6.26490633883679, 53.115640845967668 ], [ -6.264686170419473, 53.115579210525787 ], [ -6.264611270066441, 53.115557445100627 ], [ -6.264531247892352, 53.115506841083047 ], [ -6.264515687730818, 53.115489355521987 ], [ -6.264505788889588, 53.11547815542086 ], [ -6.264495650935869, 53.115466772063769 ], [ -6.264491889313219, 53.115428605386427 ], [ -6.264505996345087, 53.115393486567491 ], [ -6.264524451243865, 53.115354385452449 ], [ -6.264590474460526, 53.115302854810515 ], [ -6.264741252799168, 53.11517831452435 ], [ -6.264929813010203, 53.115051807169998 ], [ -6.265006617317446, 53.11498650140237 ], [ -6.265063913641159, 53.114913001412582 ], [ -6.265133827487455, 53.114844358392283 ], [ -6.265164784500495, 53.114782429037554 ], [ -6.26510659053244, 53.114725222467719 ], [ -6.264847507161507, 53.114574483138782 ], [ -6.264301226269772, 53.114353218959536 ], [ -6.264131267576581, 53.114290247294448 ], [ -6.263963772053566, 53.114245647705744 ], [ -6.263822568304806, 53.11419684730388 ], [ -6.263374420381466, 53.114032469745503 ], [ -6.263012010856935, 53.113886959093072 ], [ -6.262609391829724, 53.11370895143903 ], [ -6.262164507748873, 53.113503629640988 ], [ -6.261748010686655, 53.113294135733192 ], [ -6.261298211138368, 53.113061233332708 ], [ -6.260996355024727, 53.112890175004779 ], [ -6.260814617302658, 53.112774353285999 ], [ -6.260471861062939, 53.112539235772871 ], [ -6.260135034228647, 53.112276340663193 ], [ -6.259808884695166, 53.112005420301337 ], [ -6.259670243427477, 53.11188429362111 ], [ -6.259507240872503, 53.111750137721636 ], [ -6.259309253063738, 53.111618975410877 ], [ -6.259141867378323, 53.111483585490419 ], [ -6.2589707700553, 53.111287648830533 ], [ -6.258727526982884, 53.111008140727428 ], [ -6.258534148128907, 53.110796596161585 ], [ -6.258486507605318, 53.110728574748713 ], [ -6.258420971625591, 53.110582090213107 ], [ -6.258418277109243, 53.110575579106147 ], [ -6.258336957265225, 53.110374572462121 ], [ -6.258263234425366, 53.110226439984395 ], [ -6.258208326091535, 53.110091347292077 ], [ -6.258088185932401, 53.109741370420672 ], [ -6.257998574664223, 53.10948954732455 ], [ -6.257921062224186, 53.109337673867913 ], [ -6.25774201525798, 53.109082742815012 ], [ -6.257710875862787, 53.109040141043643 ], [ -6.25757426106084, 53.108853235230264 ], [ -6.257333846556493, 53.108495205524783 ], [ -6.257123121750313, 53.108219495725038 ], [ -6.257039331910384, 53.108076787801565 ], [ -6.25693816282966, 53.107778952535313 ], [ -6.256869391146171, 53.107502534759433 ], [ -6.256813629949314, 53.107413090141314 ], [ -6.256780177467468, 53.107359926951517 ], [ -6.256779250374133, 53.107358475220352 ], [ -6.256772638433176, 53.107347976041673 ], [ -6.256677617284296, 53.107197079327769 ], [ -6.25661467106737, 53.107114721016728 ], [ -6.2564904384213, 53.107009532135152 ], [ -6.256459759835728, 53.10698831847872 ], [ -6.256383304302449, 53.106935424006728 ], [ -6.256232783725438, 53.10684971507736 ], [ -6.256120306118068, 53.106798090319572 ], [ -6.256059834945154, 53.106770327857205 ], [ -6.255854991433681, 53.106666294028976 ], [ -6.255751021489684, 53.106605355723168 ], [ -6.255658130314027, 53.106544669589582 ], [ -6.255565648479674, 53.106470776358321 ], [ -6.255460267453667, 53.106350402546376 ], [ -6.255363305502323, 53.106201567879424 ], [ -6.255239055779262, 53.105999569964318 ], [ -6.255166796591052, 53.105776132680695 ], [ -6.255103225074361, 53.105517677866629 ], [ -6.255016774538771, 53.105188416269854 ], [ -6.254951795631394, 53.104870435341617 ], [ -6.254934122796495, 53.104658854049489 ], [ -6.254944772862897, 53.104471866997834 ], [ -6.254959171814551, 53.104377878229094 ], [ -6.254983670988907, 53.104216981886424 ], [ -6.255023801816554, 53.104025932861028 ], [ -6.255019910584566, 53.103933382804513 ], [ -6.255017264589683, 53.1038101104878 ], [ -6.254981359772198, 53.103692912070755 ], [ -6.25483631069976, 53.103362880856629 ], [ -6.25480175176676, 53.103288488059547 ], [ -6.254710895114719, 53.103092551967563 ], [ -6.254617959825764, 53.102841485167964 ], [ -6.25459786785529, 53.102787079081551 ], [ -6.254594020853379, 53.102778663394552 ], [ -6.254545414125102, 53.102670986056239 ], [ -6.254492975221123, 53.102554533683076 ], [ -6.254401716733645, 53.102256032212821 ], [ -6.254339103829941, 53.10197107399722 ], [ -6.254324111818988, 53.101885012503296 ], [ -6.254307695281264, 53.10183416576794 ], [ -6.254274091890877, 53.101754483612353 ], [ -6.254229501743142, 53.101672392260447 ], [ -6.253986201267658, 53.101323390970592 ], [ -6.253694746154927, 53.10089224526066 ], [ -6.253632005217979, 53.100802157233311 ], [ -6.2534099125202, 53.100483217684783 ], [ -6.253202829198396, 53.100143554882926 ], [ -6.252978261598214, 53.099882824268747 ], [ -6.252775961185448, 53.099613702224524 ], [ -6.252613510175088, 53.099358197322935 ], [ -6.252502692122731, 53.099187224688308 ], [ -6.25241431985911, 53.099051996119613 ], [ -6.252367701141851, 53.098980571377929 ], [ -6.252015380389953, 53.098511224283648 ], [ -6.251713094817508, 53.098077757864608 ], [ -6.251533260261009, 53.097795658849719 ], [ -6.251435606891197, 53.097567531224939 ], [ -6.251345517546747, 53.097335110305735 ], [ -6.251201555190207, 53.096976415874416 ], [ -6.251159974486343, 53.096817336280452 ], [ -6.251153649500302, 53.096693918819042 ], [ -6.251165986670875, 53.096559810583443 ], [ -6.251169675899193, 53.096505303886104 ], [ -6.251201854564437, 53.096483214824651 ], [ -6.251235075537755, 53.096474894330733 ], [ -6.251253419150312, 53.096475074015245 ], [ -6.251281913151735, 53.096495268278048 ], [ -6.251293504634964, 53.09651008982356 ], [ -6.251366948568407, 53.096578943032426 ], [ -6.251529409529567, 53.096706181846457 ], [ -6.251584800468496, 53.096749512058807 ], [ -6.251590714681067, 53.096752475264275 ], [ -6.251817419166358, 53.096865736698902 ], [ -6.25215238210194, 53.09700944170514 ], [ -6.252175139517699, 53.097019213851688 ], [ -6.252222833422373, 53.097033666709088 ], [ -6.252311893172436, 53.097060682634272 ], [ -6.25258735160457, 53.097144096897061 ], [ -6.252614335375617, 53.09714988620815 ], [ -6.252934954676322, 53.097219131815748 ], [ -6.25329790328405, 53.097268054747829 ], [ -6.253889828208151, 53.097307483088088 ], [ -6.254484610467174, 53.097340208140089 ], [ -6.25468927762978, 53.09737745700366 ], [ -6.254892392171655, 53.097437872981807 ], [ -6.255080294090416, 53.097511997664455 ], [ -6.255385920603874, 53.097647533204743 ], [ -6.255562837104712, 53.09772230502076 ], [ -6.255718797132838, 53.097770163547118 ], [ -6.256457774755995, 53.097913484697571 ], [ -6.257317471093923, 53.098096141779394 ], [ -6.257784763996128, 53.098202667816743 ], [ -6.258309538502242, 53.098276685227944 ], [ -6.258708333631986, 53.098356318305292 ], [ -6.259106516530296, 53.098461097074434 ], [ -6.259113798373432, 53.098463012977653 ], [ -6.259380012959907, 53.098519670291033 ], [ -6.259507450489561, 53.098572499676372 ], [ -6.25961753434502, 53.098655545997005 ], [ -6.259763602241556, 53.098783881841989 ], [ -6.259793223387046, 53.098809843118353 ], [ -6.259850866236151, 53.09884034793722 ], [ -6.259894643035327, 53.098863460107154 ], [ -6.260106570493315, 53.098959141702494 ], [ -6.260336905100371, 53.099059585331347 ], [ -6.260499584930745, 53.099176208441165 ], [ -6.260719121958823, 53.099336717920913 ], [ -6.260927420815044, 53.099476658961514 ], [ -6.261283489120574, 53.099678531936007 ], [ -6.261411601834999, 53.099769750691131 ], [ -6.261791638768748, 53.100034084271655 ], [ -6.262096775017311, 53.100191886467243 ], [ -6.262462410169069, 53.100352279004952 ], [ -6.262437388951063, 53.100361890856661 ], [ -6.262424386844232, 53.10044915953366 ], [ -6.262413594032933, 53.100472462701781 ], [ -6.262554630086797, 53.100536543091323 ], [ -6.262653814593052, 53.100581586006051 ], [ -6.262830406531103, 53.10068339821607 ], [ -6.263002933411178, 53.100672073438638 ], [ -6.263068437720203, 53.100672669985734 ], [ -6.263171367458976, 53.100731789106092 ], [ -6.263233849504084, 53.100767666954781 ], [ -6.263323006657814, 53.10082316933093 ], [ -6.263378523145911, 53.100857687067943 ], [ -6.263399702789799, 53.10087615280289 ], [ -6.263463481041222, 53.100934880100937 ], [ -6.263536679379916, 53.100909611145944 ], [ -6.263472629463263, 53.100851509114555 ], [ -6.263444475056408, 53.100825750856409 ], [ -6.263402417369719, 53.100799609937376 ], [ -6.263293312816296, 53.1007316812141 ], [ -6.263281994439044, 53.100725224123856 ], [ -6.263002458872711, 53.100564652747302 ], [ -6.263118377991477, 53.100558165163832 ], [ -6.263306013772393, 53.100505084408752 ], [ -6.263193286094657, 53.100233601522504 ], [ -6.262784347869219, 53.100022961966367 ], [ -6.26272645548583, 53.100016903539888 ], [ -6.262676007315022, 53.099893383032331 ], [ -6.26236408807194, 53.099262144224667 ], [ -6.26222319877148, 53.098947013744123 ], [ -6.262186180857127, 53.098850924122559 ], [ -6.26206928377053, 53.098551784591692 ], [ -6.262036637545248, 53.09837171492083 ], [ -6.26204205068157, 53.098203797081915 ], [ -6.262085338752192, 53.097961018348002 ], [ -6.262140655227307, 53.097791549810445 ], [ -6.262217705257107, 53.097555497558758 ], [ -6.262268870696372, 53.097419449433822 ], [ -6.262277850746162, 53.097395569707786 ], [ -6.262429349464314, 53.097101967356018 ], [ -6.262548218102836, 53.096881504747238 ], [ -6.262682517798681, 53.09670593992535 ], [ -6.262696308052503, 53.096693827069593 ], [ -6.262874718555584, 53.096536074856814 ], [ -6.263013688484882, 53.096443273425081 ], [ -6.263121707601993, 53.096394155200308 ], [ -6.263317442044014, 53.096350540706446 ], [ -6.263571145811162, 53.096323142046892 ], [ -6.26360591166024, 53.096322301073698 ], [ -6.263618487381462, 53.096321945265856 ], [ -6.263687160089466, 53.096320160863648 ], [ -6.26374843459223, 53.096318538132778 ], [ -6.263788995804881, 53.096317512009122 ], [ -6.263835805965923, 53.096320352192663 ], [ -6.263844160840672, 53.096320833625498 ], [ -6.263886286612783, 53.096323785214686 ], [ -6.263911588127558, 53.096325502610362 ], [ -6.264003077600617, 53.09632899454796 ], [ -6.264091465030664, 53.096314733910368 ], [ -6.264247617964687, 53.096250855777399 ], [ -6.264641983453523, 53.095987488646337 ], [ -6.264781603946489, 53.095872222631833 ], [ -6.26494823239949, 53.09573461035837 ], [ -6.265027474857392, 53.095669070497948 ], [ -6.265378062565024, 53.09540074823034 ], [ -6.265438692603205, 53.095363070647039 ], [ -6.265561725961329, 53.095286573635249 ], [ -6.265721921346114, 53.095213853047014 ], [ -6.266164142901763, 53.095046278018422 ], [ -6.266227046476526, 53.095022475381896 ], [ -6.26624604616786, 53.095016016255116 ], [ -6.266419960823668, 53.094956882921224 ], [ -6.266468443471803, 53.095012688426962 ], [ -6.266500002732574, 53.095049013891973 ], [ -6.266487611109336, 53.095164246899913 ], [ -6.266488056514548, 53.095254229590573 ], [ -6.266487823763242, 53.09535888863234 ], [ -6.266487803401466, 53.095367751848023 ], [ -6.266518756818249, 53.095421864714162 ], [ -6.266572574185246, 53.095495456029681 ], [ -6.266619847194273, 53.095538840679389 ], [ -6.266634215896721, 53.095552083233081 ], [ -6.266654053140228, 53.095570259204059 ], [ -6.266659157260088, 53.095575008444555 ], [ -6.266685300326019, 53.095592557184794 ], [ -6.266773088106168, 53.095651362839845 ], [ -6.266993392651109, 53.095783737222966 ], [ -6.267223550625116, 53.095894682385378 ], [ -6.267374087707166, 53.095982625908526 ], [ -6.267485581712349, 53.096036922420112 ], [ -6.267578058602285, 53.096110896328085 ], [ -6.267593167668933, 53.096127205612852 ], [ -6.267633881563188, 53.096171393200898 ], [ -6.267676599135913, 53.096217857054789 ], [ -6.267731456387284, 53.096317710125675 ], [ -6.267750466467125, 53.096399423096933 ], [ -6.26775182743479, 53.096432970720542 ], [ -6.267752425907068, 53.096445653144926 ], [ -6.267739342067304, 53.096464788749664 ], [ -6.267713566820404, 53.096502434678477 ], [ -6.267675833397353, 53.096534244699114 ], [ -6.267657472867654, 53.096549797086411 ], [ -6.267649318034345, 53.096556599477481 ], [ -6.267611082047054, 53.096573301568114 ], [ -6.267609203456423, 53.096574083180137 ], [ -6.267556303750319, 53.096597132447961 ], [ -6.26735345141049, 53.096634088690301 ], [ -6.26722121215154, 53.096645466110274 ], [ -6.267048805630394, 53.096654191106758 ], [ -6.26701171829155, 53.096666864931656 ], [ -6.266974272006064, 53.096688431183665 ], [ -6.266929653890252, 53.0967076458642 ], [ -6.266846913138741, 53.096737721534325 ], [ -6.266730857906029, 53.096772345449438 ], [ -6.26665188231024, 53.096815957601244 ], [ -6.266590606644633, 53.096860457617879 ], [ -6.266570403127812, 53.09690348854874 ], [ -6.266549513926463, 53.096942105147647 ], [ -6.266544851368676, 53.096950845909689 ], [ -6.266548638818862, 53.096960788375142 ], [ -6.266561817326182, 53.096994508158105 ], [ -6.266567613668446, 53.097009603301828 ], [ -6.266592877272908, 53.097091946860793 ], [ -6.266595116711855, 53.097112833582386 ], [ -6.266604341023101, 53.097195842346771 ], [ -6.266616520510581, 53.097266670762991 ], [ -6.266617334275127, 53.097270907187443 ], [ -6.266618925061786, 53.097280368230479 ], [ -6.266638593582853, 53.097311934525443 ], [ -6.266663473352065, 53.097351757109969 ], [ -6.266668620641485, 53.097358483536112 ], [ -6.266741877159012, 53.097454110823755 ], [ -6.266749955301003, 53.097464565198052 ], [ -6.266759005447796, 53.097469191237423 ], [ -6.266840095024314, 53.097510911074863 ], [ -6.266861688271223, 53.097537472730075 ], [ -6.266894554933439, 53.097577770223069 ], [ -6.266909366031185, 53.097583109343084 ], [ -6.266941297967597, 53.097594541189856 ], [ -6.266963727682514, 53.097606462938174 ], [ -6.266990016522421, 53.097620418341087 ], [ -6.267069841353005, 53.097662928559593 ], [ -6.267225427597132, 53.097711215899992 ], [ -6.267389279710923, 53.097737690672027 ], [ -6.267464323289677, 53.097773109233103 ], [ -6.267490087179721, 53.097785269977493 ], [ -6.267528392124385, 53.097806680840051 ], [ -6.26761921767766, 53.097857440437743 ], [ -6.267773510636255, 53.097941033718136 ], [ -6.267899250458311, 53.098008750172241 ], [ -6.268023926046217, 53.09810296781567 ], [ -6.268098069479907, 53.098176584547538 ], [ -6.268113528194767, 53.098251684177491 ], [ -6.268133828971926, 53.098298181130758 ], [ -6.26804522506134, 53.098415900440557 ], [ -6.268001103954225, 53.098419662633262 ], [ -6.267962896256336, 53.098463240705811 ], [ -6.267950615488609, 53.098496050456795 ], [ -6.267850739478704, 53.0985233597698 ], [ -6.267819323388648, 53.098563441274493 ], [ -6.267814001533835, 53.098570195028906 ], [ -6.267788554623722, 53.098602723233427 ], [ -6.267773886779332, 53.09862138546162 ], [ -6.267669699208922, 53.098664003005496 ], [ -6.267626630226157, 53.098684498885859 ], [ -6.267593982943243, 53.098700023952318 ], [ -6.267539234044515, 53.098726102373114 ], [ -6.267467591762388, 53.098780249326254 ], [ -6.267461141982031, 53.098854941091354 ], [ -6.267450674531901, 53.098940719136252 ], [ -6.26744702902301, 53.099037563301934 ], [ -6.267477047563098, 53.099115032210896 ], [ -6.26748711554557, 53.0992384130669 ], [ -6.267522467330014, 53.099373216897739 ], [ -6.267545723946452, 53.099392162450215 ], [ -6.267547273370194, 53.09939344338904 ], [ -6.267601506922299, 53.099413917603492 ], [ -6.267625642744929, 53.099453908899427 ], [ -6.267634296323704, 53.099468416383644 ], [ -6.267645609416203, 53.099487277035585 ], [ -6.267711853002573, 53.099598171809212 ], [ -6.267776786670472, 53.09972019314533 ], [ -6.267845494885583, 53.099824921685084 ], [ -6.267898880265068, 53.099894102575277 ], [ -6.267972233130444, 53.099981370274499 ], [ -6.268032419813113, 53.100037615947286 ], [ -6.26810531776338, 53.10010555178588 ], [ -6.268181523625627, 53.100161670971616 ], [ -6.268262649402211, 53.100199525277681 ], [ -6.268372471739101, 53.10024669565113 ], [ -6.2684843941185, 53.100308997060075 ], [ -6.268526202142159, 53.100338369273445 ], [ -6.26858226475751, 53.100377745367943 ], [ -6.26864436972232, 53.10044147993419 ], [ -6.268667330817971, 53.100486216887361 ], [ -6.268693941108004, 53.100663949572024 ], [ -6.268694348206502, 53.100748897165488 ], [ -6.268845489499, 53.100822285251319 ], [ -6.26888671553452, 53.100853895975106 ], [ -6.268981932172139, 53.100915144924109 ], [ -6.269032183272301, 53.100945898143081 ], [ -6.269086337873674, 53.100999089333129 ], [ -6.269112102723701, 53.101056811225028 ], [ -6.269104103616932, 53.101121053013138 ], [ -6.269026926644722, 53.101196423001618 ], [ -6.26895269453534, 53.101253679127055 ], [ -6.268885589635047, 53.101329735737757 ], [ -6.268866917739773, 53.101346901700431 ], [ -6.268788070930142, 53.101374878165061 ], [ -6.26864087423152, 53.101427117725905 ], [ -6.268631234929414, 53.101427876332032 ], [ -6.268555509333621, 53.101424167958939 ], [ -6.268453963647733, 53.101416218826181 ], [ -6.268397845130927, 53.101408839822788 ], [ -6.268378449534596, 53.101407209338227 ], [ -6.268326655691122, 53.101402590659312 ], [ -6.268276903924675, 53.101399260054997 ], [ -6.26821631216445, 53.101392895384535 ], [ -6.268073506047667, 53.101390996939998 ], [ -6.267940136736448, 53.101374944049397 ], [ -6.267788604977326, 53.101369502657562 ], [ -6.267730094748487, 53.10136649376031 ], [ -6.267613653859272, 53.101355271019848 ], [ -6.267513975118364, 53.101398941917765 ], [ -6.267492738419911, 53.101421644062746 ], [ -6.267455614036324, 53.101459664909342 ], [ -6.267398211916698, 53.101527142266995 ], [ -6.267330524555026, 53.101574695277165 ], [ -6.267219609324911, 53.101698740572871 ], [ -6.267211745506869, 53.101713546885904 ], [ -6.267075092013683, 53.101720994929941 ], [ -6.266915065135209, 53.101724597839699 ], [ -6.266723261935011, 53.1017434666052 ], [ -6.266508995219058, 53.101717515059605 ], [ -6.266480195874811, 53.101704690603185 ], [ -6.266078914069067, 53.101642845695075 ], [ -6.265529352712509, 53.101510075895149 ], [ -6.26556752765404, 53.102174619424638 ], [ -6.265762724927154, 53.102184744756471 ], [ -6.265744553845774, 53.102293511569769 ], [ -6.265737855709101, 53.102343660255556 ], [ -6.265749679323495, 53.102371248208307 ], [ -6.265769532206347, 53.102422772540535 ], [ -6.265774410422838, 53.102445404620141 ], [ -6.265802531622931, 53.102478173705279 ], [ -6.265860329288309, 53.102526475808375 ], [ -6.265915253251258, 53.102578870692362 ], [ -6.265873371270105, 53.102618708403412 ], [ -6.265795925053304, 53.102633220651413 ], [ -6.265713209887289, 53.102613318416189 ], [ -6.265637613711135, 53.102575723654198 ], [ -6.265611449867506, 53.102561679017811 ], [ -6.265580317016241, 53.102548641468957 ], [ -6.265485008921369, 53.102550937664461 ], [ -6.265425635973318, 53.102566251493734 ], [ -6.265396514638051, 53.102561422698422 ], [ -6.265356361548363, 53.10256748978216 ], [ -6.265334608046316, 53.102569329928357 ], [ -6.265235362159058, 53.102559253459887 ], [ -6.265140589974759, 53.102560478578475 ], [ -6.265109242127989, 53.102568112090552 ], [ -6.265080927725184, 53.102573811460402 ], [ -6.265042089485942, 53.102593109720075 ], [ -6.265006053197472, 53.102616224861848 ], [ -6.264930380508485, 53.102650895619533 ], [ -6.264820591186164, 53.102691631361594 ], [ -6.264634743576188, 53.1027368307807 ], [ -6.264555864562174, 53.102786915570796 ], [ -6.264483385308906, 53.102815700243035 ], [ -6.264147356729015, 53.102956324987332 ], [ -6.264011530328082, 53.103062386637113 ], [ -6.263878956109862, 53.103179461480401 ], [ -6.263783828256963, 53.103275060803327 ], [ -6.263756663428385, 53.103316461655929 ], [ -6.263682063389555, 53.103449842196483 ], [ -6.26365516101513, 53.103484685290951 ], [ -6.263576068958935, 53.103543035702067 ], [ -6.263391742199168, 53.103672657787847 ], [ -6.263361410839531, 53.103700889215794 ], [ -6.263246503873503, 53.103932735753823 ], [ -6.263167802196113, 53.10407918014613 ], [ -6.263003862904137, 53.104347793566859 ], [ -6.262957939794906, 53.104402223349034 ], [ -6.262876179632523, 53.104431950209175 ], [ -6.262685383711617, 53.104541613230282 ], [ -6.262490003152918, 53.104673319689233 ], [ -6.262466933882745, 53.104701656917427 ], [ -6.262375122518907, 53.105002063005614 ], [ -6.262261577481119, 53.10539239744481 ], [ -6.26211627399053, 53.105751527533855 ], [ -6.262109575438299, 53.105774080593477 ], [ -6.262105029726371, 53.105789025812349 ], [ -6.261961375943655, 53.106269076150888 ], [ -6.261933438676033, 53.106332576879652 ], [ -6.261734622659226, 53.106457580508426 ], [ -6.261735545872297, 53.106627118717554 ], [ -6.261782994523068, 53.10682816770835 ], [ -6.261845774831771, 53.10700957523283 ], [ -6.261998968732249, 53.107518049606163 ], [ -6.262059547500803, 53.107952633697984 ], [ -6.26205654606546, 53.108130924116338 ], [ -6.262217647202523, 53.108428191744494 ], [ -6.262488440988944, 53.108828182328686 ], [ -6.262679704359841, 53.109101620819033 ], [ -6.262750696088247, 53.109161982585491 ], [ -6.262881273752539, 53.109293683374673 ], [ -6.262930613991918, 53.109347166548375 ], [ -6.262991801307169, 53.109473539960945 ], [ -6.263118938170791, 53.109543888217864 ], [ -6.263277550668302, 53.10992767838389 ], [ -6.263545571462338, 53.110134012293273 ], [ -6.263567788523268, 53.110169661888619 ], [ -6.263669178827501, 53.110255363650893 ], [ -6.263999422674277, 53.110571725644633 ], [ -6.264038592579968, 53.110608611149424 ], [ -6.264340791723843, 53.110893372324597 ], [ -6.264680585831385, 53.111150277401947 ], [ -6.265246748716961, 53.111620363703658 ], [ -6.265429501659922, 53.111567298114522 ], [ -6.265990965593038, 53.111930978255906 ], [ -6.266137237047618, 53.111801695692627 ], [ -6.266524829432896, 53.111878441783915 ], [ -6.266774423925489, 53.111937086883948 ], [ -6.26710109572211, 53.111929528593258 ], [ -6.267301817119301, 53.111965798872006 ], [ -6.26756375737208, 53.11204835148488 ], [ -6.268050467604168, 53.111519805680601 ], [ -6.268476646833443, 53.111056354155807 ], [ -6.268608086006261, 53.110915707165461 ], [ -6.268887229533563, 53.110901161599301 ], [ -6.2690018497982, 53.110912356431946 ], [ -6.269427008524759, 53.110983166892673 ], [ -6.269596412595265, 53.111056730236321 ], [ -6.269684986282183, 53.111121387281187 ], [ -6.269728669571315, 53.111171819130746 ], [ -6.26972807532248, 53.111600835225396 ], [ -6.269504675377145, 53.111948321000867 ], [ -6.26941299021539, 53.112145186256249 ], [ -6.269313515086943, 53.112391823921193 ], [ -6.269309165964498, 53.112567576957659 ], [ -6.269384968727939, 53.11282143817688 ], [ -6.268919880839496, 53.113486480225561 ], [ -6.269270371947104, 53.113757369540352 ], [ -6.26947504443148, 53.114088158735953 ], [ -6.269593530346823, 53.114868471950025 ], [ -6.269961444360431, 53.115184554473586 ], [ -6.269962158172039, 53.115185194038474 ], [ -6.269965634484226, 53.115184525494271 ], [ -6.270346567344241, 53.115108895541347 ], [ -6.270520064791419, 53.115120854543008 ], [ -6.270580814485155, 53.114970279701545 ], [ -6.270600595279468, 53.114937939156484 ], [ -6.270796790734547, 53.114777287678116 ], [ -6.270891180189679, 53.114694166029999 ], [ -6.270961635033658, 53.114716223349788 ], [ -6.271710032529883, 53.114885021283733 ], [ -6.271785681148099, 53.114891244027895 ], [ -6.271951907239051, 53.114906331194611 ], [ -6.272796494776532, 53.114959488674899 ], [ -6.272999879453289, 53.11499120286134 ] ], [ [ -6.261917939945314, 53.102369644254289 ], [ -6.261922935532689, 53.102371239860787 ], [ -6.261917939956462, 53.102369644257855 ], [ -6.261917939945314, 53.102369644254289 ] ] ], [ [ [ -6.266676030051809, 53.091622875500285 ], [ -6.266666596957895, 53.091667591390454 ], [ -6.266678343008846, 53.091694008782916 ], [ -6.266697032405983, 53.091740662354617 ], [ -6.26683970802789, 53.091830829194869 ], [ -6.26707273890158, 53.092035207649985 ], [ -6.267199039824539, 53.092131427495403 ], [ -6.267360255046381, 53.092226088237346 ], [ -6.267494845945512, 53.09234894440651 ], [ -6.267576804296665, 53.092411709463406 ], [ -6.26766598699388, 53.09247242240528 ], [ -6.267708194145039, 53.092519238404677 ], [ -6.267721375232323, 53.092558980386798 ], [ -6.267716921596958, 53.092580937264955 ], [ -6.267668262526563, 53.092608902962745 ], [ -6.267567197879767, 53.092669183198346 ], [ -6.267484966294122, 53.092714367294846 ], [ -6.26737688605979, 53.092860385862892 ], [ -6.267283659300573, 53.09300446428913 ], [ -6.26725418417664, 53.093109741109004 ], [ -6.267255345260511, 53.093175824050583 ], [ -6.267234155488636, 53.093252638227028 ], [ -6.267239100209723, 53.093316529149682 ], [ -6.267273955952978, 53.093365485360358 ], [ -6.267362383288591, 53.093448119338227 ], [ -6.267479486086875, 53.093546541903322 ], [ -6.26752854890503, 53.093606670793591 ], [ -6.267569197452374, 53.093695351224689 ], [ -6.26759211675145, 53.093737930624457 ], [ -6.267650556798622, 53.093846644635185 ], [ -6.267640283810739, 53.09385099020588 ], [ -6.267415627920863, 53.093961964469663 ], [ -6.267271761822849, 53.094060631154676 ], [ -6.267081638326665, 53.094200961453829 ], [ -6.26684514803963, 53.094416299816196 ], [ -6.266768696882606, 53.094498745658939 ], [ -6.266687576851387, 53.094586226191311 ], [ -6.266629132316684, 53.094649193788648 ], [ -6.266544487701289, 53.094760409026357 ], [ -6.266472677529453, 53.094818867391027 ], [ -6.266425286054333, 53.094845861429221 ], [ -6.266339450068164, 53.09489476739332 ], [ -6.266160644736106, 53.094955621647962 ], [ -6.265991115819134, 53.095019829575442 ], [ -6.265648268669275, 53.095149679771069 ], [ -6.265475657066302, 53.095227970992525 ], [ -6.265434475297798, 53.095253617900248 ], [ -6.265420231963246, 53.095028368170141 ], [ -6.265420098498833, 53.095026266521906 ], [ -6.265420625968411, 53.09490294992866 ], [ -6.265454513218246, 53.094835130735596 ], [ -6.265519799216209, 53.094755185361969 ], [ -6.265595824003689, 53.094662362315759 ], [ -6.265626717797695, 53.094613824620055 ], [ -6.265636025636478, 53.09455697258317 ], [ -6.26561525695054, 53.094509929021648 ], [ -6.265568827959668, 53.094436444932413 ], [ -6.265548364489099, 53.094400191951401 ], [ -6.265498738791281, 53.094323515279122 ], [ -6.265493123955718, 53.094279389110923 ], [ -6.265509509752961, 53.094233336509916 ], [ -6.265595629184978, 53.094082414515242 ], [ -6.265675930201345, 53.093944531700714 ], [ -6.265742242536759, 53.093820645821637 ], [ -6.265770503012237, 53.093715082904552 ], [ -6.265836613983847, 53.093605395796864 ], [ -6.265886138986159, 53.093519198268069 ], [ -6.265940462805836, 53.093414733301799 ], [ -6.265977008682449, 53.093308301443102 ], [ -6.265987119446338, 53.093273310209668 ], [ -6.266007753523857, 53.093201904587161 ], [ -6.266011486296169, 53.093188985942945 ], [ -6.266053476333795, 53.093091082539033 ], [ -6.266125281737775, 53.092971412076118 ], [ -6.266173042573924, 53.092883120478533 ], [ -6.26621726466194, 53.092800171273915 ], [ -6.266253657305001, 53.092737331105589 ], [ -6.266333346820438, 53.092663527526888 ], [ -6.266404314981918, 53.092592203489936 ], [ -6.266446692960877, 53.092506080476475 ], [ -6.266480523097138, 53.092350710798158 ], [ -6.26649091075549, 53.092208752837777 ], [ -6.266513779768915, 53.092123873628509 ], [ -6.266535485877922, 53.092067921201675 ], [ -6.266534774647368, 53.091966159717224 ], [ -6.266504218832682, 53.091883828849568 ], [ -6.266469518140351, 53.091775909472915 ], [ -6.266456553138851, 53.091712440960393 ], [ -6.26652318573436, 53.091690759857556 ], [ -6.26655790562927, 53.091715445491637 ], [ -6.266638153374429, 53.091642997214109 ], [ -6.266676030051809, 53.091622875500285 ] ] ], [ [ [ -6.265750619516774, 53.092393647398019 ], [ -6.265780270234665, 53.092305542329697 ], [ -6.265767597661574, 53.09222257215297 ], [ -6.265816088474533, 53.092103910342708 ], [ -6.265855540234222, 53.092004801504743 ], [ -6.266057235520298, 53.09179399160211 ], [ -6.266295283019034, 53.091757101044628 ], [ -6.266406561851749, 53.091733734379638 ], [ -6.266416395160572, 53.091780169089922 ], [ -6.266451532501705, 53.091889443112578 ], [ -6.266481084205902, 53.091969152713951 ], [ -6.266481799754767, 53.092064712227526 ], [ -6.26643666840806, 53.092151963643246 ], [ -6.266437307101193, 53.092206533776299 ], [ -6.266432362324221, 53.092363222210878 ], [ -6.266394380383892, 53.092499296094374 ], [ -6.266358810139486, 53.092569248268305 ], [ -6.266301065979627, 53.092645529726866 ], [ -6.266225599261509, 53.09270618178099 ], [ -6.266167091367171, 53.092789192490883 ], [ -6.26612154560923, 53.092874460287675 ], [ -6.266074171332008, 53.092962308075208 ], [ -6.265991730010352, 53.093086137980428 ], [ -6.265958771859057, 53.09318300447994 ], [ -6.265873749496675, 53.093401626694174 ], [ -6.265829767224505, 53.093500040308292 ], [ -6.26577122094489, 53.093596173410155 ], [ -6.26572292789991, 53.093703782268904 ], [ -6.265689933592919, 53.093813771308895 ], [ -6.265624691270844, 53.093935515526091 ], [ -6.265544249671667, 53.094073845680846 ], [ -6.265454256909906, 53.094241429706223 ], [ -6.265440946615515, 53.094302897387458 ], [ -6.265446738469988, 53.094342621795846 ], [ -6.265497611822414, 53.094409699029654 ], [ -6.265517958618111, 53.094445770549875 ], [ -6.265563682840198, 53.094518435426174 ], [ -6.265526061687839, 53.094565796435752 ], [ -6.265573900989483, 53.094607302199229 ], [ -6.265546029621002, 53.094651120054536 ], [ -6.265470912805584, 53.09474278780538 ], [ -6.265403942334818, 53.094824775943117 ], [ -6.265366976167559, 53.094898752274112 ], [ -6.265366485174884, 53.095027282703107 ], [ -6.265366707933149, 53.095029169031307 ], [ -6.265392589961735, 53.095247794052561 ], [ -6.26528036965274, 53.095349437320138 ], [ -6.264924192440131, 53.095621992262444 ], [ -6.264843379012382, 53.09568679007193 ], [ -6.264666641840478, 53.095806277880648 ], [ -6.264629334429564, 53.095854991453884 ], [ -6.264508515041975, 53.095949857148398 ], [ -6.264451020882366, 53.09597688284137 ], [ -6.264161942882424, 53.09619162964507 ], [ -6.264036844971741, 53.096242837557803 ], [ -6.263989985426109, 53.096250423338937 ], [ -6.263906912147069, 53.096255053899135 ], [ -6.26387752969012, 53.096256782461055 ], [ -6.263860072330018, 53.096234595041693 ], [ -6.263849740348027, 53.096218984161865 ], [ -6.263844906841626, 53.096204442231809 ], [ -6.263780955233293, 53.096196048767816 ], [ -6.2636882571719, 53.096225616534852 ], [ -6.263556905783593, 53.096245542765736 ], [ -6.263519798660084, 53.096249495518641 ], [ -6.263510643564551, 53.096250530423013 ], [ -6.263370120786401, 53.096265737604682 ], [ -6.263283287336226, 53.096275076736482 ], [ -6.263058925587795, 53.096324995791342 ], [ -6.263058863422576, 53.096325019152772 ], [ -6.26292574587133, 53.096385617736829 ], [ -6.262772458136011, 53.096487987689137 ], [ -6.262581894212309, 53.096677891086046 ], [ -6.262531698870891, 53.096749560221149 ], [ -6.262328531768339, 53.097039552611385 ], [ -6.262313984120212, 53.097074083257141 ], [ -6.262313721534945, 53.097074114477756 ], [ -6.262111829446163, 53.097545232595358 ], [ -6.262049782128347, 53.09774757696924 ], [ -6.261986756083888, 53.097953106903574 ], [ -6.261944340070409, 53.098302593086544 ], [ -6.26194399916174, 53.098348832802976 ], [ -6.261943432299951, 53.098425903210192 ], [ -6.261980011049904, 53.098624546555435 ], [ -6.262009487081514, 53.098715222914805 ], [ -6.262129946971374, 53.099020706443383 ], [ -6.262301741918495, 53.099421589632136 ], [ -6.262489134680471, 53.099796184334174 ], [ -6.262535665590943, 53.099891603768356 ], [ -6.262652395416684, 53.10013087631642 ], [ -6.262663956050221, 53.100164667287238 ], [ -6.262410201579333, 53.100240839229393 ], [ -6.262382264884963, 53.100249386513362 ], [ -6.262153194939348, 53.100148935740194 ], [ -6.261855899320853, 53.099995203125111 ], [ -6.261687327097415, 53.099877956549335 ], [ -6.261480779579083, 53.099734177426704 ], [ -6.261349550176672, 53.099640846765524 ], [ -6.260992518592902, 53.099438419705045 ], [ -6.260788056888329, 53.099301052523217 ], [ -6.260569479450626, 53.099141186388167 ], [ -6.260399254847552, 53.099019239779331 ], [ -6.260250722887076, 53.098954452146167 ], [ -6.260160449262338, 53.09891507614212 ], [ -6.259951906389641, 53.098820972168298 ], [ -6.259941171284209, 53.098815332241514 ], [ -6.259861701996114, 53.098773271837715 ], [ -6.259690654574841, 53.098622997618065 ], [ -6.259570050208009, 53.098532067428089 ], [ -6.259447093694773, 53.098481101341171 ], [ -6.259421535270376, 53.098470480673441 ], [ -6.259147138874018, 53.098412085838945 ], [ -6.258740820631419, 53.098305199019073 ], [ -6.258334327683812, 53.098224015231629 ], [ -6.258231421719759, 53.098209490207132 ], [ -6.258148178442316, 53.098197740907374 ], [ -6.257811268156257, 53.098150292686583 ], [ -6.257348735523035, 53.098044825189234 ], [ -6.257276076109125, 53.098029379608278 ], [ -6.256767219991141, 53.097921253971926 ], [ -6.256102959056578, 53.097791164133405 ], [ -6.255753611310311, 53.09771943870193 ], [ -6.255609815635888, 53.097675353918731 ], [ -6.255345908828671, 53.097561913941909 ], [ -6.255314211460915, 53.097547786761638 ], [ -6.255280335702181, 53.097532728788067 ], [ -6.255132238819587, 53.0974670970296 ], [ -6.255060837713779, 53.097438904914128 ], [ -6.254937548941099, 53.097390266232388 ], [ -6.254722753603486, 53.097326353286107 ], [ -6.254502066524879, 53.097286262844271 ], [ -6.253899052443859, 53.097253057549935 ], [ -6.253312903436228, 53.097213983683744 ], [ -6.252960242257357, 53.097166470209871 ], [ -6.252623261729377, 53.097093748574601 ], [ -6.252222120923839, 53.096972264106029 ], [ -6.25187287801513, 53.096822327245881 ], [ -6.251650639486873, 53.096711288762691 ], [ -6.25143815968612, 53.096544933489753 ], [ -6.25137769634466, 53.096511327000727 ], [ -6.251326980918257, 53.096465099197836 ], [ -6.251307484104224, 53.096456019273013 ], [ -6.25130936228879, 53.09644564541496 ], [ -6.251263597949405, 53.096420900876588 ], [ -6.251240566455527, 53.096403834874032 ], [ -6.251229828515982, 53.096384501070105 ], [ -6.251209111352042, 53.096343806023768 ], [ -6.251202995301132, 53.096342029007083 ], [ -6.251200965396919, 53.096325990709403 ], [ -6.251222019167418, 53.096313985907209 ], [ -6.251274757347939, 53.096292109976332 ], [ -6.251313674547896, 53.096280008126534 ], [ -6.251350808232353, 53.096275430371279 ], [ -6.251436645857592, 53.096290713709841 ], [ -6.251561955038571, 53.096322756190347 ], [ -6.251794598258051, 53.096380645189917 ], [ -6.252020603659185, 53.096429088218926 ], [ -6.252288120529836, 53.096486499767316 ], [ -6.252458280042482, 53.096527200628259 ], [ -6.252558207485738, 53.096535229634824 ], [ -6.252681831904134, 53.096578482669074 ], [ -6.252721672725644, 53.096595246905473 ], [ -6.252729542395632, 53.096598598304915 ], [ -6.2528336726668, 53.09662448685463 ], [ -6.253217503093762, 53.096732411350267 ], [ -6.253417640413836, 53.096784067369555 ], [ -6.253593164645554, 53.096801834854652 ], [ -6.253614998191508, 53.096804042854053 ], [ -6.253691511455274, 53.096812446361845 ], [ -6.25384829908408, 53.096836678960699 ], [ -6.253917571844061, 53.096823134104604 ], [ -6.253941179897208, 53.096821053617404 ], [ -6.25398734298481, 53.096797281423093 ], [ -6.254269215840434, 53.09679836076792 ], [ -6.254532057124274, 53.096797991793672 ], [ -6.254617691466645, 53.096790978445455 ], [ -6.254684948169552, 53.096778572075166 ], [ -6.254775247364983, 53.096762818335101 ], [ -6.254868968037767, 53.09674163084027 ], [ -6.254984127837956, 53.096720219249455 ], [ -6.255099586625845, 53.096712744052702 ], [ -6.25526838926621, 53.096704881466472 ], [ -6.255328462938675, 53.09670863853998 ], [ -6.255418022676308, 53.096714176134093 ], [ -6.255581982956658, 53.09672556910823 ], [ -6.255737027620161, 53.096738088659684 ], [ -6.255831425188658, 53.09674585408461 ], [ -6.255972362066176, 53.096693089173719 ], [ -6.255992618156773, 53.096685566076552 ], [ -6.255995222005184, 53.096679042658792 ], [ -6.256018078658313, 53.096668141154886 ], [ -6.256111878767599, 53.096648033364382 ], [ -6.256441889684415, 53.096612959401561 ], [ -6.256552083853426, 53.096607742662478 ], [ -6.256683590064323, 53.096605444694383 ], [ -6.256830594324352, 53.096591418950219 ], [ -6.257085569408815, 53.096557131595247 ], [ -6.257361805798157, 53.096508683626183 ], [ -6.25770884874189, 53.096439160115501 ], [ -6.257993729901191, 53.096380949949022 ], [ -6.258140577002401, 53.096346425701491 ], [ -6.258234602023169, 53.096335937192784 ], [ -6.258396217408381, 53.096329134380994 ], [ -6.259998523938267, 53.095975232200068 ], [ -6.260243228874672, 53.095709960709044 ], [ -6.260434383349232, 53.0955936563455 ], [ -6.260460616155338, 53.095560062548387 ], [ -6.260576048309002, 53.095583681740656 ], [ -6.261390188040072, 53.095753588401877 ], [ -6.26139793839324, 53.095723805126667 ], [ -6.262092171514514, 53.095167797252373 ], [ -6.262431278216392, 53.094903154853576 ], [ -6.262808907149192, 53.094423397632127 ], [ -6.263080001821914, 53.094364450103917 ], [ -6.263902955030008, 53.093576661044175 ], [ -6.264246470653916, 53.093572687416618 ], [ -6.264822722232637, 53.092978996215464 ], [ -6.265295536247169, 53.093050799932975 ], [ -6.265410561341452, 53.092967287706209 ], [ -6.265502290076221, 53.092814649838758 ], [ -6.265560671859371, 53.092808310043281 ], [ -6.265750619516774, 53.092393647398019 ] ] ] ] } },
{ "type": "Feature", "properties": { "cdRbapsId": "AVO_2025_34", "color_id": 17 }, "geometry": { "type": "MultiPolygon", "coordinates": [ [ [ [ -6.286414959937506, 53.062633075590661 ], [ -6.286401993305976, 53.062649697249 ], [ -6.286467164450666, 53.062663400541972 ], [ -6.286550074676889, 53.062667381206396 ], [ -6.286699749138396, 53.062679064748835 ], [ -6.286720951404502, 53.062681257688944 ], [ -6.286777249812356, 53.062689079503819 ], [ -6.286804036576181, 53.062699442478646 ], [ -6.286837606592996, 53.062718712734352 ], [ -6.286907815774866, 53.062766733510223 ], [ -6.287027333879662, 53.062837487831622 ], [ -6.287029246579513, 53.062854413697004 ], [ -6.28714349085422, 53.062834756039472 ], [ -6.287231061194155, 53.062857768996473 ], [ -6.287151236792853, 53.062971404220775 ], [ -6.287236364528832, 53.06298773053436 ], [ -6.287276059708621, 53.062995313956918 ], [ -6.287326501202841, 53.063008084725972 ], [ -6.28744115246963, 53.063037150143003 ], [ -6.287486398668436, 53.063047509948355 ], [ -6.287535544730319, 53.063058823824143 ], [ -6.287588672586743, 53.063069026495917 ], [ -6.287839170924168, 53.063117125935754 ], [ -6.287891296936063, 53.063126031397623 ], [ -6.288145371956242, 53.063169442045336 ], [ -6.288173354528511, 53.063166710436811 ], [ -6.288250507668852, 53.063159179126274 ], [ -6.288371431635871, 53.063175930712283 ], [ -6.288397011943777, 53.063179444729101 ], [ -6.288808608960619, 53.063218084108996 ], [ -6.289178727933875, 53.063266193533572 ], [ -6.28912045547393, 53.06347892503333 ], [ -6.289081145440225, 53.063582717563925 ], [ -6.289072072691221, 53.063606676166515 ], [ -6.289107358992815, 53.0636137452395 ], [ -6.289307606154315, 53.063653658402721 ], [ -6.289456061021504, 53.063677546122015 ], [ -6.289553034650047, 53.063693142246862 ], [ -6.289834931845752, 53.063647757640744 ], [ -6.290095703421252, 53.063610607760182 ], [ -6.29041569264141, 53.063551118103568 ], [ -6.290578356935217, 53.063523882694888 ], [ -6.290672390538862, 53.063508065919962 ], [ -6.290923105445631, 53.063488657672728 ], [ -6.291191866264685, 53.06347346214497 ], [ -6.291319846954281, 53.063470536567131 ], [ -6.291335985121128, 53.063470139172679 ], [ -6.29139153231223, 53.063472105499407 ], [ -6.291677005807086, 53.063482407396265 ], [ -6.291900408259709, 53.063503233621049 ], [ -6.292045784950381, 53.063483657833117 ], [ -6.292056053188992, 53.063482277218256 ], [ -6.292071269577483, 53.063480701585135 ], [ -6.292155157468089, 53.063472015037384 ], [ -6.292278853294524, 53.063459229488942 ], [ -6.292533246024988, 53.063465038342692 ], [ -6.292927451167811, 53.063476807949279 ], [ -6.293163769409061, 53.063479120238846 ], [ -6.293320271997419, 53.063489365349085 ], [ -6.293424845201734, 53.063502640454303 ], [ -6.293602484941704, 53.063501233765152 ], [ -6.293799400966233, 53.063522755101665 ], [ -6.293922073570787, 53.063542041972582 ], [ -6.294088918384031, 53.063555310698327 ], [ -6.294362373257927, 53.06359572579899 ], [ -6.294706533796298, 53.063656299264075 ], [ -6.294893004130071, 53.063702387303771 ], [ -6.294999478382021, 53.063729890030068 ], [ -6.294958178768493, 53.063850104775625 ], [ -6.294898835792728, 53.063966016081615 ], [ -6.294903920040949, 53.063968156300561 ], [ -6.294978002633507, 53.063999420234822 ], [ -6.295013246442778, 53.06400136351693 ], [ -6.295083482967546, 53.064005336335754 ], [ -6.295147092933509, 53.064008854608758 ], [ -6.295343932798321, 53.064026146801538 ], [ -6.295711407183703, 53.064051187454496 ], [ -6.29578972131053, 53.064062556227817 ], [ -6.295899729584121, 53.064078513655815 ], [ -6.296188779663408, 53.064144854903901 ], [ -6.296197806647732, 53.064146871767029 ], [ -6.296259640611376, 53.064158005093056 ], [ -6.296450272315713, 53.064192284601219 ], [ -6.296603180635719, 53.064243821692543 ], [ -6.296622142434869, 53.064256047848033 ], [ -6.296769153940942, 53.064351005309661 ], [ -6.296864676581954, 53.064409720152796 ], [ -6.297086632469256, 53.064448672554654 ], [ -6.297098977181484, 53.064450826725611 ], [ -6.297268395193067, 53.064473835325863 ], [ -6.297443570399577, 53.06449755616984 ], [ -6.297697872403513, 53.064515217392589 ], [ -6.297949248461522, 53.064535263089667 ], [ -6.298205919540852, 53.064573990997474 ], [ -6.298420463286209, 53.064619935740346 ], [ -6.298653375171137, 53.064658861242172 ], [ -6.298683379344089, 53.064687604867821 ], [ -6.298679435147119, 53.064700222178182 ], [ -6.298603813295371, 53.064942102116284 ], [ -6.298583467709364, 53.065111696468179 ], [ -6.298509551267526, 53.065279085567759 ], [ -6.298374989391888, 53.065433203114154 ], [ -6.298289073875426, 53.06557399349839 ], [ -6.298240889020915, 53.065709841502631 ], [ -6.298236808478165, 53.065723034804684 ], [ -6.298199842310091, 53.065842554857831 ], [ -6.298135490949551, 53.065842173588784 ], [ -6.298057934301267, 53.065823986001014 ], [ -6.297957443238352, 53.065828750325721 ], [ -6.297830432097938, 53.065806888832384 ], [ -6.297610562108982, 53.06579601169436 ], [ -6.297488259391853, 53.065804599079179 ], [ -6.297388087716628, 53.065851163796665 ], [ -6.297332123790164, 53.065931440463501 ], [ -6.297263520187816, 53.065979536404136 ], [ -6.29723817072818, 53.065991937175539 ], [ -6.297205259912235, 53.065999465832377 ], [ -6.297153976007015, 53.065995406039924 ], [ -6.296939638963618, 53.065956563791595 ], [ -6.296774987083379, 53.065931105335252 ], [ -6.296772788071104, 53.065930714313502 ], [ -6.296746995073276, 53.065923154265256 ], [ -6.296614552445264, 53.06586741622386 ], [ -6.296520593286839, 53.06585321734201 ], [ -6.296379278182719, 53.065850834184204 ], [ -6.296326944992837, 53.065842174895785 ], [ -6.296254966893449, 53.065810492553432 ], [ -6.296194438380513, 53.065772502462259 ], [ -6.296153190970505, 53.065748002419284 ], [ -6.296101966366082, 53.065736212949375 ], [ -6.296027986637391, 53.065724096628017 ], [ -6.295937030121739, 53.065746074774907 ], [ -6.295916414173496, 53.065766363025567 ], [ -6.295886185323235, 53.065802603803476 ], [ -6.295856490162165, 53.065828424713089 ], [ -6.295833312827371, 53.065838789857104 ], [ -6.295806384589691, 53.065841280409757 ], [ -6.295755204709379, 53.065850164876458 ], [ -6.295700463223207, 53.065852616494347 ], [ -6.295644169632157, 53.065844529358827 ], [ -6.295593757774559, 53.065830863738569 ], [ -6.295574667711115, 53.065828073464218 ], [ -6.295407893348575, 53.065769144746142 ], [ -6.295353424725308, 53.065721084996483 ], [ -6.295336968662244, 53.065698377157389 ], [ -6.295302163098561, 53.065666598589196 ], [ -6.295260491205854, 53.065643529403729 ], [ -6.295206945234861, 53.065618852789584 ], [ -6.295128238159097, 53.065617365321472 ], [ -6.295056515645268, 53.065632247006384 ], [ -6.295006688645504, 53.065659847426126 ], [ -6.294922699872769, 53.06572354121132 ], [ -6.294831887683501, 53.065769879299879 ], [ -6.294586823645138, 53.0657612429941 ], [ -6.294350984462357, 53.065762086439697 ], [ -6.294227509506684, 53.065753574701425 ], [ -6.293875741041488, 53.065729383995233 ], [ -6.293761126078325, 53.065730256948306 ], [ -6.293587322600489, 53.065774504913911 ], [ -6.293556786340759, 53.065774875859063 ], [ -6.293409652192811, 53.065776450505666 ], [ -6.293308898876525, 53.065809611567474 ], [ -6.293192437582007, 53.065847850368542 ], [ -6.293165199183967, 53.065851953796525 ], [ -6.293123471149313, 53.065858366091646 ], [ -6.293064410708021, 53.065867316103358 ], [ -6.293055990300143, 53.065868633437063 ], [ -6.293038234742013, 53.065869457285864 ], [ -6.292953287553098, 53.065873271918399 ], [ -6.292897805620722, 53.065875801507048 ], [ -6.292857684619462, 53.065900664007664 ], [ -6.29267462373916, 53.065908193879331 ], [ -6.292397715015941, 53.065923634528517 ], [ -6.292347142949892, 53.065923358030119 ], [ -6.292264807507712, 53.065910940551568 ], [ -6.292014311162358, 53.065849817349445 ], [ -6.291985171491569, 53.065839781329863 ], [ -6.29196914120951, 53.065834337868203 ], [ -6.291961856438834, 53.065831806392147 ], [ -6.2919533570062, 53.065828897937465 ], [ -6.291885395051892, 53.065823337125224 ], [ -6.291773062708967, 53.0658193871704 ], [ -6.29171488535921, 53.065827810785152 ], [ -6.291702879807056, 53.065829525964467 ], [ -6.291674534696397, 53.065833613159619 ], [ -6.291598837926634, 53.065849334543628 ], [ -6.291550813515837, 53.065859341136274 ], [ -6.29146783833852, 53.065853745145837 ], [ -6.291285947444843, 53.065831717649495 ], [ -6.291192371297233, 53.065845204505365 ], [ -6.291128253974797, 53.065854440458509 ], [ -6.290737303598902, 53.065831386328142 ], [ -6.290683890544825, 53.065828281879561 ], [ -6.290608481000777, 53.065830524070819 ], [ -6.290507688473638, 53.065833569966202 ], [ -6.290491745682506, 53.065835228445799 ], [ -6.290447135551867, 53.065839800696146 ], [ -6.290384484609122, 53.065846181014074 ], [ -6.290286964790171, 53.065853588216008 ], [ -6.290222787504875, 53.065861205796267 ], [ -6.29015659243044, 53.065901151903375 ], [ -6.290086108811085, 53.065915779654993 ], [ -6.289925165635398, 53.065939712549458 ], [ -6.289850727718498, 53.065932979766714 ], [ -6.289676925573912, 53.065880774069058 ], [ -6.289646719241367, 53.065878991523249 ], [ -6.289577956691819, 53.065875036702806 ], [ -6.289508715641007, 53.065883119502139 ], [ -6.289438240631639, 53.065891274402979 ], [ -6.289419984918553, 53.065895416251472 ], [ -6.289371547355429, 53.065906495541093 ], [ -6.289269334008661, 53.065929833883516 ], [ -6.28909900048834, 53.065967114219802 ], [ -6.289009611417415, 53.066008434830387 ], [ -6.289008476336755, 53.066009137582164 ], [ -6.28895315731735, 53.066041689142146 ], [ -6.288706791576999, 53.066034819692341 ], [ -6.288559053355666, 53.066048514080187 ], [ -6.288434592977148, 53.066083487211408 ], [ -6.288334897374535, 53.066102276862892 ], [ -6.288318746581976, 53.066106090189585 ], [ -6.288251293024379, 53.066121838173338 ], [ -6.288157192046449, 53.066132978097876 ], [ -6.288093160204534, 53.066127652339503 ], [ -6.287988001651605, 53.066101061230029 ], [ -6.287935756827132, 53.066097505858878 ], [ -6.287897541309427, 53.066094904707079 ], [ -6.287777572270526, 53.066078706647453 ], [ -6.287769258573978, 53.066077328604621 ], [ -6.287641237225603, 53.066056250624293 ], [ -6.28755825687707, 53.066078695840751 ], [ -6.287479504535745, 53.066100034261815 ], [ -6.287236277563226, 53.066141205353027 ], [ -6.286996527089754, 53.066169213863809 ], [ -6.286933345031331, 53.066151765288531 ], [ -6.286823733657973, 53.066166096427999 ], [ -6.286675923194869, 53.06620019215822 ], [ -6.286598539768746, 53.066236649438331 ], [ -6.286520615142992, 53.066296021258879 ], [ -6.286492380872723, 53.0663127825567 ], [ -6.286296525856701, 53.066313916303969 ], [ -6.286209545510211, 53.066322370842521 ], [ -6.286086379970762, 53.066315383148869 ], [ -6.286080831366706, 53.066297056623441 ], [ -6.285879418725754, 53.066323457089815 ], [ -6.285860451977965, 53.066311408910018 ], [ -6.285770164538853, 53.066254378539689 ], [ -6.28567499502942, 53.066224243146678 ], [ -6.285661383366257, 53.066219912300468 ], [ -6.285578733294864, 53.066193733296316 ], [ -6.285605180612128, 53.066150699238747 ], [ -6.285646685770412, 53.06611893888428 ], [ -6.285588013118915, 53.066056161016895 ], [ -6.285517198922665, 53.06598916422594 ], [ -6.285480611831217, 53.065954550866337 ], [ -6.285449469724982, 53.065925088162757 ], [ -6.285391851163872, 53.065885336761582 ], [ -6.285343691929139, 53.065852194268004 ], [ -6.285263070268547, 53.065796651084277 ], [ -6.285199219799404, 53.065752675064481 ], [ -6.284924068695034, 53.065587542625927 ], [ -6.284707132234399, 53.065444102178233 ], [ -6.284454731157097, 53.065288825323748 ], [ -6.284195354762606, 53.065144951656229 ], [ -6.284213600205811, 53.064896499338168 ], [ -6.28424034267417, 53.064607631556015 ], [ -6.284253246883527, 53.064467228993614 ], [ -6.284436302426315, 53.064453038994884 ], [ -6.284379459026973, 53.064358339146835 ], [ -6.284462134443736, 53.0641345823582 ], [ -6.284560611373264, 53.064081579955349 ], [ -6.284765934822657, 53.064030117182682 ], [ -6.284934203745417, 53.064001702898416 ], [ -6.285153388049609, 53.063980372698303 ], [ -6.28520354406487, 53.063953014815581 ], [ -6.285254276095965, 53.063951610435375 ], [ -6.285308730338754, 53.063950148228137 ], [ -6.285427756705139, 53.063940357661572 ], [ -6.285442641032734, 53.063931224177757 ], [ -6.285508612693507, 53.063890738145965 ], [ -6.28551876266723, 53.0638830635612 ], [ -6.285534291522725, 53.063867018232926 ], [ -6.28554677387304, 53.063850209919117 ], [ -6.285556278524742, 53.063833986984037 ], [ -6.285561118928632, 53.063826776082045 ], [ -6.285569985245432, 53.06380802807346 ], [ -6.285585012812996, 53.063764290126542 ], [ -6.285587238188469, 53.063757850499037 ], [ -6.285593145370547, 53.063723778544173 ], [ -6.285592959960366, 53.063722247832146 ], [ -6.285589231844007, 53.063692172612704 ], [ -6.285586524559834, 53.063670470483594 ], [ -6.285580873018197, 53.063654749096891 ], [ -6.285574441463962, 53.063643151165017 ], [ -6.285562726612675, 53.063622039196815 ], [ -6.285547767025457, 53.063605194031531 ], [ -6.285533511995403, 53.063589168879581 ], [ -6.285497772885464, 53.063559440371009 ], [ -6.285456638680119, 53.063532331533509 ], [ -6.285412469733322, 53.063507246289724 ], [ -6.285365660893617, 53.063483560235596 ], [ -6.285066675100916, 53.063342533980666 ], [ -6.284640607717127, 53.063141607227422 ], [ -6.284596575042383, 53.063119310065105 ], [ -6.28451797638508, 53.063071885112151 ], [ -6.28448997216859, 53.063055031464913 ], [ -6.284462526392744, 53.063036478953265 ], [ -6.284455754271714, 53.063027302933627 ], [ -6.284455330260398, 53.063019386962708 ], [ -6.284460982404639, 53.063010300230957 ], [ -6.284477367075847, 53.062997502331328 ], [ -6.28450288497564, 53.062984028074759 ], [ -6.284531643860961, 53.062972578013742 ], [ -6.284565241773436, 53.06296326507492 ], [ -6.284569202188713, 53.062962692992109 ], [ -6.284578491359139, 53.06296120901893 ], [ -6.284633711344873, 53.062952837046353 ], [ -6.284737464677725, 53.062943276375172 ], [ -6.284939148000743, 53.062931353266521 ], [ -6.285027235185562, 53.062928937927012 ], [ -6.285041544857511, 53.062928065603664 ], [ -6.285222392630305, 53.062929504119815 ], [ -6.285219856654693, 53.062909692925707 ], [ -6.285217788808752, 53.062893572854193 ], [ -6.285038913211839, 53.06289207287692 ], [ -6.285022751731993, 53.062893098272816 ], [ -6.284934910677217, 53.062895517157067 ], [ -6.284730023095449, 53.062907574723951 ], [ -6.284621819436578, 53.062917609624847 ], [ -6.284591485736215, 53.06292220575903 ], [ -6.284545306810865, 53.062929180048151 ], [ -6.284502500688512, 53.062941056733479 ], [ -6.284466612083881, 53.062955371063964 ], [ -6.284465480581624, 53.062955983939545 ], [ -6.284433677081156, 53.062972783160859 ], [ -6.284419325163913, 53.062983991545963 ], [ -6.284408279090688, 53.062992551063104 ], [ -6.284395262460879, 53.063013487152062 ], [ -6.284396602294797, 53.063035528233641 ], [ -6.284411777590289, 53.06305624080462 ], [ -6.284442103124366, 53.063076633451367 ], [ -6.284446655353753, 53.063079755181185 ], [ -6.284499294030944, 53.063111524517559 ], [ -6.284556265415873, 53.063145784095674 ], [ -6.284602947588823, 53.063169558532891 ], [ -6.284895505818561, 53.063307500144283 ], [ -6.285328003003308, 53.063511421915699 ], [ -6.285372760366855, 53.06353408878504 ], [ -6.28541416102044, 53.063557606103835 ], [ -6.285451459606137, 53.063582143801156 ], [ -6.285482791561193, 53.063608212518496 ], [ -6.285507764070251, 53.06363634770517 ], [ -6.285523269084297, 53.063664255656271 ], [ -6.285527247112163, 53.063675639359936 ], [ -6.285533235758695, 53.063723184793446 ], [ -6.285528135604641, 53.06375241460249 ], [ -6.285512119066578, 53.063799374138775 ], [ -6.285504602857179, 53.063815085521377 ], [ -6.285500421162284, 53.063821227298206 ], [ -6.285491309816483, 53.063836826704531 ], [ -6.285481163323641, 53.063850612598181 ], [ -6.285469362178211, 53.063862666833849 ], [ -6.285455909948308, 53.063872899577717 ], [ -6.285439492178153, 53.063883449117206 ], [ -6.285393142835378, 53.063907050853153 ], [ -6.285380395825484, 53.063908844590848 ], [ -6.285286586918765, 53.063915851735402 ], [ -6.285157005982257, 53.063918747763019 ], [ -6.284980644612655, 53.063925103937663 ], [ -6.28486491074703, 53.063935660604919 ], [ -6.284719510738702, 53.063952619751078 ], [ -6.284617685815214, 53.063975510266268 ], [ -6.284507836831287, 53.064011409050366 ], [ -6.284378704020309, 53.064077320779042 ], [ -6.284324674754806, 53.064136225923015 ], [ -6.284285933113575, 53.064203711706419 ], [ -6.284268246737927, 53.064258556853112 ], [ -6.284253218542736, 53.064305350710946 ], [ -6.284220986913788, 53.06435459208565 ], [ -6.284176389725536, 53.064402217842911 ], [ -6.284123065417255, 53.064421673675021 ], [ -6.284007157436469, 53.064439686537455 ], [ -6.283890239238145, 53.064455257826978 ], [ -6.283791384913261, 53.06446839396073 ], [ -6.283622112785896, 53.06450684936901 ], [ -6.283559660810034, 53.064508285298032 ], [ -6.283524964781305, 53.064529717451045 ], [ -6.283524722296823, 53.064545084239462 ], [ -6.283524607575464, 53.064554160940908 ], [ -6.283508108163885, 53.06456363042259 ], [ -6.283470960035834, 53.064584847409407 ], [ -6.283380288338166, 53.064596482448984 ], [ -6.283353026101925, 53.064598066514989 ], [ -6.283320957085416, 53.06459985086471 ], [ -6.283182705004556, 53.064542216191285 ], [ -6.283105226032844, 53.064509908013299 ], [ -6.283015691687749, 53.064480570854684 ], [ -6.2829325973182, 53.064453304944202 ], [ -6.282706147081097, 53.064366801128337 ], [ -6.282575554317505, 53.064302265295389 ], [ -6.282368938363808, 53.06417505972729 ], [ -6.282242621107201, 53.064098989221598 ], [ -6.282046133732368, 53.063989456855218 ], [ -6.282041078732941, 53.063986597426997 ], [ -6.281787030055324, 53.063860117907531 ], [ -6.281781505194527, 53.063857367632892 ], [ -6.281485298394719, 53.0637271586343 ], [ -6.281134339249695, 53.063575033958095 ], [ -6.281287898977679, 53.063455187346612 ], [ -6.281315728507606, 53.063433117328643 ], [ -6.281378860040653, 53.063383693041821 ], [ -6.281387115814047, 53.063377250725196 ], [ -6.281427764444961, 53.063345389567921 ], [ -6.281468924541987, 53.063313085463072 ], [ -6.281630876774741, 53.063186348644358 ], [ -6.281798936541358, 53.063056843285409 ], [ -6.281815221104869, 53.063044294181353 ], [ -6.28229464319963, 53.062708122187765 ], [ -6.282007509309014, 53.062520157846542 ], [ -6.281887332276971, 53.062441479941732 ], [ -6.281698047949576, 53.062308859781353 ], [ -6.281600304077392, 53.062223135059106 ], [ -6.282200611745595, 53.061885743429457 ], [ -6.281871899089835, 53.061651156372932 ], [ -6.281679890977915, 53.06151598093021 ], [ -6.281324518969424, 53.061206222171414 ], [ -6.280944939491958, 53.060917326195558 ], [ -6.281050668718031, 53.060870405239172 ], [ -6.281772351229498, 53.060550229808278 ], [ -6.281911892867287, 53.060505060261846 ], [ -6.281912972077018, 53.060504710916561 ], [ -6.282196420716139, 53.060450917712252 ], [ -6.282520948950332, 53.060379110793555 ], [ -6.283117249027792, 53.060339719229397 ], [ -6.283380640148254, 53.060332284828014 ], [ -6.283991224745, 53.060301903731798 ], [ -6.284232529767515, 53.060302148584938 ], [ -6.284592760503465, 53.060294849840218 ], [ -6.284689104831537, 53.060322934905415 ], [ -6.284709711266403, 53.060312266099949 ], [ -6.285531901209113, 53.06028933250311 ], [ -6.28572160577528, 53.06028748235785 ], [ -6.285951561238884, 53.060285313045782 ], [ -6.287397136125425, 53.060228741936932 ], [ -6.287690819874933, 53.060233149473071 ], [ -6.288248346786259, 53.060237308392658 ], [ -6.288327043718057, 53.060238800332151 ], [ -6.288781176701564, 53.060231221210969 ], [ -6.289183083651775, 53.060224867622907 ], [ -6.28911380310226, 53.060349082413659 ], [ -6.288986544674158, 53.060433363407881 ], [ -6.288878712849582, 53.060521159558476 ], [ -6.288773488940246, 53.060620768024926 ], [ -6.288607627836905, 53.060744402114459 ], [ -6.28841198683445, 53.060899068045792 ], [ -6.288369347602663, 53.060928565911475 ], [ -6.288288876179147, 53.060984216047494 ], [ -6.288130246547341, 53.061096088755392 ], [ -6.287954740225882, 53.061214640387462 ], [ -6.287902356776213, 53.061260177995045 ], [ -6.287805619337706, 53.061344266921765 ], [ -6.287614491269058, 53.061481199344939 ], [ -6.28746310368363, 53.06157798400978 ], [ -6.287304382217657, 53.061698304372371 ], [ -6.287112833248242, 53.061889160768068 ], [ -6.286891148609604, 53.062107537928128 ], [ -6.286715791746762, 53.062293414459383 ], [ -6.286562991064708, 53.062475300262811 ], [ -6.286438137668477, 53.062597904998597 ], [ -6.286414959937506, 53.062633075590661 ] ], [ [ -6.286315205309141, 53.065665983029241 ], [ -6.285866627004817, 53.065609938147006 ], [ -6.285948194957818, 53.06562012976017 ], [ -6.286315205309141, 53.065665983029241 ] ], [ [ -6.288025669699342, 53.06542102014577 ], [ -6.288026466054891, 53.065416178733756 ], [ -6.288261589977287, 53.063986570599525 ], [ -6.288025669699342, 53.06542102014577 ] ], [ [ -6.287580144986471, 53.065369673602135 ], [ -6.287995570908882, 53.065417551590755 ], [ -6.288025669699342, 53.06542102014577 ], [ -6.287580144986471, 53.065369673602135 ] ], [ [ -6.292264536309831, 53.065354418906203 ], [ -6.292056770228275, 53.065344178022414 ], [ -6.292057504430511, 53.065344214629839 ], [ -6.292264536309831, 53.065354418906203 ] ] ], [ [ [ -6.281477978203542, 53.06380282663563 ], [ -6.281779421473177, 53.063943718580845 ], [ -6.281944148004585, 53.064025646609807 ], [ -6.282022467166558, 53.064064620061302 ], [ -6.28211575342634, 53.064111000376457 ], [ -6.282287493793207, 53.064220803589365 ], [ -6.28230529618638, 53.064231128631398 ], [ -6.282539974258397, 53.064367548152248 ], [ -6.282808177003239, 53.064481081096268 ], [ -6.282869291393713, 53.064500928935736 ], [ -6.283076806515007, 53.064568463128737 ], [ -6.283160757182422, 53.064608235270661 ], [ -6.283231303002689, 53.064641612756866 ], [ -6.283290205860182, 53.064673743567383 ], [ -6.283301408451788, 53.064679837620488 ], [ -6.283330197918308, 53.064695533470974 ], [ -6.283359718462307, 53.064711419633362 ], [ -6.283360561089214, 53.064711881216219 ], [ -6.283425015025893, 53.064746788602847 ], [ -6.283446110531091, 53.064757879167423 ], [ -6.283469374215019, 53.064770169514723 ], [ -6.283480342997595, 53.064775990522726 ], [ -6.283538441396102, 53.064806671444188 ], [ -6.283780816363878, 53.064975648795354 ], [ -6.28409170405803, 53.06515487200533 ], [ -6.284401607077753, 53.065331113986133 ], [ -6.284634703240001, 53.065476675595505 ], [ -6.284851853339839, 53.065627130260907 ], [ -6.284858117522495, 53.065631225836256 ], [ -6.284909912337385, 53.065665089687755 ], [ -6.284914109292475, 53.065667846735778 ], [ -6.285066137016522, 53.065766126941831 ], [ -6.28535354072755, 53.065966761213808 ], [ -6.285407790776316, 53.066004575606044 ], [ -6.285513451708586, 53.066108299096484 ], [ -6.285525179434464, 53.066200332046691 ], [ -6.285480800380876, 53.066199063265998 ], [ -6.285453103630559, 53.066199203401922 ], [ -6.285442764287312, 53.066199234156535 ], [ -6.285335228152772, 53.066204695254342 ], [ -6.285249190182705, 53.066183231076451 ], [ -6.285168319707294, 53.066168043366666 ], [ -6.285054793167829, 53.066144563979783 ], [ -6.284883334377164, 53.066126452221212 ], [ -6.28468324389463, 53.066116466427019 ], [ -6.284659678096626, 53.066114868247631 ], [ -6.284600396575501, 53.066110777601615 ], [ -6.284496391871137, 53.066092378636441 ], [ -6.284480301987594, 53.066060597087514 ], [ -6.284466960057645, 53.066033977691816 ], [ -6.28444984782494, 53.066000024162733 ], [ -6.284439922125975, 53.065980375149365 ], [ -6.284437192090026, 53.065974762929052 ], [ -6.284399895606289, 53.065971798186553 ], [ -6.284374198833622, 53.065958753863086 ], [ -6.284246189975092, 53.065943604784756 ], [ -6.284158015121955, 53.065935681579234 ], [ -6.284104554847439, 53.06593688795769 ], [ -6.284064398042768, 53.065937746894903 ], [ -6.284001275066943, 53.065912656505979 ], [ -6.283994852766483, 53.065910136979873 ], [ -6.283944015100471, 53.065941313618737 ], [ -6.283928731328127, 53.065951160233958 ], [ -6.283865422893593, 53.065961662335987 ], [ -6.283798487866685, 53.06597364012606 ], [ -6.283770348739393, 53.065978717145683 ], [ -6.283726299054721, 53.065978441191795 ], [ -6.283668224772867, 53.065950188512048 ], [ -6.283650283242507, 53.065940222113475 ], [ -6.283644742905465, 53.06593717598475 ], [ -6.283607401298617, 53.065901311643003 ], [ -6.283604436856388, 53.065898482446507 ], [ -6.283569441736124, 53.065896449493707 ], [ -6.283535822205624, 53.065893897070112 ], [ -6.283503307774956, 53.065891360582256 ], [ -6.283496852525687, 53.06588659343609 ], [ -6.283455707979896, 53.065856606563663 ], [ -6.283426637159166, 53.065838659574112 ], [ -6.283366808248603, 53.065801931364675 ], [ -6.28335059293582, 53.065791899944394 ], [ -6.283135535186985, 53.065827178114688 ], [ -6.283018131189893, 53.065833213778809 ], [ -6.282913033583251, 53.065907290810294 ], [ -6.282779334255254, 53.06601043797523 ], [ -6.282629678853501, 53.066109399722343 ], [ -6.28243447296743, 53.066180827218844 ], [ -6.282347223888506, 53.066186759182685 ], [ -6.282053395641005, 53.06620660549072 ], [ -6.282036930931404, 53.066205918299985 ], [ -6.282020225213702, 53.066205137741811 ], [ -6.282004438583994, 53.066199786333584 ], [ -6.281993873045814, 53.06619001608761 ], [ -6.281960001042474, 53.066135055883763 ], [ -6.281939537340775, 53.066101861644391 ], [ -6.281913266069633, 53.066078561630285 ], [ -6.281874281345395, 53.066056155714868 ], [ -6.281855030437122, 53.066045091515996 ], [ -6.281786959769384, 53.065989727220355 ], [ -6.281758764494896, 53.065974578891797 ], [ -6.281749728479952, 53.065969684489794 ], [ -6.28172600472023, 53.065965836328196 ], [ -6.28168063677574, 53.065958529567268 ], [ -6.281632565627278, 53.065969610111189 ], [ -6.281569467035351, 53.066002675091845 ], [ -6.281539690204606, 53.066021031766937 ], [ -6.281534298123599, 53.066023560533672 ], [ -6.281502436875855, 53.06603865034046 ], [ -6.281470331668629, 53.066035130476251 ], [ -6.281408020455622, 53.06602056784125 ], [ -6.281379947587721, 53.066005421190603 ], [ -6.281329958730118, 53.065981238195889 ], [ -6.281325703254796, 53.065979918330491 ], [ -6.281286452782362, 53.065967306714676 ], [ -6.281242145670242, 53.065964239694637 ], [ -6.281180750197557, 53.065970004118988 ], [ -6.281039883250099, 53.066008867196786 ], [ -6.280997582374817, 53.066026502563496 ], [ -6.280977808588317, 53.066034755883166 ], [ -6.280934841783166, 53.06604438186384 ], [ -6.280882662135286, 53.066010280600281 ], [ -6.28078059215731, 53.0659495706212 ], [ -6.280707860781898, 53.065921643072144 ], [ -6.280702161093372, 53.065919493349391 ], [ -6.280696155993366, 53.065918867252954 ], [ -6.280647011296465, 53.06591366274678 ], [ -6.280574189728957, 53.065928160307486 ], [ -6.280516600590148, 53.065955732409726 ], [ -6.280410197248841, 53.066003811693712 ], [ -6.28036918794763, 53.066022993548536 ], [ -6.28031299774329, 53.066049417273526 ], [ -6.280206757730799, 53.066074846884788 ], [ -6.280151321986396, 53.06610397798336 ], [ -6.280016682619259, 53.066190389033231 ], [ -6.279929994392997, 53.066225449991798 ], [ -6.279877258737042, 53.066233136651555 ], [ -6.27987020128522, 53.066234203107598 ], [ -6.279810176781839, 53.066233335179781 ], [ -6.279627322621844, 53.066198512262737 ], [ -6.279609871571674, 53.066197900356634 ], [ -6.279503077674625, 53.066193929020393 ], [ -6.27944507051622, 53.066191830798147 ], [ -6.279481665442798, 53.066064182607953 ], [ -6.279393714218057, 53.066004394698645 ], [ -6.279381986417936, 53.065962068226099 ], [ -6.27936703661, 53.065923381324076 ], [ -6.279304274098488, 53.065855327825595 ], [ -6.279304695645764, 53.065850929569805 ], [ -6.279310619817336, 53.06577973035273 ], [ -6.279318163273443, 53.065689059450676 ], [ -6.279298639508065, 53.065644732625529 ], [ -6.279319273885728, 53.065624177819146 ], [ -6.27937598938865, 53.065504281109483 ], [ -6.279355450657397, 53.065429827317963 ], [ -6.279323825908091, 53.065343259398844 ], [ -6.279318277252266, 53.065328078502375 ], [ -6.279306412060783, 53.065292311616986 ], [ -6.279314859373515, 53.065259445192517 ], [ -6.279319348463028, 53.065177714087362 ], [ -6.279300231613517, 53.065110832066551 ], [ -6.279266945603831, 53.065050486449536 ], [ -6.279254957242436, 53.065005459643849 ], [ -6.279256494067089, 53.064985436670973 ], [ -6.27925868516598, 53.064955177196914 ], [ -6.279228104501, 53.064925791059629 ], [ -6.279247668873983, 53.064910434104554 ], [ -6.279281908901419, 53.064900502739228 ], [ -6.279337566211468, 53.064884318658244 ], [ -6.279350931146342, 53.064851614141745 ], [ -6.279392988025386, 53.06484008799589 ], [ -6.279409976998863, 53.064815254965424 ], [ -6.279420584988451, 53.064783768953241 ], [ -6.279438356092512, 53.064751666564483 ], [ -6.279452698594999, 53.064722211128284 ], [ -6.279476239645766, 53.064681204606451 ], [ -6.279487056698152, 53.06462904721549 ], [ -6.279456423797675, 53.064570088289223 ], [ -6.279446887811856, 53.064500557526586 ], [ -6.279425469635386, 53.06448523699359 ], [ -6.279426279020093, 53.064482488338548 ], [ -6.279441693018085, 53.064430191600877 ], [ -6.279490013362924, 53.064465317224141 ], [ -6.280298341320795, 53.063983080249571 ], [ -6.280317230276453, 53.063972296581944 ], [ -6.280345314444968, 53.063956253647135 ], [ -6.280426535982921, 53.063909967672167 ], [ -6.280698912316814, 53.063791839240714 ], [ -6.280832408631834, 53.063733904394212 ], [ -6.280899993745924, 53.063704224988498 ], [ -6.280978457156295, 53.063669768965859 ], [ -6.281088180206079, 53.063621647279433 ], [ -6.281202733421329, 53.06368091948675 ], [ -6.281477978203542, 53.06380282663563 ] ] ] ] } },
{ "type": "Feature", "properties": { "cdRbapsId": "AVO_2025_1", "color_id": 13 }, "geometry": { "type": "MultiPolygon", "coordinates": [ [ [ [ -6.301950230086375, 53.019542171520953 ], [ -6.302332420694764, 53.019353107484271 ], [ -6.302487494572795, 53.019269677079279 ], [ -6.303056362648748, 53.019036694428394 ], [ -6.303217494731753, 53.018965645821353 ], [ -6.303230881531571, 53.018959724660888 ], [ -6.303279215067756, 53.019003110675143 ], [ -6.303297738638472, 53.019019823964136 ], [ -6.303358360916968, 53.019069587365223 ], [ -6.303389088530856, 53.019094834985921 ], [ -6.303424886306256, 53.019119345074976 ], [ -6.303478831217372, 53.019132518893066 ], [ -6.303555020795227, 53.019199133937697 ], [ -6.303680975269644, 53.019282097986917 ], [ -6.303733650833782, 53.019321213290681 ], [ -6.303701955014614, 53.019413684334459 ], [ -6.303674150254691, 53.019469055081366 ], [ -6.303658966071275, 53.01947333271886 ], [ -6.303395050981528, 53.019566374548724 ], [ -6.303227689177684, 53.019630053814197 ], [ -6.303110768985314, 53.019675698164903 ], [ -6.302992435759233, 53.019729082015417 ], [ -6.30286488472335, 53.019783745383201 ], [ -6.3027039332558, 53.019847783268887 ], [ -6.302572490069892, 53.019900609247266 ], [ -6.302531393771773, 53.019926538689283 ], [ -6.302530950737552, 53.019950352813211 ], [ -6.302521878447838, 53.019952829969704 ], [ -6.302519952004572, 53.01994866775447 ], [ -6.302479430267582, 53.019941167227444 ], [ -6.302424269499308, 53.019924470085137 ], [ -6.302402118149147, 53.019921906715638 ], [ -6.302361350658734, 53.01993004354496 ], [ -6.302335186640951, 53.019945131137248 ], [ -6.302295171109536, 53.019990491109304 ], [ -6.302285709642903, 53.020009142907412 ], [ -6.302275599153693, 53.020044323396881 ], [ -6.302285441772157, 53.020053851524395 ], [ -6.302238730325126, 53.02007977170549 ], [ -6.302534614939598, 53.020350985214804 ], [ -6.30245785590351, 53.020397537513396 ], [ -6.302464929970741, 53.020425569394419 ], [ -6.302514527715064, 53.020411490441873 ], [ -6.302600559096381, 53.020371642865619 ], [ -6.302686517420061, 53.020437769598594 ], [ -6.302684414402718, 53.020456634323473 ], [ -6.302739379637394, 53.020514102218982 ], [ -6.302855334275835, 53.020475504016382 ], [ -6.302764766857809, 53.020387953127035 ], [ -6.302774653163751, 53.020379057191533 ], [ -6.302685165629735, 53.020333418887638 ], [ -6.302707681410999, 53.020318540709646 ], [ -6.30269274969416, 53.020314364541576 ], [ -6.302696820861437, 53.020310409284356 ], [ -6.302787073003927, 53.020254925189391 ], [ -6.302785169910377, 53.020253432899189 ], [ -6.302946595534787, 53.020180122828833 ], [ -6.303049831891137, 53.020109296197489 ], [ -6.303180136387954, 53.020050580352333 ], [ -6.303551185106384, 53.020353804099102 ], [ -6.303460212338909, 53.020396598399614 ], [ -6.303331155162178, 53.020464688487785 ], [ -6.303206177866463, 53.020547847463909 ], [ -6.303309887539084, 53.020596248228308 ], [ -6.303459139166522, 53.020715320048836 ], [ -6.303730146450384, 53.02088979178874 ], [ -6.303774515203671, 53.020918378964559 ], [ -6.30373668772648, 53.020936175909071 ], [ -6.303531009307536, 53.021033105804307 ], [ -6.303486609918672, 53.021055483831681 ], [ -6.303297339295979, 53.021150939603963 ], [ -6.303010111041127, 53.021295782208298 ], [ -6.30324266755218, 53.021447593664377 ], [ -6.303263887391832, 53.021461379212532 ], [ -6.30348733145111, 53.021607307505256 ], [ -6.303663390989239, 53.021720110001063 ], [ -6.303778501260303, 53.021844626730484 ], [ -6.304044190215186, 53.022070256283463 ], [ -6.304128924273257, 53.022148048617225 ], [ -6.304148916087614, 53.022166402423174 ], [ -6.303875663011527, 53.022248909806244 ], [ -6.303722144887016, 53.02225395660269 ], [ -6.303456864115647, 53.022248904677191 ], [ -6.303239684168025, 53.022231424297168 ], [ -6.303219334566059, 53.02223077977704 ], [ -6.303202101254181, 53.022199275442425 ], [ -6.303026388087972, 53.022134027313029 ], [ -6.302963408493889, 53.022100319573227 ], [ -6.302962712269786, 53.022098954170417 ], [ -6.302920006398764, 53.022124636065776 ], [ -6.302703317777938, 53.022053653135664 ], [ -6.302325823610814, 53.021883760251299 ], [ -6.302249557322857, 53.021869098736815 ], [ -6.302216077584505, 53.021838777982204 ], [ -6.302066595999545, 53.021738038794716 ], [ -6.301999930587987, 53.021672996998973 ], [ -6.30190917752028, 53.02165471276264 ], [ -6.301903839207192, 53.021612209873823 ], [ -6.301705403370434, 53.021465108598363 ], [ -6.301600300069361, 53.021402125153429 ], [ -6.301450985007068, 53.021312891937647 ], [ -6.301231733093554, 53.021069852964047 ], [ -6.301195360726161, 53.021009917490204 ], [ -6.301270440969555, 53.020926407328744 ], [ -6.301276354539123, 53.020919840312196 ], [ -6.301360371558827, 53.020840411809246 ], [ -6.30142738116329, 53.020658809706916 ], [ -6.301363389729437, 53.020563334675359 ], [ -6.301179155793033, 53.020427311429991 ], [ -6.301179978264533, 53.02040637905246 ], [ -6.301050069918957, 53.020289558166965 ], [ -6.300958942922986, 53.020190099787143 ], [ -6.300746140067884, 53.020017802571068 ], [ -6.300644392215449, 53.019916484343518 ], [ -6.30079289622726, 53.01983851803076 ], [ -6.300935330548829, 53.019789857238656 ], [ -6.301024141885132, 53.019776115406117 ], [ -6.301240305006717, 53.019778394811794 ], [ -6.301285993270916, 53.019779586830737 ], [ -6.301303675314876, 53.019780109089247 ], [ -6.301484457429388, 53.019806780775014 ], [ -6.301488882203452, 53.019766126025495 ], [ -6.301730236318726, 53.019647733177116 ], [ -6.301950230086375, 53.019542171520953 ] ] ], [ [ [ -6.303397687977386, 53.018957161139177 ], [ -6.303368726635783, 53.018927625135966 ], [ -6.303271679488637, 53.018828623361941 ], [ -6.303268571489028, 53.018807545000747 ], [ -6.303359367988432, 53.018796436433284 ], [ -6.303517417944327, 53.018777161307199 ], [ -6.303809384250169, 53.018741554163867 ], [ -6.303815720034791, 53.018749284775616 ], [ -6.303837541048613, 53.018769641320368 ], [ -6.303876559291087, 53.018806062045435 ], [ -6.303961882018309, 53.01886552551867 ], [ -6.304130440017314, 53.018927973771071 ], [ -6.304269923781325, 53.018963760714072 ], [ -6.304412471054493, 53.018990421999426 ], [ -6.304507822363909, 53.019004186685898 ], [ -6.304732638535722, 53.018995796038375 ], [ -6.304934372704131, 53.018967751534085 ], [ -6.305011958664719, 53.018958071314856 ], [ -6.305151407012964, 53.018997900642773 ], [ -6.305175683766718, 53.019021527801925 ], [ -6.305183683465258, 53.019178134428067 ], [ -6.305174169278268, 53.019210716985093 ], [ -6.305154492411165, 53.019239110759109 ], [ -6.305062035350879, 53.019399229170673 ], [ -6.304996355374266, 53.019509752218056 ], [ -6.304991441947395, 53.019559838944453 ], [ -6.305013354770846, 53.019615521404425 ], [ -6.305019840919413, 53.019631972943536 ], [ -6.305177760383952, 53.019733818353991 ], [ -6.305191595171436, 53.019741565888218 ], [ -6.305289732193494, 53.019797256076892 ], [ -6.305482603037423, 53.019920182879574 ], [ -6.305735211178473, 53.019996411347719 ], [ -6.305745571619807, 53.019998716208832 ], [ -6.305632535800142, 53.020050228542814 ], [ -6.305477386593155, 53.020119576959416 ], [ -6.305211585069031, 53.020238383952645 ], [ -6.304860658256791, 53.020402727878064 ], [ -6.304808058121279, 53.020427326496282 ], [ -6.304765495212203, 53.020390315356025 ], [ -6.304720242693397, 53.020334120336685 ], [ -6.304574050952325, 53.020152622716623 ], [ -6.304522073333284, 53.020064151976321 ], [ -6.304362593027636, 53.019792038420789 ], [ -6.304348202903794, 53.019773406776451 ], [ -6.304323755171898, 53.01974159747104 ], [ -6.304272294726846, 53.019674437646266 ], [ -6.304214523457334, 53.019602064347708 ], [ -6.304120246125058, 53.01950445107547 ], [ -6.303998878827622, 53.0193922494961 ], [ -6.303898627234294, 53.019299674276816 ], [ -6.303890240289807, 53.019294071654855 ], [ -6.303789142126065, 53.019226203561118 ], [ -6.303635638221737, 53.019134126849572 ], [ -6.303507688659554, 53.019058145319875 ], [ -6.30342109208953, 53.018981045867072 ], [ -6.303416125486732, 53.018976030424007 ], [ -6.303397687977386, 53.018957161139177 ] ] ], [ [ [ -6.299845211655738, 53.019433425843459 ], [ -6.299918244274632, 53.019533345492874 ], [ -6.300004545530244, 53.019580330883279 ], [ -6.300164351499561, 53.019668277805245 ], [ -6.300395073526712, 53.019885056603258 ], [ -6.300405623623907, 53.019895004877867 ], [ -6.300483415208897, 53.019933330091035 ], [ -6.300634931006508, 53.020028977877772 ], [ -6.300732398876459, 53.020098414717978 ], [ -6.30093956399125, 53.020273417836478 ], [ -6.301035042009794, 53.020396668064301 ], [ -6.301097189567535, 53.020423264048368 ], [ -6.301168147531195, 53.02050724268291 ], [ -6.301338801391762, 53.020625903892416 ], [ -6.301372491478357, 53.020653980786776 ], [ -6.301385535285262, 53.020681851727858 ], [ -6.301346890108874, 53.020742333455317 ], [ -6.301333812353273, 53.020793560910477 ], [ -6.301300063507282, 53.020848359023589 ], [ -6.301265172579332, 53.020885253677385 ], [ -6.30119491734675, 53.020927305854087 ], [ -6.301189376657505, 53.020930642330384 ], [ -6.301163401110551, 53.020950315602349 ], [ -6.301148742789919, 53.020966645937605 ], [ -6.301095122064344, 53.021026553189721 ], [ -6.301375336676547, 53.02127001386323 ], [ -6.3014015197973, 53.021320185123209 ], [ -6.301460585828942, 53.021381432528543 ], [ -6.301491753868243, 53.021401743238805 ], [ -6.301517046237167, 53.02141828382684 ], [ -6.301755834864709, 53.021555265412687 ], [ -6.301806565501205, 53.021590866232373 ], [ -6.302040154293746, 53.021763278474609 ], [ -6.301778911408664, 53.021891142270192 ], [ -6.301758244300279, 53.021900824354894 ], [ -6.301574380491841, 53.021986825918766 ], [ -6.301197627867531, 53.022163105436135 ], [ -6.300671991601486, 53.022420490696632 ], [ -6.300205912605008, 53.022654545036914 ], [ -6.30019427535218, 53.022659681906426 ], [ -6.299949152464099, 53.022768176311644 ], [ -6.2999202479214, 53.022780976174914 ], [ -6.299750326019763, 53.022856119310795 ], [ -6.299520464256601, 53.022957909899191 ], [ -6.298964900675328, 53.023234814218405 ], [ -6.298947996070999, 53.023242572170751 ], [ -6.298822911346261, 53.023299928045716 ], [ -6.298651883463195, 53.02337810990069 ], [ -6.29839205002956, 53.02350400813809 ], [ -6.298040602309483, 53.023673987477331 ], [ -6.297533689728985, 53.023913919649132 ], [ -6.297146329046853, 53.024087067497348 ], [ -6.296877372204362, 53.024229012032883 ], [ -6.29687536302601, 53.02423006187793 ], [ -6.296866574079781, 53.024234699909421 ], [ -6.296339833252302, 53.024481354098448 ], [ -6.296109486229653, 53.02458564799953 ], [ -6.295929092970658, 53.024679690439676 ], [ -6.295824395718112, 53.024734279260038 ], [ -6.295811825676663, 53.024725649915382 ], [ -6.295603770897793, 53.024585681327245 ], [ -6.295592753605648, 53.024578242720843 ], [ -6.295552624366379, 53.024551330297442 ], [ -6.29535987405214, 53.024384973738599 ], [ -6.295305907671311, 53.024303662140781 ], [ -6.295302975481335, 53.024265777569411 ], [ -6.295377247170613, 53.024175157651818 ], [ -6.295378535089805, 53.024173648067006 ], [ -6.295312849710723, 53.024058999964502 ], [ -6.295299734150089, 53.024036160892251 ], [ -6.295292229262238, 53.023980143854956 ], [ -6.295286532757855, 53.023937545625678 ], [ -6.295277046043193, 53.023866309588009 ], [ -6.295302798784459, 53.023668478461218 ], [ -6.295322229137771, 53.023615364339136 ], [ -6.295473664139062, 53.023419964028434 ], [ -6.295586064533225, 53.023335194644737 ], [ -6.295732442821681, 53.023208754212099 ], [ -6.295851916118409, 53.02314413033568 ], [ -6.296041733001366, 53.023069728139859 ], [ -6.296074622194017, 53.022862291513945 ], [ -6.296075133312324, 53.022858703432519 ], [ -6.296134702766277, 53.022835287122973 ], [ -6.296139108156508, 53.02279526147678 ], [ -6.296253434025026, 53.022801933142304 ], [ -6.296264774642177, 53.022801196776996 ], [ -6.296279447384094, 53.022800148611537 ], [ -6.296279637040294, 53.022789094558597 ], [ -6.296240651176589, 53.022717615707379 ], [ -6.296160870904845, 53.022617417373482 ], [ -6.296095617476227, 53.022544843007672 ], [ -6.29607815590131, 53.022488773225085 ], [ -6.29609728330743, 53.022455788906306 ], [ -6.296363093460129, 53.022262476652237 ], [ -6.29646060419031, 53.022184143732119 ], [ -6.296562379714737, 53.02207243455603 ], [ -6.296682997499023, 53.021953714502374 ], [ -6.296767546601485, 53.021870431754486 ], [ -6.296789035787544, 53.021849257007688 ], [ -6.296911431758083, 53.021729034148322 ], [ -6.296943912945504, 53.021697229690325 ], [ -6.297111708881625, 53.021532443722108 ], [ -6.297375905481004, 53.021229983773395 ], [ -6.297421939021852, 53.021135003313582 ], [ -6.297429860714925, 53.021096195572774 ], [ -6.297430028869774, 53.021095029473607 ], [ -6.297424970715801, 53.021092350380755 ], [ -6.297411723908671, 53.021085329438321 ], [ -6.297360544848006, 53.021058079611684 ], [ -6.297340227812112, 53.020990194167339 ], [ -6.29732806195561, 53.020949480864921 ], [ -6.297304802214365, 53.020872025450309 ], [ -6.297250286368915, 53.020623606729508 ], [ -6.297233887456206, 53.020540496890803 ], [ -6.297209705248556, 53.020417815109234 ], [ -6.29721349404116, 53.020359083575073 ], [ -6.297225336515655, 53.020170760391693 ], [ -6.297243721658149, 53.020056687947317 ], [ -6.298571154287865, 53.019599413927764 ], [ -6.299619173338342, 53.019238375227232 ], [ -6.299832150133351, 53.0194154409322 ], [ -6.299836347139895, 53.019421254489316 ], [ -6.299845211655738, 53.019433425843459 ] ] ], [ [ [ -6.340648633459911, 53.033934250493168 ], [ -6.340687487711457, 53.033809145881776 ], [ -6.340717955438858, 53.033711042375359 ], [ -6.340910648381865, 53.033631394779 ], [ -6.34097153962488, 53.033627750008606 ], [ -6.341186042432545, 53.033575821861255 ], [ -6.34137070873763, 53.033509814782406 ], [ -6.34142509060892, 53.033473899478594 ], [ -6.341432060693831, 53.033433279046527 ], [ -6.341440328137969, 53.033275554620502 ], [ -6.34151338456228, 53.033150373039696 ], [ -6.34156126420967, 53.033091626240939 ], [ -6.341744876474165, 53.033053019537974 ], [ -6.34233251613044, 53.032965123673577 ], [ -6.342458741315228, 53.03283879504319 ], [ -6.342259756295974, 53.032685103773638 ], [ -6.342317474389905, 53.032623077309815 ], [ -6.342459878212168, 53.032594321701801 ], [ -6.342592600351109, 53.032442825963642 ], [ -6.342596712268781, 53.032438209280208 ], [ -6.342874057475503, 53.03234751399075 ], [ -6.342945627445085, 53.032251344396769 ], [ -6.343255663856881, 53.032084161777505 ], [ -6.34362704840746, 53.031930146991947 ], [ -6.343761740769643, 53.03184582285931 ], [ -6.343911819642127, 53.031847733115576 ], [ -6.343984930238885, 53.031858908135497 ], [ -6.345111926825391, 53.032056524833301 ], [ -6.345558897799146, 53.033535343663033 ], [ -6.346867115163166, 53.037863470435987 ], [ -6.347713822076647, 53.040664031132579 ], [ -6.344674236554581, 53.040792907732794 ], [ -6.340625740208107, 53.040964532455845 ], [ -6.34053582950892, 53.040916447368076 ], [ -6.340465019757912, 53.040876988873535 ], [ -6.340461995573416, 53.040877215430378 ], [ -6.340461954453672, 53.04087696587704 ], [ -6.340257853509517, 53.040698614185466 ], [ -6.340222774687539, 53.04066848350007 ], [ -6.339971016149742, 53.040416924160979 ], [ -6.339795415185091, 53.040103246768552 ], [ -6.339677453049153, 53.039805192972679 ], [ -6.339645289215705, 53.039564499279678 ], [ -6.339665941902038, 53.039296461238898 ], [ -6.339734533472982, 53.039156203263893 ], [ -6.339944029569858, 53.038727810311279 ], [ -6.340062620377026, 53.038470499716581 ], [ -6.340245667387138, 53.038017524921727 ], [ -6.34034766239403, 53.037728198421938 ], [ -6.340396709770956, 53.03758906322809 ], [ -6.340403910222171, 53.037583023704109 ], [ -6.340384657415012, 53.037583169411064 ], [ -6.340407396905829, 53.037509870529476 ], [ -6.340412914841409, 53.037475071494335 ], [ -6.340419546108095, 53.037433726435438 ], [ -6.340430737926143, 53.037324851069542 ], [ -6.340393400792768, 53.037201815863469 ], [ -6.340325695481616, 53.037068918999339 ], [ -6.340217680242373, 53.036887189827858 ], [ -6.340098585517871, 53.036731374181073 ], [ -6.340010831304151, 53.036624173882046 ], [ -6.339981259972755, 53.036571177866392 ], [ -6.339945800525702, 53.036386506214043 ], [ -6.340007193916725, 53.036385924993503 ], [ -6.340204628906056, 53.036407287545138 ], [ -6.340438426621467, 53.03644254905717 ], [ -6.340504487193606, 53.036502975214773 ], [ -6.340540221107547, 53.036568852126813 ], [ -6.340529563387904, 53.036572507323513 ], [ -6.340509842009795, 53.036596514407975 ], [ -6.340495395774433, 53.03662302377257 ], [ -6.340462501929752, 53.036640371774403 ], [ -6.340420336872771, 53.036654353658399 ], [ -6.340371555306789, 53.036665813621916 ], [ -6.340352206651821, 53.036680112975809 ], [ -6.340338443862952, 53.036688824864598 ], [ -6.340229470489285, 53.036799003419247 ], [ -6.340228351804385, 53.036828127424116 ], [ -6.340251484261624, 53.036855160296547 ], [ -6.340277549504993, 53.036875759720708 ], [ -6.340288386253973, 53.0369082882032 ], [ -6.340298408450496, 53.036927044019052 ], [ -6.340349774742927, 53.036988143362365 ], [ -6.340398278552166, 53.03698396375998 ], [ -6.340420907223022, 53.036989135979624 ], [ -6.340492450459543, 53.037014417448219 ], [ -6.340546290180679, 53.037011121199697 ], [ -6.340633621196441, 53.037009911931683 ], [ -6.340684467521906, 53.037014667943218 ], [ -6.340711967644733, 53.037032858613493 ], [ -6.340729019024969, 53.037078424297491 ], [ -6.340769878197322, 53.037098420150414 ], [ -6.340875633391919, 53.037141985671667 ], [ -6.34099870555486, 53.037154224370283 ], [ -6.341034811828212, 53.037123160633186 ], [ -6.341038645247048, 53.037093265533819 ], [ -6.341055852818672, 53.037080084027124 ], [ -6.341188404550278, 53.03707052836706 ], [ -6.341553556687149, 53.037048205216976 ], [ -6.341729036431165, 53.037023237361971 ], [ -6.341753707709213, 53.036973245216174 ], [ -6.341601066774627, 53.036797276898795 ], [ -6.341558744147807, 53.03671435175643 ], [ -6.341573210205882, 53.036536130317991 ], [ -6.341574220468076, 53.036509807387347 ], [ -6.341574261842557, 53.036508729351894 ], [ -6.34162693466819, 53.036488610666183 ], [ -6.341549649952005, 53.036387310105987 ], [ -6.341426920571588, 53.036220388437144 ], [ -6.341362628048642, 53.035976080424319 ], [ -6.341356037917169, 53.035888260463956 ], [ -6.341325117759879, 53.035883155244996 ], [ -6.341265095849592, 53.035864070692099 ], [ -6.341185319005633, 53.035766870695468 ], [ -6.341102907672334, 53.035738305563584 ], [ -6.340989383953431, 53.035732137905683 ], [ -6.340881777005738, 53.035767220628927 ], [ -6.340761756296991, 53.035930217113744 ], [ -6.34049544400423, 53.036146002635938 ], [ -6.340343231763196, 53.036157630928827 ], [ -6.340187438518342, 53.036063952631714 ], [ -6.340060951699623, 53.035998188692162 ], [ -6.339940031210128, 53.035976456680224 ], [ -6.339858718690424, 53.035976939580735 ], [ -6.339818237127642, 53.035740513334474 ], [ -6.339798285567892, 53.035478757500115 ], [ -6.339760912382273, 53.035353563411803 ], [ -6.339727022835903, 53.035233722019534 ], [ -6.339728575384917, 53.035135678006071 ], [ -6.339750644143724, 53.03498380998608 ], [ -6.339764113183165, 53.034802877328644 ], [ -6.339755289674587, 53.034622802856909 ], [ -6.33988353016323, 53.03469722054605 ], [ -6.339992613614929, 53.034812538657903 ], [ -6.340120325342633, 53.034846320950621 ], [ -6.340316379361581, 53.034881056866105 ], [ -6.340445143841876, 53.034887437856405 ], [ -6.340594934838301, 53.034820076107806 ], [ -6.340622723190168, 53.034807579806042 ], [ -6.340508107848406, 53.034234216837838 ], [ -6.340648633459911, 53.033934250493168 ] ], [ [ -6.34249350134656, 53.039529005693161 ], [ -6.342755403908795, 53.039610670467397 ], [ -6.342556341257469, 53.039548599846164 ], [ -6.34249350134656, 53.039529005693161 ] ] ] ] } },
{ "type": "Feature", "properties": { "cdRbapsId": "AVO_2025_46", "color_id": 26 }, "geometry": { "type": "MultiPolygon", "coordinates": [ [ [ [ -6.275097369063483, 53.001683314388707 ], [ -6.27495611600528, 53.001425715318589 ], [ -6.274990683194446, 53.001418666491055 ], [ -6.275533317917034, 53.001327303221416 ], [ -6.275537663851154, 53.00150192698279 ], [ -6.275561816433667, 53.001577333674447 ], [ -6.275687950111575, 53.00173952195837 ], [ -6.276481932907448, 53.001674990139158 ], [ -6.276506639983472, 53.001227530649679 ], [ -6.276502210470936, 53.00121533186627 ], [ -6.276490461501286, 53.001183251220041 ], [ -6.27656551025106, 53.001171845091264 ], [ -6.276754472837887, 53.001148157880941 ], [ -6.277513056920853, 53.001027915426576 ], [ -6.277547191205129, 53.00102247752951 ], [ -6.277576705596978, 53.001018860288077 ], [ -6.278209838853073, 53.000941290092882 ], [ -6.278637589162822, 53.000886271343333 ], [ -6.278695767600267, 53.000878754344754 ], [ -6.279851633518978, 53.000687485282548 ], [ -6.280910257876835, 53.000605180306017 ], [ -6.281591895037981, 53.00054681086889 ], [ -6.28245434993415, 53.000403499591613 ], [ -6.28250107126805, 53.000393568073193 ], [ -6.282608104900332, 53.00042765381658 ], [ -6.282625848398555, 53.000457392619943 ], [ -6.282638057701353, 53.00050583846847 ], [ -6.282620753484559, 53.000536240390886 ], [ -6.282571131275015, 53.0006037476305 ], [ -6.282560236534731, 53.000646017152633 ], [ -6.28249923393519, 53.000712281329996 ], [ -6.282010026694229, 53.001163996235945 ], [ -6.281888777230256, 53.001308400726124 ], [ -6.281819820586219, 53.001386145752683 ], [ -6.281490801384127, 53.001736893184493 ], [ -6.281410564589443, 53.001795418270966 ], [ -6.281319838942376, 53.001864308288852 ], [ -6.281212200458527, 53.001928909769056 ], [ -6.281133845374445, 53.001974068919246 ], [ -6.281067407322744, 53.002003849212784 ], [ -6.280992497477567, 53.002175708717466 ], [ -6.281116128087917, 53.002206620100885 ], [ -6.28117455164409, 53.002233172073581 ], [ -6.281319069850089, 53.002310587332119 ], [ -6.281423658018515, 53.002390839958295 ], [ -6.281448468026024, 53.002496366557736 ], [ -6.281444100412014, 53.002590864877057 ], [ -6.281441103559654, 53.002824078292846 ], [ -6.281440971798485, 53.002836660372445 ], [ -6.281426131299217, 53.002907097726485 ], [ -6.281421045848811, 53.002982529016805 ], [ -6.281407673480823, 53.003090200228051 ], [ -6.281404457869102, 53.003161883350465 ], [ -6.281409804716174, 53.003222184891584 ], [ -6.281413308718306, 53.003260797363808 ], [ -6.281411424191533, 53.003298972399016 ], [ -6.281411901784279, 53.003336462495056 ], [ -6.281421250813073, 53.003398080285926 ], [ -6.281421371837872, 53.003429092565341 ], [ -6.281421407789936, 53.003437452445269 ], [ -6.281421588987698, 53.003454534226201 ], [ -6.281421484200239, 53.003460285389416 ], [ -6.281420496645197, 53.003516090965924 ], [ -6.281411679934691, 53.00355551407533 ], [ -6.281406662258636, 53.003585912757643 ], [ -6.281393050907533, 53.003616098225663 ], [ -6.281371421655549, 53.003696503717592 ], [ -6.281360727267684, 53.003746056750863 ], [ -6.281360202405811, 53.003750004129451 ], [ -6.281355793316746, 53.003783648386865 ], [ -6.281326865190764, 53.003837432108185 ], [ -6.281289716436281, 53.0039001754255 ], [ -6.281226738669937, 53.003997421830093 ], [ -6.281221342807003, 53.004021882587367 ], [ -6.281198916178423, 53.004057423610163 ], [ -6.281156269815749, 53.004094559898547 ], [ -6.28110012330098, 53.00413743253624 ], [ -6.280913492065284, 53.004241340166175 ], [ -6.280862889925112, 53.004268384012548 ], [ -6.280828230775685, 53.004280826358873 ], [ -6.280759774398543, 53.004299431494374 ], [ -6.280629867468568, 53.004345912195724 ], [ -6.280540503323253, 53.004374193035261 ], [ -6.280472911680608, 53.004386518521891 ], [ -6.280411301580168, 53.004396773232315 ], [ -6.280351154264037, 53.004401116619974 ], [ -6.280259131797871, 53.004400414738122 ], [ -6.280229636821135, 53.004443673384159 ], [ -6.280226378236106, 53.004457648400297 ], [ -6.280263467307446, 53.004501600543442 ], [ -6.280288298202996, 53.004544746162914 ], [ -6.280296518726756, 53.004613089134885 ], [ -6.280296513923933, 53.004656504705061 ], [ -6.280285009429146, 53.004698585421288 ], [ -6.28025483204385, 53.004737339922222 ], [ -6.28024682539089, 53.004750167629879 ], [ -6.280232632146399, 53.004773332574793 ], [ -6.280180972531723, 53.004820764867581 ], [ -6.280143340455393, 53.004852310541217 ], [ -6.280083246064387, 53.004886226922224 ], [ -6.280020213580222, 53.004910573793893 ], [ -6.279949390083669, 53.00494235740593 ], [ -6.279897025718627, 53.004961105877271 ], [ -6.279840224786681, 53.004989496880242 ], [ -6.279792043223316, 53.005029788481608 ], [ -6.279751361167465, 53.00507000880544 ], [ -6.279709688935833, 53.005122798771062 ], [ -6.279675652626583, 53.005175159900169 ], [ -6.279669016520983, 53.005255512379549 ], [ -6.279614431137917, 53.005373373296223 ], [ -6.279526442515015, 53.00537317955812 ], [ -6.2792897344976, 53.00537011342719 ], [ -6.279075733764921, 53.005383285264202 ], [ -6.278741894178184, 53.005415215697141 ], [ -6.278498740553939, 53.005435156172972 ], [ -6.278311769788018, 53.005451594362292 ], [ -6.278117119358776, 53.005463337766848 ], [ -6.278050251790867, 53.005460481707317 ], [ -6.278024925118888, 53.00545454107754 ], [ -6.277995224816885, 53.005444223484162 ], [ -6.277964707077072, 53.0054112428693 ], [ -6.277962767292008, 53.005376607913611 ], [ -6.277960363654964, 53.005331988936121 ], [ -6.277954156472678, 53.005256394215301 ], [ -6.277940571884198, 53.004980154230211 ], [ -6.277934728057069, 53.00491085586124 ], [ -6.277911509601046, 53.004793306902876 ], [ -6.27791201489712, 53.004731202359125 ], [ -6.277921049595593, 53.004658614858087 ], [ -6.277922089233371, 53.004595439425444 ], [ -6.2779343643328, 53.004530987665888 ], [ -6.277937155159917, 53.004516466619002 ], [ -6.277971729890587, 53.00442591238086 ], [ -6.277993002727264, 53.004379299307693 ], [ -6.277891179001655, 53.004359307090652 ], [ -6.277798216268414, 53.004338994615757 ], [ -6.277753745683764, 53.004329271964814 ], [ -6.277748034225652, 53.004327661171523 ], [ -6.277653097701375, 53.004301386638772 ], [ -6.277506062268031, 53.004250177980069 ], [ -6.277318470747447, 53.00417429213929 ], [ -6.277175664267089, 53.004109481725543 ], [ -6.277095816709215, 53.004062302271116 ], [ -6.276915104638649, 53.003977257255961 ], [ -6.276845242583551, 53.003941637828845 ], [ -6.276798302595931, 53.003913721224968 ], [ -6.276692738531709, 53.003855022926579 ], [ -6.276667689697577, 53.003835963620368 ], [ -6.276653672343149, 53.003817603530536 ], [ -6.276636157921652, 53.003754428793428 ], [ -6.276608225431089, 53.003684360710558 ], [ -6.276559166081462, 53.003583155579143 ], [ -6.276507770200001, 53.003485063448991 ], [ -6.276420712952039, 53.003270319326113 ], [ -6.276299730074867, 53.002960162194917 ], [ -6.276216598082191, 53.002693250329294 ], [ -6.276199255244041, 53.00260724703697 ], [ -6.27622098594775, 53.002515247736454 ], [ -6.27622650025559, 53.002481709549457 ], [ -6.276340013544228, 53.00248578227712 ], [ -6.276432995533396, 53.002493152670105 ], [ -6.276453697846549, 53.002494801087416 ], [ -6.276607013719974, 53.002520844276454 ], [ -6.276739693963881, 53.002543531142827 ], [ -6.276744820237729, 53.002544414419162 ], [ -6.276794176481052, 53.002554837478449 ], [ -6.276910194194816, 53.002579350905087 ], [ -6.277025300107491, 53.00261131061427 ], [ -6.277091298539648, 53.002629705802377 ], [ -6.27724317348194, 53.002673433858625 ], [ -6.277405198585389, 53.002727646537963 ], [ -6.27761190446003, 53.002792484527149 ], [ -6.277772193596924, 53.002844063966734 ], [ -6.278011286232829, 53.002919617375923 ], [ -6.278020873833346, 53.002922632585481 ], [ -6.278071641302992, 53.002937749602957 ], [ -6.278082812502882, 53.002941147286499 ], [ -6.278128448922453, 53.002933898323398 ], [ -6.278143291046386, 53.002931506601371 ], [ -6.278148731042613, 53.002930686533098 ], [ -6.278150129699573, 53.002929538276618 ], [ -6.278274690040603, 53.002828960686102 ], [ -6.278286245283009, 53.002819600151106 ], [ -6.2783155767339, 53.002795934673387 ], [ -6.278343369658852, 53.002786180081877 ], [ -6.278377595743157, 53.002784608351789 ], [ -6.278539157931664, 53.002813465018804 ], [ -6.279114732759712, 53.002944673308839 ], [ -6.279637312616996, 53.003085898206649 ], [ -6.280358231806179, 53.003270799684714 ], [ -6.280376120269959, 53.003244361505359 ], [ -6.280386820144239, 53.003228696403859 ], [ -6.280526240198182, 53.003032421674909 ], [ -6.2806835936197, 53.002771417937851 ], [ -6.279822360622376, 53.002567410878534 ], [ -6.279659952108696, 53.002528925945441 ], [ -6.278545138282392, 53.00243773345106 ], [ -6.278469331109554, 53.002437264950643 ], [ -6.278493348314423, 53.002405073226214 ], [ -6.278173602964804, 53.002361341636586 ], [ -6.277545211035275, 53.00228841927057 ], [ -6.277456613018437, 53.002359225702286 ], [ -6.277351990428008, 53.00249298949484 ], [ -6.277305130969744, 53.002530962230558 ], [ -6.277282273267285, 53.002555265078129 ], [ -6.27725128563714, 53.002565880075224 ], [ -6.277125952305526, 53.002591874463583 ], [ -6.277063731507885, 53.002572048231002 ], [ -6.277008233881372, 53.00256153537994 ], [ -6.276952888002231, 53.002547250403062 ], [ -6.276865184681426, 53.002524586478366 ], [ -6.276791486944325, 53.002511293832285 ], [ -6.276785754292876, 53.00251022199739 ], [ -6.276766172903106, 53.002505083445762 ], [ -6.276685101320835, 53.002488717623564 ], [ -6.276525519683762, 53.002456472374384 ], [ -6.276345385374572, 53.002446580120825 ], [ -6.276332142862707, 53.002445848811419 ], [ -6.276072419050439, 53.002441003403959 ], [ -6.275700680900006, 53.002443792872832 ], [ -6.275636229239629, 53.002423621627713 ], [ -6.275597831788733, 53.002406525726649 ], [ -6.275562023361511, 53.002370680359746 ], [ -6.275540474501465, 53.002316255711179 ], [ -6.275552476922099, 53.002311126552016 ], [ -6.275547637153981, 53.002303056524823 ], [ -6.275531842388538, 53.002276940341744 ], [ -6.275525499385103, 53.002266510582096 ], [ -6.275499776939085, 53.002261283640934 ], [ -6.275437795607781, 53.002166812654352 ], [ -6.27531949957433, 53.001996053063273 ], [ -6.275296955161793, 53.001963511874472 ], [ -6.27531076480988, 53.00195004958826 ], [ -6.27518074281516, 53.001749781942628 ], [ -6.275150322510536, 53.001705205816165 ], [ -6.275097369063483, 53.001683314388707 ] ] ] ] } },
{ "type": "Feature", "properties": { "cdRbapsId": "AVO_2025_2", "color_id": 5 }, "geometry": { "type": "MultiPolygon", "coordinates": [ [ [ [ -6.330793354764095, 53.04566550298113 ], [ -6.330781141248923, 53.04560277115224 ], [ -6.330785907715168, 53.0455335362917 ], [ -6.330785768041035, 53.045460727086713 ], [ -6.330780628489086, 53.045405914472489 ], [ -6.330761522781828, 53.045298682129797 ], [ -6.330748850807052, 53.045209606836224 ], [ -6.330749179643335, 53.045115141167173 ], [ -6.33073980366009, 53.044947102853222 ], [ -6.330754065101926, 53.044877282168834 ], [ -6.330779116181439, 53.044843386892602 ], [ -6.330798070004668, 53.044817676304703 ], [ -6.33083276208372, 53.044744366289727 ], [ -6.330864563969035, 53.044701308541484 ], [ -6.330966905124059, 53.044736451345216 ], [ -6.331073810858565, 53.044783973168066 ], [ -6.331183282205068, 53.044819216730275 ], [ -6.331219108605136, 53.044827988760524 ], [ -6.331246405747249, 53.044834663656182 ], [ -6.331346613772372, 53.044851799324299 ], [ -6.331542090712581, 53.044915214442227 ], [ -6.331676111333779, 53.044983700493809 ], [ -6.331825600823965, 53.045068941173668 ], [ -6.331959350306958, 53.045154051703946 ], [ -6.332126876162333, 53.045304262580828 ], [ -6.332283286529144, 53.045481104693167 ], [ -6.332389100326764, 53.045598451041293 ], [ -6.332528042924691, 53.045737114908128 ], [ -6.332577528356857, 53.045790391895416 ], [ -6.332660761496268, 53.04590319686416 ], [ -6.332705085549897, 53.045994603187772 ], [ -6.332743205736549, 53.046084214727415 ], [ -6.332756910615767, 53.046127551319792 ], [ -6.332774698128826, 53.046208518590376 ], [ -6.332776472346938, 53.046251778727452 ], [ -6.332757233150021, 53.0463295295541 ], [ -6.332719242550868, 53.046469219289342 ], [ -6.332685586419725, 53.046547576970099 ], [ -6.332613028212364, 53.046677703781455 ], [ -6.332550013177646, 53.046802750144309 ], [ -6.332531668551503, 53.046844559738112 ], [ -6.332512784918475, 53.046887619254413 ], [ -6.332491901745159, 53.046966516382895 ], [ -6.332463490345445, 53.047081081929207 ], [ -6.332470738763739, 53.04715461994919 ], [ -6.332473218378114, 53.047246518298088 ], [ -6.332484779697554, 53.047351756963273 ], [ -6.332736700445177, 53.04740966940961 ], [ -6.332912169316585, 53.047462734661501 ], [ -6.332967357408585, 53.047540450036195 ], [ -6.332966325760391, 53.047659624883259 ], [ -6.3329737728389, 53.047692986454948 ], [ -6.332973430291344, 53.047711407939509 ], [ -6.333126885729572, 53.047828073882272 ], [ -6.333174448446544, 53.047883480863455 ], [ -6.333186180246257, 53.047936498142946 ], [ -6.33316736771178, 53.047990435651911 ], [ -6.333179187885927, 53.048034824376742 ], [ -6.333230570972447, 53.048080487478828 ], [ -6.33332676800924, 53.04811886869269 ], [ -6.33345321389422, 53.048173583176705 ], [ -6.333658236589058, 53.048251509908603 ], [ -6.333809516116749, 53.048325808050308 ], [ -6.333982190513924, 53.048406786555852 ], [ -6.333894896394129, 53.048485202205079 ], [ -6.333802273498603, 53.048561386820332 ], [ -6.333631508303962, 53.048698766462543 ], [ -6.333580382015324, 53.048753933955048 ], [ -6.333552562842375, 53.048783951162427 ], [ -6.333512902413085, 53.048826630747541 ], [ -6.333478403921251, 53.048853472223733 ], [ -6.333478115294935, 53.048857782626058 ], [ -6.333474876678167, 53.048905263571918 ], [ -6.333473754648518, 53.048921702070487 ], [ -6.333468202793989, 53.04900307923004 ], [ -6.333596238381696, 53.04898797481632 ], [ -6.33362206870807, 53.048984921090479 ], [ -6.333710927882414, 53.048974391103165 ], [ -6.333901723494046, 53.048939671028755 ], [ -6.334174036854895, 53.048914121700854 ], [ -6.334185466691594, 53.048913049462072 ], [ -6.334193483310152, 53.048912297047281 ], [ -6.334532529897964, 53.048874169168307 ], [ -6.334622943195589, 53.048858446974492 ], [ -6.334752717690852, 53.048795007024921 ], [ -6.335000867926404, 53.048694638507733 ], [ -6.335012409442587, 53.048689970584327 ], [ -6.335038403188117, 53.048679458444688 ], [ -6.335140922290666, 53.048652848649105 ], [ -6.335454746235358, 53.048633870900197 ], [ -6.33554521119294, 53.048635945818809 ], [ -6.33563947844158, 53.04862872590877 ], [ -6.335799135899235, 53.048626195983019 ], [ -6.335992214004958, 53.048631144368436 ], [ -6.336017778324121, 53.048631771657895 ], [ -6.336162998189568, 53.048643151096769 ], [ -6.336250903035213, 53.048647796310071 ], [ -6.336385633812738, 53.048647253920151 ], [ -6.336482143951762, 53.048648873370539 ], [ -6.336605953002159, 53.048647638677295 ], [ -6.33677188537682, 53.048664250660224 ], [ -6.336847011392263, 53.048681300538206 ], [ -6.336908819347443, 53.048683153484276 ], [ -6.336948001288415, 53.048691161715681 ], [ -6.337042529043918, 53.048696349262322 ], [ -6.337067409666158, 53.048708382067296 ], [ -6.337111879306347, 53.048735609515987 ], [ -6.336984866951956, 53.048820034567399 ], [ -6.336968479978797, 53.048841189815953 ], [ -6.336937616186061, 53.048881035422262 ], [ -6.336847917474519, 53.049085889425626 ], [ -6.336795244300115, 53.049236520684872 ], [ -6.336706455996683, 53.049408129238273 ], [ -6.336630763222702, 53.049533539686884 ], [ -6.336606012471334, 53.049578855659327 ], [ -6.336539782148878, 53.049688578749901 ], [ -6.336511777347781, 53.049722523779714 ], [ -6.336472142050639, 53.049761428647415 ], [ -6.336301153432585, 53.049914269939897 ], [ -6.336200229103951, 53.050030338776345 ], [ -6.33597968992289, 53.050236687597391 ], [ -6.335847488833522, 53.050337487682796 ], [ -6.335601447431744, 53.050445683155957 ], [ -6.335307239251311, 53.050555451134322 ], [ -6.335181756000795, 53.050596840234903 ], [ -6.335138515937383, 53.050611065926553 ], [ -6.33518343612931, 53.050661761078366 ], [ -6.335188203915291, 53.050707220254672 ], [ -6.335162259201027, 53.050757912275579 ], [ -6.335112043295173, 53.050873341667113 ], [ -6.335047571495844, 53.050972392327907 ], [ -6.334932337757594, 53.051003138527676 ], [ -6.334780979767114, 53.051042276537686 ], [ -6.334684660450645, 53.051054681252829 ], [ -6.334468149685344, 53.051041402105461 ], [ -6.334280807581911, 53.051002285735848 ], [ -6.334115026812043, 53.050962391532565 ], [ -6.333717210759435, 53.050897045419745 ], [ -6.333549653933236, 53.050887237670473 ], [ -6.333535682274492, 53.050860345400054 ], [ -6.33352447951578, 53.050752145758111 ], [ -6.33350145142877, 53.050677446589241 ], [ -6.333387692735886, 53.050416843097821 ], [ -6.33336892911847, 53.050370648426636 ], [ -6.333302074387434, 53.050206209465166 ], [ -6.333241113323, 53.0500675608492 ], [ -6.33318484151006, 53.049995492279301 ], [ -6.333168108963671, 53.049970000317323 ], [ -6.33314967281559, 53.049928124640417 ], [ -6.333159219932317, 53.049907045737164 ], [ -6.333195552045699, 53.049890116419093 ], [ -6.333229536054491, 53.049873424738117 ], [ -6.333226694219993, 53.049867362668721 ], [ -6.333505086499851, 53.049698772782158 ], [ -6.333460630036837, 53.049601073087324 ], [ -6.333357106591041, 53.049532478118472 ], [ -6.333284211351851, 53.049451278115839 ], [ -6.333150110432339, 53.049151697678766 ], [ -6.333148258694758, 53.049143829324279 ], [ -6.333144720702465, 53.049128790638669 ], [ -6.333151043251627, 53.049121149191059 ], [ -6.333145102972862, 53.049122054673369 ], [ -6.333139907581959, 53.04912279082545 ], [ -6.333064052240217, 53.049124693968203 ], [ -6.332941139680663, 53.049127859273284 ], [ -6.332912582531605, 53.049128594269192 ], [ -6.332686683961491, 53.049145202491928 ], [ -6.33264989749702, 53.049135698400846 ], [ -6.332471754946743, 53.049129425954142 ], [ -6.332398407617918, 53.049126869617787 ], [ -6.332260451333104, 53.049128081348492 ], [ -6.332114090277654, 53.04913348951181 ], [ -6.332064905613167, 53.049136035652758 ], [ -6.33190004044206, 53.049155475678575 ], [ -6.331841486051502, 53.048865492152267 ], [ -6.331818538347301, 53.04878688017596 ], [ -6.331802047058502, 53.048730380403725 ], [ -6.331771448362725, 53.048611660789319 ], [ -6.331769838699726, 53.048605526079413 ], [ -6.331768441811764, 53.048600293196955 ], [ -6.331764879889267, 53.048584458653949 ], [ -6.331758257305028, 53.04855502752676 ], [ -6.331758034959075, 53.048554219044725 ], [ -6.33175793418576, 53.048553854498664 ], [ -6.331748872152375, 53.04855282585978 ], [ -6.331711878593355, 53.048548624440301 ], [ -6.331598979030683, 53.048534996379701 ], [ -6.331577642835589, 53.048530023115219 ], [ -6.33153812623991, 53.048520783289383 ], [ -6.33153143422165, 53.048519218012004 ], [ -6.3315275312477, 53.048518354304697 ], [ -6.331521845135552, 53.0485158476666 ], [ -6.331472239091883, 53.048494297749208 ], [ -6.331455094308083, 53.0484922595573 ], [ -6.331420190538674, 53.048488174549874 ], [ -6.331395451098926, 53.048485310734598 ], [ -6.331336176135432, 53.048478367047935 ], [ -6.331153626822108, 53.048544837992793 ], [ -6.33115360252478, 53.048545466842214 ], [ -6.331151192131593, 53.048566466855334 ], [ -6.331149652837122, 53.048580826751063 ], [ -6.331151834797638, 53.048603957637923 ], [ -6.331112781545368, 53.048605387149728 ], [ -6.331127295309715, 53.048640466807974 ], [ -6.331136176118793, 53.048724784264955 ], [ -6.331141876721096, 53.048778916188411 ], [ -6.331061290473404, 53.048779043870837 ], [ -6.330632085461065, 53.048788031498347 ], [ -6.330629806813103, 53.048780916632317 ], [ -6.330627255189749, 53.048772953022308 ], [ -6.330603290360703, 53.048613159168156 ], [ -6.330600923438654, 53.048598024480661 ], [ -6.33059947168275, 53.048587847174979 ], [ -6.330597022658978, 53.048571633621812 ], [ -6.330612547743362, 53.048542368556696 ], [ -6.330636772511627, 53.04852670913813 ], [ -6.330719745273409, 53.048509357446399 ], [ -6.330805971487541, 53.048500140944519 ], [ -6.330890178722683, 53.048504918004724 ], [ -6.330954541383227, 53.048513910760839 ], [ -6.331126501851859, 53.048520907717958 ], [ -6.331125719464077, 53.048499773023742 ], [ -6.331125175613551, 53.048485204131367 ], [ -6.331082694585404, 53.048479844213425 ], [ -6.331028826297388, 53.04847306611908 ], [ -6.330974151145885, 53.048461692577256 ], [ -6.330822016696081, 53.048444636925716 ], [ -6.330638564157372, 53.048480353066488 ], [ -6.330593126148202, 53.04848465898101 ], [ -6.330571577897508, 53.048472401927398 ], [ -6.330581513250587, 53.048425441081136 ], [ -6.330598820608309, 53.048337326789408 ], [ -6.330649546520943, 53.048196198540431 ], [ -6.330750557130063, 53.048030428588362 ], [ -6.330761907744681, 53.047994543361568 ], [ -6.330864750657378, 53.047934145275448 ], [ -6.330986972910619, 53.047875187530529 ], [ -6.331162634630021, 53.047830911530347 ], [ -6.331302353367476, 53.04778397379679 ], [ -6.331369527052611, 53.047758400301745 ], [ -6.331394899467062, 53.047770351323223 ], [ -6.331439239237125, 53.047791287199459 ], [ -6.331450911135589, 53.047826686493686 ], [ -6.331464892405041, 53.047869219044877 ], [ -6.331484098377728, 53.047900678328816 ], [ -6.331559683239596, 53.047893019814815 ], [ -6.331682626546041, 53.047866340849865 ], [ -6.331746092012634, 53.047860309915471 ], [ -6.33196069421147, 53.04783976905663 ], [ -6.332052976911945, 53.047826591799286 ], [ -6.332105998091974, 53.047807469970095 ], [ -6.33218191231769, 53.047768985356058 ], [ -6.332185320958347, 53.0477666961593 ], [ -6.332244776456313, 53.047727530400827 ], [ -6.332298261113865, 53.047677315007988 ], [ -6.33223468329095, 53.047555617229364 ], [ -6.332079858596755, 53.047433089325928 ], [ -6.331962393145654, 53.047302005923534 ], [ -6.331925308084689, 53.04723658845009 ], [ -6.331804419426826, 53.047171883200114 ], [ -6.331796256549501, 53.047115679985374 ], [ -6.331714218035097, 53.046882850645048 ], [ -6.331713883342269, 53.046881900367303 ], [ -6.331567340096669, 53.046732971133551 ], [ -6.331237166786853, 53.046618343260668 ], [ -6.330589250698567, 53.046547834993845 ], [ -6.330467220159727, 53.046652816707784 ], [ -6.330429050291636, 53.046685538143855 ], [ -6.330699426595618, 53.046724119218659 ], [ -6.330832752158702, 53.046928503368015 ], [ -6.33102107377169, 53.047240981875326 ], [ -6.331028553846149, 53.047333939164986 ], [ -6.331010077581349, 53.047372780500318 ], [ -6.330955733158286, 53.047403836993198 ], [ -6.3308451437183, 53.047445070963647 ], [ -6.330829039530927, 53.047463900450587 ], [ -6.330825816275929, 53.047467721143235 ], [ -6.33081860413564, 53.047476069060941 ], [ -6.330760303127208, 53.0475362832535 ], [ -6.330732718207799, 53.047584794109824 ], [ -6.33073010325013, 53.047630149906126 ], [ -6.330744067986733, 53.047653985472792 ], [ -6.33077469776854, 53.047762278343697 ], [ -6.330755359641418, 53.047864746559682 ], [ -6.330730037960208, 53.047953377594027 ], [ -6.33072734626188, 53.047962508920236 ], [ -6.330652518624514, 53.048119298357342 ], [ -6.330614587880972, 53.04817764114518 ], [ -6.330534499561952, 53.048343165338864 ], [ -6.330521510788046, 53.048441723675943 ], [ -6.330516917850433, 53.048476578377347 ], [ -6.330517289026654, 53.048549751236877 ], [ -6.330517498210174, 53.048585707908302 ], [ -6.330525125213123, 53.048601634602996 ], [ -6.330529340252589, 53.048610323559551 ], [ -6.330530637144157, 53.048621304056191 ], [ -6.330532186907226, 53.048635351360232 ], [ -6.330532910407494, 53.048642102840375 ], [ -6.330536564582128, 53.048674872926718 ], [ -6.330552597983117, 53.048759769908457 ], [ -6.330559859980403, 53.04881678569614 ], [ -6.330564584018888, 53.048853869065383 ], [ -6.330576950379005, 53.048985905644351 ], [ -6.330562928820634, 53.049014471833061 ], [ -6.330530809569991, 53.049040178261436 ], [ -6.330451353117372, 53.049058837563365 ], [ -6.33033142939079, 53.049067760564398 ], [ -6.330213738046784, 53.049063501786442 ], [ -6.330098180726536, 53.049056979902659 ], [ -6.329906356265483, 53.04904615303122 ], [ -6.329800012704437, 53.049044300284478 ], [ -6.329783134181561, 53.048895391879803 ], [ -6.329774539282305, 53.048818598946013 ], [ -6.329760880412691, 53.048726453663768 ], [ -6.329714994412685, 53.048681854970489 ], [ -6.329709539818642, 53.048676565081635 ], [ -6.32970574176798, 53.048666624468744 ], [ -6.329702847876389, 53.048661884677081 ], [ -6.329696717740858, 53.048651846598368 ], [ -6.32965236136284, 53.048574101135991 ], [ -6.32966461286685, 53.048546768573914 ], [ -6.329587118673737, 53.048454266112728 ], [ -6.32941266759244, 53.048339908227803 ], [ -6.329412957426841, 53.04831968831855 ], [ -6.329335910441697, 53.048202922290201 ], [ -6.329304307087273, 53.048183512790501 ], [ -6.329209789756884, 53.048108119539819 ], [ -6.329158892798968, 53.048030911193379 ], [ -6.329079254691217, 53.047962108636476 ], [ -6.329018404435492, 53.047890963321016 ], [ -6.329011810500327, 53.047883320398746 ], [ -6.328987516477687, 53.04782446347668 ], [ -6.328982849112254, 53.047693883105168 ], [ -6.328963965464879, 53.047612810861295 ], [ -6.329026923557286, 53.04756264012488 ], [ -6.329079324577702, 53.047543690694795 ], [ -6.329227368485891, 53.047523299245285 ], [ -6.329353641737784, 53.047502781596819 ], [ -6.329681528444215, 53.04747628568478 ], [ -6.329848310597893, 53.047435751956442 ], [ -6.329854764817641, 53.047431078712883 ], [ -6.329938422623547, 53.047370501916426 ], [ -6.329981455575938, 53.047297939359957 ], [ -6.330007886948231, 53.047225232683012 ], [ -6.329970251765927, 53.04715818893812 ], [ -6.329870586934604, 53.047091892125167 ], [ -6.32972411627756, 53.047008038792626 ], [ -6.329652801582715, 53.04695301591088 ], [ -6.329740548682227, 53.046958472707637 ], [ -6.329755644441099, 53.046959403765605 ], [ -6.329782029597231, 53.04696103265713 ], [ -6.329752178518295, 53.046931311171718 ], [ -6.329577935991379, 53.046757631809797 ], [ -6.329479004641874, 53.046602447508477 ], [ -6.329372715294651, 53.046411654538161 ], [ -6.329377717285874, 53.046403185778587 ], [ -6.329416531786143, 53.046372900607714 ], [ -6.32942833040656, 53.046363628463602 ], [ -6.32943556215727, 53.046357976536349 ], [ -6.329447070272624, 53.046353014760541 ], [ -6.329481100189751, 53.046338302251094 ], [ -6.32951162746626, 53.046325068573246 ], [ -6.329595544823506, 53.046324539328886 ], [ -6.329823526833811, 53.046349133355008 ], [ -6.329864935915612, 53.046283559013339 ], [ -6.329883651206615, 53.046162206443242 ], [ -6.329887234875524, 53.046025000617362 ], [ -6.329871682545153, 53.045854538519883 ], [ -6.329897006725142, 53.045848602204117 ], [ -6.33000390029291, 53.045839227087427 ], [ -6.330051223743387, 53.045808341208748 ], [ -6.330090348571879, 53.045782734166202 ], [ -6.330131971846442, 53.045749790769698 ], [ -6.330210586199589, 53.045765455719433 ], [ -6.330329690287926, 53.045771172539304 ], [ -6.330331766619749, 53.045770705524696 ], [ -6.330452666451864, 53.045743506602513 ], [ -6.330747049889129, 53.045673213277816 ], [ -6.330773805113885, 53.045668758380231 ], [ -6.330793354764095, 53.04566550298113 ] ], [ [ -6.333580599241902, 53.049109550727259 ], [ -6.333572348930574, 53.049173924422867 ], [ -6.333505086499851, 53.049698772782158 ], [ -6.333580599241902, 53.049109550727259 ] ], [ [ -6.330000204974206, 53.046961982053588 ], [ -6.33007926946417, 53.046952131627243 ], [ -6.330079819517576, 53.046952062948151 ], [ -6.330114784272089, 53.046947706376045 ], [ -6.330000204974206, 53.046961982053588 ] ] ], [ [ [ -6.331333151623673, 53.047738294307749 ], [ -6.331288200535936, 53.047755461673766 ], [ -6.331150194522818, 53.047799457237794 ], [ -6.331009110076281, 53.047840352480605 ], [ -6.330907706515227, 53.047873086510201 ], [ -6.330843719869997, 53.047908502763335 ], [ -6.330783947052859, 53.047930404683378 ], [ -6.330800551469575, 53.047873200708949 ], [ -6.330802384265994, 53.047841676125778 ], [ -6.330821014021453, 53.047757535267081 ], [ -6.330809457777132, 53.047693644192506 ], [ -6.330792483394978, 53.047633092684968 ], [ -6.330803823692682, 53.04760071279761 ], [ -6.330840512860204, 53.047549003967248 ], [ -6.330896709592324, 53.047505029274248 ], [ -6.330966282094869, 53.047496927232679 ], [ -6.331147868042989, 53.047614528908113 ], [ -6.331329433437388, 53.047735815267693 ], [ -6.331333151623673, 53.047738294307749 ] ] ], [ [ [ -6.329680077858399, 53.049371598198412 ], [ -6.329685899487393, 53.049453295827092 ], [ -6.329666434255677, 53.049463539846947 ], [ -6.329604505312642, 53.049493410613323 ], [ -6.329563856369196, 53.049513783706516 ], [ -6.329514357357618, 53.049432190842751 ], [ -6.32945719997026, 53.049322806020122 ], [ -6.329425967787337, 53.049239671977986 ], [ -6.329537982056675, 53.049168078405373 ], [ -6.329688214587832, 53.049110324306923 ], [ -6.329739645794433, 53.049103765899737 ], [ -6.329750876344248, 53.049249179391502 ], [ -6.32973461190222, 53.049307107067584 ], [ -6.329692322017733, 53.04934129845045 ], [ -6.329680077858399, 53.049371598198412 ] ] ] ] } },
{ "type": "Feature", "properties": { "cdRbapsId": "AVO_2025_6", "color_id": 27 }, "geometry": { "type": "MultiPolygon", "coordinates": [ [ [ [ -6.296717084657315, 52.999717741520833 ], [ -6.296692493707547, 52.999721254270845 ], [ -6.296672853212078, 52.999686366073412 ], [ -6.296636445812135, 52.99964665437858 ], [ -6.296665650470628, 52.999616510867007 ], [ -6.296699709281474, 52.999591021952931 ], [ -6.297059944454205, 52.999339645100598 ], [ -6.297146865304458, 52.999403642789311 ], [ -6.29710696784982, 52.999581661100031 ], [ -6.297066930712099, 52.999760304793995 ], [ -6.2970527880446, 53.000119564871859 ], [ -6.297037375856371, 53.000119344100376 ], [ -6.297020014485494, 53.000091876296935 ], [ -6.29678537155131, 52.999802056260378 ], [ -6.296776968672286, 52.99979167724856 ], [ -6.296717084657315, 52.999717741520833 ] ] ], [ [ [ -6.296686679881284, 52.999856450369094 ], [ -6.296729118781622, 52.999907099431312 ], [ -6.296905371589186, 53.000117453126812 ], [ -6.296755032084419, 53.000115298421711 ], [ -6.296740885156797, 53.000474558398466 ], [ -6.296666447413723, 53.000473491906895 ], [ -6.29666467947244, 53.000518400306895 ], [ -6.296590238678688, 53.000517333724353 ], [ -6.296588470726254, 53.000562240325529 ], [ -6.296514031349157, 53.000561173716015 ], [ -6.296512263279472, 53.000606081213441 ], [ -6.296437822340804, 53.000605014534273 ], [ -6.296436054189233, 53.000649922029581 ], [ -6.296733812289046, 53.000654189286671 ], [ -6.296726739381229, 53.000833819270412 ], [ -6.296428978557556, 53.000829551964316 ], [ -6.296414828557032, 53.001188811836798 ], [ -6.29693455958279, 53.001196260946081 ], [ -6.296956543956009, 53.001236126361079 ], [ -6.297004611031991, 53.001323105819509 ], [ -6.297005407777418, 53.001322964427381 ], [ -6.297003281795075, 53.001376976684369 ], [ -6.297301044984757, 53.00138124256145 ], [ -6.297286901905038, 53.001740503461512 ], [ -6.297584669128876, 53.00174476866988 ], [ -6.29757052821723, 53.002104029600766 ], [ -6.297868296496962, 53.002108294097759 ], [ -6.297861227925147, 53.002287924143168 ], [ -6.2981589975151, 53.00229218792245 ], [ -6.29815193006745, 53.00247181888772 ], [ -6.298449700967634, 53.00247608194929 ], [ -6.298442634714836, 53.002655712037729 ], [ -6.298740406925247, 53.002659974381572 ], [ -6.298733341796664, 53.002839605389866 ], [ -6.298958263694636, 53.002842829173254 ], [ -6.298985607886622, 53.002938240037622 ], [ -6.299023054041148, 53.003048826058794 ], [ -6.299022923038385, 53.003052158032936 ], [ -6.298513455991496, 53.003097504667977 ], [ -6.298202065273188, 53.003128192918709 ], [ -6.297848570701798, 53.003157649252486 ], [ -6.297644256518146, 53.003178004170863 ], [ -6.297499074482459, 53.003187533021666 ], [ -6.297419395629808, 53.003192762154839 ], [ -6.297261469595668, 53.003205421385637 ], [ -6.297203671273524, 53.003206391280017 ], [ -6.297183280800831, 53.00319989713968 ], [ -6.29713637622398, 53.003161382672587 ], [ -6.297061364713776, 53.003081387962389 ], [ -6.296988407866549, 53.002974186459461 ], [ -6.296870633503752, 53.002812950052885 ], [ -6.296647523033475, 53.002464857059032 ], [ -6.296369896435464, 53.001953377886089 ], [ -6.296211984071987, 53.001641274459061 ], [ -6.296069739167839, 53.001352676574278 ], [ -6.295990317785781, 53.001063361036358 ], [ -6.296019793103379, 53.000820459128576 ], [ -6.296028094657435, 53.000690781737909 ], [ -6.296031709598616, 53.000633305967831 ], [ -6.296209629131637, 53.000374824120122 ], [ -6.296252656697606, 53.000325538159089 ], [ -6.296532815311568, 53.000004634011361 ], [ -6.296686679881284, 52.999856450369094 ] ], [ [ -6.296410998846913, 53.00054879378483 ], [ -6.296423112557086, 53.000524397627814 ], [ -6.296655244397194, 53.000056117332498 ], [ -6.296729118781622, 52.999907099431312 ], [ -6.296410998846913, 53.00054879378483 ] ], [ [ -6.296407327886462, 53.000556186834181 ], [ -6.296410978477883, 53.000548834806601 ], [ -6.296343249902329, 53.000667147271805 ], [ -6.296407327886462, 53.000556186834181 ] ] ] ] } },
{ "type": "Feature", "properties": { "cdRbapsId": "AVO_2025_7", "color_id": 15 }, "geometry": { "type": "MultiPolygon", "coordinates": [ [ [ [ -6.252566918227527, 53.037718075022703 ], [ -6.252209340687293, 53.037156510129684 ], [ -6.251959693968991, 53.036772798725387 ], [ -6.251765899376657, 53.036477007768163 ], [ -6.251781589353277, 53.036444879623019 ], [ -6.252034885630477, 53.036370400611958 ], [ -6.252123529114918, 53.036322535172715 ], [ -6.252250761953263, 53.03624494536669 ], [ -6.252502384714848, 53.036032374817943 ], [ -6.252653397642661, 53.035902009869602 ], [ -6.252878497901944, 53.035673049223242 ], [ -6.252979989866969, 53.035535485489994 ], [ -6.252969842819835, 53.03545488708783 ], [ -6.253353762812371, 53.035501604899935 ], [ -6.253419447231536, 53.035519647832935 ], [ -6.25353069653239, 53.035548338069468 ], [ -6.253628516286932, 53.035623301804037 ], [ -6.253781807082858, 53.035762091505887 ], [ -6.25401924383304, 53.03595209274058 ], [ -6.254287978183013, 53.03616808128313 ], [ -6.254439238429438, 53.036317626552638 ], [ -6.254576119664099, 53.036466959687907 ], [ -6.254640177560551, 53.036540529088143 ], [ -6.254696061265338, 53.036585033567867 ], [ -6.254800971512756, 53.036661179878777 ], [ -6.254930251134962, 53.03676428978212 ], [ -6.255095750604338, 53.036908559200242 ], [ -6.255305550975096, 53.037110107936762 ], [ -6.255264950026839, 53.037150051548622 ], [ -6.255088576791042, 53.037308541375396 ], [ -6.254917319884623, 53.037489487501396 ], [ -6.254856700740671, 53.037577406633858 ], [ -6.25485671591374, 53.037587738292345 ], [ -6.254856779324925, 53.03763331744755 ], [ -6.254859048167977, 53.037671552064488 ], [ -6.254900349474957, 53.037717820826714 ], [ -6.255164004160513, 53.037947305400358 ], [ -6.255444102930629, 53.038098559681927 ], [ -6.255777753174786, 53.038254733423294 ], [ -6.256039703345518, 53.038352956443767 ], [ -6.256249009307858, 53.038393327961408 ], [ -6.256386487135556, 53.038394085205702 ], [ -6.256497559890383, 53.038378635357297 ], [ -6.256631474367452, 53.038361003450873 ], [ -6.256807911721146, 53.038313702388962 ], [ -6.25698466603745, 53.038243304257882 ], [ -6.257119280054623, 53.038278445704321 ], [ -6.257803606409516, 53.038495392258035 ], [ -6.258444896190507, 53.038681681993594 ], [ -6.258850208417869, 53.038839345795871 ], [ -6.2591573956889, 53.03896590884316 ], [ -6.259141055676445, 53.038995961940074 ], [ -6.258753965454499, 53.039130787863769 ], [ -6.257931226087677, 53.03944835449505 ], [ -6.256994419983513, 53.039824737604313 ], [ -6.256617380189834, 53.039999704745348 ], [ -6.256140380016839, 53.040243675215066 ], [ -6.256400074821366, 53.040413324059863 ], [ -6.256861408842792, 53.040713118388069 ], [ -6.257122098764244, 53.040882600421838 ], [ -6.257068886597251, 53.040945460373869 ], [ -6.256649616307496, 53.04116079649922 ], [ -6.256547747897801, 53.041213145483248 ], [ -6.256144532393805, 53.041414603192734 ], [ -6.255679037337189, 53.041662606539425 ], [ -6.255370657512106, 53.041815114901425 ], [ -6.255265569372471, 53.0418618426758 ], [ -6.254711617132808, 53.04214351091511 ], [ -6.254158036773259, 53.042424911510849 ], [ -6.253577717826008, 53.042685962374613 ], [ -6.253462793150458, 53.042720319718526 ], [ -6.253351743680351, 53.042744036599593 ], [ -6.253218085235257, 53.042742792716943 ], [ -6.253090327428807, 53.042723388612572 ], [ -6.252894727110661, 53.042614358974802 ], [ -6.252396485970742, 53.042244974075047 ], [ -6.251731586809432, 53.042194573076664 ], [ -6.250904153771071, 53.041713917058026 ], [ -6.250405625657754, 53.041446451296061 ], [ -6.250308276613463, 53.041383986031249 ], [ -6.250253671980636, 53.041329070736069 ], [ -6.249877493534799, 53.040944302589089 ], [ -6.250000145202653, 53.04085882678433 ], [ -6.250443873056956, 53.040553627769199 ], [ -6.250660088607162, 53.040405258622997 ], [ -6.251211252756214, 53.040095344121731 ], [ -6.251496330300034, 53.03993818850558 ], [ -6.251660410929233, 53.039843972001258 ], [ -6.251867032062277, 53.039689347436799 ], [ -6.252010187221163, 53.039568126888064 ], [ -6.252181151970814, 53.039391854629159 ], [ -6.252224373254823, 53.039311591081471 ], [ -6.252349251423975, 53.039146506176856 ], [ -6.252572224353329, 53.038818549132671 ], [ -6.25259632220992, 53.038742769297791 ], [ -6.252965621927651, 53.038576870360131 ], [ -6.253104171888348, 53.038508523414841 ], [ -6.253204344339397, 53.038458489486352 ], [ -6.253278372775099, 53.038364566924834 ], [ -6.253287568989429, 53.038267893531021 ], [ -6.253261893146667, 53.03820324740704 ], [ -6.25322053163857, 53.038161561346264 ], [ -6.253146408240959, 53.038097755925968 ], [ -6.253107496962378, 53.038064261123644 ], [ -6.252733247423925, 53.037829551721622 ], [ -6.252566918227527, 53.037718075022703 ] ] ], [ [ [ -6.259959898570918, 53.040707885106542 ], [ -6.259955163210708, 53.040700265455236 ], [ -6.259920252831151, 53.040650856155032 ], [ -6.259916879393988, 53.0406460428744 ], [ -6.259771309948342, 53.040439869595154 ], [ -6.259778089699584, 53.040430351063627 ], [ -6.260477009814712, 53.040273745793584 ], [ -6.260481352543986, 53.040272820572618 ], [ -6.261091153666627, 53.040139177253003 ], [ -6.261131709062114, 53.040130871562681 ], [ -6.261180763889194, 53.040119184595277 ], [ -6.261181758432565, 53.040118929479853 ], [ -6.261662508123059, 53.040022497423976 ], [ -6.261749377678852, 53.040018643644004 ], [ -6.261787943925392, 53.040016960173993 ], [ -6.261879608266103, 53.040040681291039 ], [ -6.262073417678006, 53.040289264575492 ], [ -6.262173909224241, 53.040481921804023 ], [ -6.262236272577185, 53.040579731224859 ], [ -6.262272789244704, 53.040592309414798 ], [ -6.262322323503406, 53.040608493432963 ], [ -6.262387154600046, 53.040632721842975 ], [ -6.262441416395379, 53.040647536715618 ], [ -6.262526635969214, 53.040663343141119 ], [ -6.262602772284614, 53.040663376767604 ], [ -6.262690746267004, 53.040662684412688 ], [ -6.262769665765882, 53.040645500606004 ], [ -6.262833489101964, 53.040615241747489 ], [ -6.26287587985844, 53.040582693233205 ], [ -6.262921141875901, 53.040530770512397 ], [ -6.262961557813655, 53.040483091491474 ], [ -6.262989275406492, 53.040423901446012 ], [ -6.263004783919052, 53.040371634021447 ], [ -6.263009510428949, 53.040312198068939 ], [ -6.262971984210936, 53.040303290658137 ], [ -6.262933848196188, 53.040306508847813 ], [ -6.262903722689152, 53.040294023309848 ], [ -6.262883516078783, 53.040285728378912 ], [ -6.262861981425099, 53.040276784849503 ], [ -6.26264310935708, 53.040186398083762 ], [ -6.262574043664056, 53.04014206351755 ], [ -6.262547602559405, 53.040105272786626 ], [ -6.262520290472782, 53.039961683749759 ], [ -6.2624927354741, 53.039922001299651 ], [ -6.262451893985474, 53.039891561792786 ], [ -6.262380776920995, 53.039882972401642 ], [ -6.262226023569326, 53.039871273341923 ], [ -6.262022806313722, 53.039853472749499 ], [ -6.261959116040153, 53.03983762013813 ], [ -6.261902443302985, 53.039800208579933 ], [ -6.261817396780063, 53.039578383407665 ], [ -6.261646904232073, 53.03942901615266 ], [ -6.261651206276966, 53.039426022931707 ], [ -6.262960609305295, 53.03855788115991 ], [ -6.262969988390656, 53.03855100709 ], [ -6.263103654313257, 53.038597633198705 ], [ -6.263449143773621, 53.038726272519426 ], [ -6.263714523686787, 53.038849787251145 ], [ -6.264063301954843, 53.039012989636888 ], [ -6.264227043476352, 53.039097895173306 ], [ -6.264243072651625, 53.039191791422041 ], [ -6.264215140551161, 53.039250259541831 ], [ -6.26420811083451, 53.039275234948015 ], [ -6.264197435475793, 53.039351123920497 ], [ -6.264226741280913, 53.039540133736928 ], [ -6.264273858576749, 53.039634843237444 ], [ -6.26431057200115, 53.039709894869461 ], [ -6.26434746081059, 53.039762208063571 ], [ -6.264422070728934, 53.039827745550816 ], [ -6.26453413854463, 53.039913065943928 ], [ -6.264711015902618, 53.039998702665351 ], [ -6.264748597508176, 53.040018486457157 ], [ -6.26479394937488, 53.040089798897988 ], [ -6.264804810280744, 53.040217507299189 ], [ -6.264738254829354, 53.040395410690259 ], [ -6.264544199671036, 53.040547544141539 ], [ -6.264461328359352, 53.040641704054984 ], [ -6.264453116536312, 53.040732819599036 ], [ -6.264591458489693, 53.040813309973082 ], [ -6.264859657676022, 53.040940547543087 ], [ -6.265116128101435, 53.041050535202665 ], [ -6.265427526335279, 53.041112874341536 ], [ -6.265594773361314, 53.041331311358455 ], [ -6.265800028430084, 53.04160495347854 ], [ -6.26591625966104, 53.041773657747811 ], [ -6.266031984655766, 53.041988736206569 ], [ -6.266238331368566, 53.042308864995832 ], [ -6.266354840477086, 53.042467685468544 ], [ -6.26643435529914, 53.042567539392799 ], [ -6.266444447072672, 53.042812628278249 ], [ -6.266422723493487, 53.042983096298876 ], [ -6.266389239244261, 53.043241212564759 ], [ -6.266363339351493, 53.043390046335851 ], [ -6.266195985255024, 53.043379337371221 ], [ -6.2661200283621, 53.043319534107496 ], [ -6.265869654419459, 53.043296288817636 ], [ -6.265369865212076, 53.043222934043463 ], [ -6.264961809841817, 53.043174824896575 ], [ -6.264554468380718, 53.043115129560945 ], [ -6.264120168106476, 53.043055938207765 ], [ -6.26368909007297, 53.04299616310422 ], [ -6.263653005493395, 53.042991142040933 ], [ -6.263542230175357, 53.042998962716133 ], [ -6.263511145839317, 53.043001115550808 ], [ -6.263282384656161, 53.043003348222371 ], [ -6.26299741600013, 53.042999276572409 ], [ -6.262817105023842, 53.042977407598968 ], [ -6.262552057902393, 53.042927603687282 ], [ -6.262379169388276, 53.042877168167962 ], [ -6.262200620420347, 53.04282682945778 ], [ -6.261730811339011, 53.042690347544195 ], [ -6.261486474861608, 53.042624215145402 ], [ -6.261321721860108, 53.042552053960236 ], [ -6.2612686350385, 53.042547682467564 ], [ -6.26133088324847, 53.042630030369068 ], [ -6.261324078657256, 53.042676851926934 ], [ -6.261222908195672, 53.042736405919641 ], [ -6.261063460052648, 53.042856320563068 ], [ -6.261000796115908, 53.042903493881113 ], [ -6.260946863478389, 53.042935424446682 ], [ -6.260926695195147, 53.042953645920377 ], [ -6.260741483306625, 53.04312073364634 ], [ -6.260386533170376, 53.043583763155901 ], [ -6.260378140631003, 53.043599729872703 ], [ -6.26037094091016, 53.043613556788408 ], [ -6.260355679534754, 53.043610726889945 ], [ -6.260340420288474, 53.043607807135359 ], [ -6.260317470966832, 53.043612594917548 ], [ -6.260213125406549, 53.043634799216811 ], [ -6.259034684386971, 53.043885328012031 ], [ -6.258656207603933, 53.043960954661038 ], [ -6.257364393585839, 53.044219065240888 ], [ -6.25701441746116, 53.044280273199128 ], [ -6.256708223531139, 53.04383875579618 ], [ -6.256450371871172, 53.043482709927417 ], [ -6.255945808016719, 53.042793609711403 ], [ -6.255843174355185, 53.042657634308867 ], [ -6.255601249946829, 53.042309639146062 ], [ -6.255333520254067, 53.041954973825227 ], [ -6.255647177126235, 53.041790587295509 ], [ -6.255880320691694, 53.041682726593173 ], [ -6.256206743411214, 53.041521941458818 ], [ -6.256734073012108, 53.04126252813483 ], [ -6.257545448208045, 53.040938061703386 ], [ -6.257976354631585, 53.040821408171382 ], [ -6.258367876506971, 53.040760176739589 ], [ -6.258571899025788, 53.040751928591206 ], [ -6.258903077978196, 53.040866439285608 ], [ -6.258997100634145, 53.040886601730278 ], [ -6.259155039879976, 53.040880374533295 ], [ -6.25941046783176, 53.040829641611374 ], [ -6.259936538603071, 53.040704577117531 ], [ -6.259967300032701, 53.040719588605249 ], [ -6.259959898570918, 53.040707885106542 ] ] ], [ [ [ -6.264575366069066, 53.047233774674893 ], [ -6.264032141090495, 53.047300363099701 ], [ -6.263985983914108, 53.047230566781785 ], [ -6.263890649267059, 53.047052907654667 ], [ -6.263731310510505, 53.047068918334368 ], [ -6.263775923396587, 53.047161793614073 ], [ -6.263808537117388, 53.047222673454598 ], [ -6.263834666333884, 53.047264312180772 ], [ -6.263836954749974, 53.047268571088821 ], [ -6.263872664744375, 53.047286080647638 ], [ -6.263867079028521, 53.047293459587557 ], [ -6.263861240123634, 53.047301014601921 ], [ -6.263844743960822, 53.047322706701621 ], [ -6.263845868543508, 53.047328385885692 ], [ -6.263899283510922, 53.047591004789467 ], [ -6.263410480878314, 53.048139729073107 ], [ -6.263368528790025, 53.048200958470488 ], [ -6.263280193495982, 53.04823778000241 ], [ -6.262666541865346, 53.048271784201795 ], [ -6.262380364295307, 53.047972775721504 ], [ -6.262231743860425, 53.047789572863252 ], [ -6.262144274326158, 53.047700924621083 ], [ -6.262087861295054, 53.047592595809121 ], [ -6.261820510290886, 53.047382308960543 ], [ -6.261637975404278, 53.047247148618354 ], [ -6.260765000422064, 53.046691740142307 ], [ -6.260387438224353, 53.046466175741003 ], [ -6.261063087528537, 53.04612307021582 ], [ -6.261563045945107, 53.045868898073167 ], [ -6.261745717799747, 53.045786535564616 ], [ -6.261859154390441, 53.045764732410767 ], [ -6.262042527785678, 53.045790243815446 ], [ -6.262427535811658, 53.045913350871395 ], [ -6.262703268098249, 53.045976254474454 ], [ -6.26291009633069, 53.046002825310254 ], [ -6.263066767783766, 53.046013293845149 ], [ -6.263077929863113, 53.046014086048444 ], [ -6.263081260713059, 53.046019977231559 ], [ -6.263084725799975, 53.046019488522532 ], [ -6.26308866989311, 53.0460223325626 ], [ -6.263099055275307, 53.046027158257409 ], [ -6.263110721021467, 53.046030744255383 ], [ -6.26312342839709, 53.04603290729942 ], [ -6.26313656537244, 53.046033548566434 ], [ -6.26314964364189, 53.046032571040307 ], [ -6.263152496700431, 53.046031983506658 ], [ -6.263157566994582, 53.046031338465738 ], [ -6.263150901660889, 53.046019645936056 ], [ -6.263144595176765, 53.046008228301986 ], [ -6.263434079290062, 53.04598306191285 ], [ -6.263802025245289, 53.045970726171021 ], [ -6.264267948995447, 53.045950829754624 ], [ -6.26473662125648, 53.045939062183784 ], [ -6.265210569396873, 53.045930695472258 ], [ -6.265493668998697, 53.045935813057945 ], [ -6.265700256107515, 53.045930422220586 ], [ -6.265792219950051, 53.046061693124983 ], [ -6.265987815208611, 53.046389575170792 ], [ -6.266136085392663, 53.046597127984327 ], [ -6.266350319687591, 53.046819394536719 ], [ -6.266651940122819, 53.047065135861601 ], [ -6.266833253401853, 53.047197394288915 ], [ -6.26724526413591, 53.047476023527018 ], [ -6.267975643998809, 53.047908410008347 ], [ -6.268278449338079, 53.048085131622457 ], [ -6.268488194434841, 53.048189667346151 ], [ -6.268729529851487, 53.048304100453898 ], [ -6.268854361471963, 53.048375580174827 ], [ -6.26781029523289, 53.04876747573298 ], [ -6.267487401893726, 53.048892119415093 ], [ -6.267316151951894, 53.048953445112339 ], [ -6.26719533543816, 53.048999593845117 ], [ -6.267088435429046, 53.049023924249035 ], [ -6.267028604908354, 53.049031052319322 ], [ -6.266969015874718, 53.049032161573066 ], [ -6.266926505894639, 53.049021564927244 ], [ -6.266901189202968, 53.048993330745539 ], [ -6.266740886547664, 53.048851898495123 ], [ -6.266521655988378, 53.048719110765418 ], [ -6.26619373649662, 53.048415966326509 ], [ -6.265854748361544, 53.048116785290681 ], [ -6.265529607733326, 53.047902158831604 ], [ -6.265429354424884, 53.047831483437847 ], [ -6.26524112489683, 53.047736694907449 ], [ -6.26530259769025, 53.047639614821556 ], [ -6.265339532914864, 53.047562312025519 ], [ -6.265331954490663, 53.047417124098949 ], [ -6.26524380028936, 53.047281097783703 ], [ -6.265214014368625, 53.047247765365043 ], [ -6.265147897457199, 53.047212374074199 ], [ -6.265083801109127, 53.047191035209046 ], [ -6.264998987387909, 53.047167865154393 ], [ -6.26490013376673, 53.04716956909548 ], [ -6.264575366069066, 53.047233774674893 ] ] ], [ [ [ -6.272753744933755, 53.052259638879306 ], [ -6.273488434307654, 53.052356776391179 ], [ -6.273541390871133, 53.052364735847441 ], [ -6.273544361216087, 53.052373497807629 ], [ -6.273588727470148, 53.052457825606758 ], [ -6.273625869873678, 53.052562812878953 ], [ -6.273696825247808, 53.052619122876024 ], [ -6.273675033878309, 53.05305035173933 ], [ -6.273655946896397, 53.053050793801525 ], [ -6.273307519491321, 53.053090500015742 ], [ -6.272922512981025, 53.053331110016309 ], [ -6.27292180012727, 53.053330470470819 ], [ -6.272869137496041, 53.053287458959701 ], [ -6.272851975937551, 53.053270491157832 ], [ -6.272837770123614, 53.053256531578626 ], [ -6.272799222659427, 53.053165187082264 ], [ -6.272652105522428, 53.052939771857559 ], [ -6.272535258535224, 53.052775830680687 ], [ -6.272413943675465, 53.052591328903091 ], [ -6.272238166930277, 53.052325857562423 ], [ -6.272162906560599, 53.052192721419878 ], [ -6.272391351073621, 53.052218061467848 ], [ -6.272753744933755, 53.052259638879306 ] ] ], [ [ [ -6.270880119160144, 53.051997004193282 ], [ -6.271131808655947, 53.052056302493419 ], [ -6.271578391635802, 53.052109263266601 ], [ -6.271971163050798, 53.052154160812414 ], [ -6.272043234385594, 53.052157904382014 ], [ -6.272062289246241, 53.052185956571357 ], [ -6.272163972320197, 53.052335206485402 ], [ -6.272292209101145, 53.052543448841973 ], [ -6.272517423139145, 53.052864918271091 ], [ -6.272655815367671, 53.053120767875875 ], [ -6.272767608871539, 53.053275737817664 ], [ -6.272772045833606, 53.053284790748243 ], [ -6.272793651428749, 53.053329059151224 ], [ -6.272850625981439, 53.053458064277962 ], [ -6.272863443857706, 53.053568271448654 ], [ -6.27289445139017, 53.053660496070975 ], [ -6.272958514764298, 53.053775312346843 ], [ -6.273008119398499, 53.053864030880199 ], [ -6.272968580136771, 53.053883591948981 ], [ -6.272957394370811, 53.053886395745458 ], [ -6.272883676638757, 53.053905279865809 ], [ -6.272692441909666, 53.053943042041425 ], [ -6.272449277419183, 53.053984004659313 ], [ -6.271865891249351, 53.054065416313179 ], [ -6.27170474192823, 53.054095344577561 ], [ -6.271652391019878, 53.054109145291811 ], [ -6.271605972087148, 53.054119167122728 ], [ -6.271600930742468, 53.054121416497715 ], [ -6.271563628817381, 53.054138057789906 ], [ -6.271245432869987, 53.054279859069986 ], [ -6.270746928014968, 53.054481328675372 ], [ -6.270703231665112, 53.054503255459849 ], [ -6.270628574381196, 53.05454558542484 ], [ -6.270444892145465, 53.054655722277957 ], [ -6.270291323548503, 53.054751285056284 ], [ -6.270202222350895, 53.054788640812582 ], [ -6.270183623495915, 53.054764550807647 ], [ -6.270100440867341, 53.054740149859718 ], [ -6.270044212615216, 53.054632636776617 ], [ -6.270047448670733, 53.054610212582233 ], [ -6.270048179246203, 53.054591976545538 ], [ -6.270067874094176, 53.054564128064243 ], [ -6.270024483588029, 53.054486284862762 ], [ -6.269895629697189, 53.054336547174373 ], [ -6.269822898140638, 53.054244793469472 ], [ -6.269779285083432, 53.054154093371501 ], [ -6.269756761730695, 53.054123563471492 ], [ -6.269728778645061, 53.054078842195388 ], [ -6.269701667685918, 53.054024605783582 ], [ -6.269639981524917, 53.053884474703068 ], [ -6.269607321138014, 53.053778382849721 ], [ -6.269593912689255, 53.053658548987535 ], [ -6.269522764542595, 53.053588750066545 ], [ -6.269489620768636, 53.053549976845417 ], [ -6.269466648202328, 53.053450857151446 ], [ -6.269471986886831, 53.053412822658892 ], [ -6.269464964885413, 53.053400765785156 ], [ -6.269420346822445, 53.053264567273715 ], [ -6.269382029906061, 53.053112371891892 ], [ -6.269365219132706, 53.053049835155718 ], [ -6.269209095164653, 53.052751837138409 ], [ -6.269170831667749, 53.052668943837446 ], [ -6.269617241675892, 53.052652608043537 ], [ -6.269713924965078, 53.052579498891539 ], [ -6.269618520178832, 53.052236901004868 ], [ -6.269670245520145, 53.05221104749242 ], [ -6.270057812798491, 53.052130932718818 ], [ -6.270137583473759, 53.052114475398035 ], [ -6.270190605804579, 53.052102112497884 ], [ -6.270546179304227, 53.052019204633559 ], [ -6.270743649721097, 53.051994570828889 ], [ -6.270846635664818, 53.051991304104419 ], [ -6.270880119160144, 53.051997004193282 ] ], [ [ -6.27027835906539, 53.054116009333363 ], [ -6.270238551608186, 53.054044803286089 ], [ -6.270284326478542, 53.054127028827182 ], [ -6.27027835906539, 53.054116009333363 ] ] ] ] } },
{ "type": "Feature", "properties": { "cdRbapsId": "AVO_2025_4", "color_id": 12 }, "geometry": { "type": "MultiPolygon", "coordinates": [ [ [ [ -6.287167307290631, 53.006763046435402 ], [ -6.286890107308644, 53.006832579809846 ], [ -6.286638477266191, 53.006892684417267 ], [ -6.286475641299138, 53.006932673725807 ], [ -6.286415154557291, 53.006951757424559 ], [ -6.286341102868138, 53.006975049064032 ], [ -6.28630750076644, 53.006985620647448 ], [ -6.285979668311145, 53.007138736476293 ], [ -6.285778754794604, 53.007230850576072 ], [ -6.285716243780077, 53.007201725217115 ], [ -6.285402543534076, 53.007019943840902 ], [ -6.284972821792444, 53.006760714572749 ], [ -6.284889303246307, 53.006706566318947 ], [ -6.284745042417272, 53.006612890022069 ], [ -6.28452257238479, 53.006471306877316 ], [ -6.284477832923479, 53.00644283367005 ], [ -6.284255724344627, 53.006542549298068 ], [ -6.284008888629678, 53.00666761488317 ], [ -6.283781875065204, 53.00677319128539 ], [ -6.283603876716591, 53.006860778695327 ], [ -6.283546586253827, 53.006889074509054 ], [ -6.283350483508157, 53.006983852576248 ], [ -6.283290330553331, 53.00701292489542 ], [ -6.283306844466283, 53.007027275369104 ], [ -6.283368447619039, 53.007093875654867 ], [ -6.283418329782132, 53.007147805400599 ], [ -6.283460769942636, 53.00718401371288 ], [ -6.283569766109899, 53.007289856317975 ], [ -6.283659308808205, 53.007368721092583 ], [ -6.283736388622342, 53.007433293865716 ], [ -6.283982740704841, 53.007630376890596 ], [ -6.284103223790861, 53.007710047427558 ], [ -6.284226591092646, 53.007788322192376 ], [ -6.284304340455237, 53.007829892659792 ], [ -6.284334751785661, 53.007834272089141 ], [ -6.284351513260096, 53.007836686493874 ], [ -6.284440088641785, 53.007831491965341 ], [ -6.284592505400862, 53.00782191615621 ], [ -6.284783566791032, 53.007804807972946 ], [ -6.28495758966852, 53.007792756946351 ], [ -6.285138174844117, 53.007776395029836 ], [ -6.285522583961234, 53.008233351916445 ], [ -6.285050993348508, 53.00848110978793 ], [ -6.285084688405238, 53.008508562349149 ], [ -6.285321525985901, 53.008707212178599 ], [ -6.285062328662097, 53.008821405318201 ], [ -6.284997275180453, 53.008853276061686 ], [ -6.284956785660888, 53.0088731858975 ], [ -6.284767758421045, 53.008938054715792 ], [ -6.28466791317866, 53.008966995545286 ], [ -6.28470654118919, 53.008801891210723 ], [ -6.284690137714574, 53.008775407996438 ], [ -6.284661055696638, 53.008771123345383 ], [ -6.284569813996782, 53.008757489020084 ], [ -6.28437941683559, 53.008729037225976 ], [ -6.284268768127589, 53.008748383851504 ], [ -6.284215187099144, 53.008711027233176 ], [ -6.284188516122164, 53.008698596782111 ], [ -6.2839296244377, 53.008786455433061 ], [ -6.284036321144578, 53.008900803483364 ], [ -6.283865047295642, 53.008961162272946 ], [ -6.283859420894942, 53.008979059056664 ], [ -6.283916855146209, 53.009030854026165 ], [ -6.2839618071206, 53.009025480512051 ], [ -6.283994076296149, 53.009088866994581 ], [ -6.283971122214857, 53.009127249373094 ], [ -6.283956820909915, 53.009151160132369 ], [ -6.283923950712983, 53.009181050815521 ], [ -6.283888220393196, 53.009213540143712 ], [ -6.283724409774108, 53.009274725543655 ], [ -6.283645346585308, 53.009266213610786 ], [ -6.283579928695095, 53.009254572852882 ], [ -6.283528207670837, 53.009222994552111 ], [ -6.283474102148977, 53.009174033903292 ], [ -6.283377871371806, 53.009071612355747 ], [ -6.283343000797859, 53.009039737947262 ], [ -6.283343345013749, 53.009032979932847 ], [ -6.283341401270907, 53.009032165370073 ], [ -6.283245647288159, 53.008925518784444 ], [ -6.282916690115488, 53.009031874073777 ], [ -6.282895345094687, 53.008996779218982 ], [ -6.282823518332607, 53.008901990381453 ], [ -6.282335320698678, 53.009047386010181 ], [ -6.282044108504389, 53.009128751319267 ], [ -6.282018039287693, 53.009095026209479 ], [ -6.281855345389065, 53.008896003035538 ], [ -6.281729298421226, 53.008721239031516 ], [ -6.281663355778194, 53.008642451435598 ], [ -6.281660302637902, 53.008638803799052 ], [ -6.28146327187585, 53.008403867991248 ], [ -6.281404720286297, 53.008343156989476 ], [ -6.281363236257298, 53.00829527664844 ], [ -6.28124255996217, 53.008146296985082 ], [ -6.281181322539823, 53.00806352508399 ], [ -6.281148904350224, 53.008019461032767 ], [ -6.281017394504229, 53.007852437280505 ], [ -6.280827635989316, 53.007635672484497 ], [ -6.280877245993497, 53.00763369326198 ], [ -6.281003974991043, 53.007614851052828 ], [ -6.28116304230269, 53.007574005744203 ], [ -6.281289744862054, 53.007540331735974 ], [ -6.281324395038171, 53.007525102664431 ], [ -6.281402948989244, 53.007490642619395 ], [ -6.281463770053751, 53.007444690511413 ], [ -6.281505998880508, 53.007436671890723 ], [ -6.281545733297292, 53.007407942628952 ], [ -6.281593998775812, 53.007368641177692 ], [ -6.281652053512962, 53.007340023866028 ], [ -6.281653169168607, 53.007339473711703 ], [ -6.281687457246234, 53.007293138007725 ], [ -6.281707418381464, 53.007273292137782 ], [ -6.281762313677908, 53.007218715110959 ], [ -6.281868187612776, 53.007180245198285 ], [ -6.281974165387407, 53.007151575114968 ], [ -6.282017523111988, 53.007139886421648 ], [ -6.282195194622868, 53.007088521410644 ], [ -6.282515065934636, 53.007034086929551 ], [ -6.282663501034255, 53.007007108182833 ], [ -6.282780247708847, 53.006960974474758 ], [ -6.283021890092042, 53.006891945656548 ], [ -6.283080964355403, 53.006875070641485 ], [ -6.283122673825812, 53.006867763035153 ], [ -6.283188397826894, 53.006856128142012 ], [ -6.283324357951411, 53.006799664855755 ], [ -6.283445437077792, 53.00674037988513 ], [ -6.283536390821653, 53.006665917745586 ], [ -6.283642203990955, 53.006591760838468 ], [ -6.283820773642353, 53.0064990581469 ], [ -6.284114147559229, 53.006322350347972 ], [ -6.284234783417567, 53.006277260098294 ], [ -6.284246386011074, 53.006272933263411 ], [ -6.284441181526629, 53.006232778080054 ], [ -6.284475558796141, 53.006224375461422 ], [ -6.284592959065868, 53.00619577709864 ], [ -6.284751239503514, 53.006090825510256 ], [ -6.284797480484297, 53.006024976444301 ], [ -6.284825875119462, 53.005984577159396 ], [ -6.284841856678021, 53.005956583664144 ], [ -6.284917905702906, 53.005845681599624 ], [ -6.284964270913009, 53.005751878967395 ], [ -6.285027706969672, 53.005658412447431 ], [ -6.285060351919159, 53.005554164915665 ], [ -6.285098035930302, 53.00550886687089 ], [ -6.285143335579378, 53.005454329668837 ], [ -6.285161953151164, 53.005418732984381 ], [ -6.285195669606841, 53.005349467235433 ], [ -6.285198231235441, 53.005343750610869 ], [ -6.28522572038945, 53.005282754387352 ], [ -6.285278740062477, 53.005228777909103 ], [ -6.285303367369697, 53.005196594542461 ], [ -6.285351872678132, 53.00515109204764 ], [ -6.285358335921128, 53.005146151672307 ], [ -6.285401675286193, 53.005113158626287 ], [ -6.285469075634889, 53.005068467895398 ], [ -6.285590821146583, 53.005013864428754 ], [ -6.285685652961, 53.004980895613841 ], [ -6.285789290423019, 53.004961445731603 ], [ -6.285848181784857, 53.004948452472824 ], [ -6.285943405699962, 53.004927353995257 ], [ -6.28602095223059, 53.00492119034908 ], [ -6.28613632494296, 53.004928157714502 ], [ -6.286275192454919, 53.00494696808029 ], [ -6.28631697576358, 53.004953233141947 ], [ -6.286404083374439, 53.004966353571568 ], [ -6.286462373205117, 53.004968541990266 ], [ -6.286500046453456, 53.004994793116367 ], [ -6.286642214867069, 53.004992347760464 ], [ -6.286673943966372, 53.004991816273844 ], [ -6.28671938103904, 53.004992740717682 ], [ -6.28679318289253, 53.004994253656378 ], [ -6.286906203559641, 53.005014039107074 ], [ -6.287025196509372, 53.005032022903414 ], [ -6.287197017195904, 53.005065959209723 ], [ -6.287226148035279, 53.005093793959865 ], [ -6.287294960853492, 53.005109617289662 ], [ -6.287390557234484, 53.005122499737453 ], [ -6.28742405309773, 53.005127027087866 ], [ -6.287439665023749, 53.005130038422507 ], [ -6.287530890005915, 53.005147801490573 ], [ -6.287650742867415, 53.005165797941203 ], [ -6.287759746877134, 53.005172221671081 ], [ -6.287909840184638, 53.005168270990133 ], [ -6.288040662780285, 53.005173031180696 ], [ -6.288045699482063, 53.005173103706689 ], [ -6.288167658321159, 53.005175129444446 ], [ -6.288216154347101, 53.005176367015238 ], [ -6.288405226877885, 53.005181246391167 ], [ -6.288587047643463, 53.005167503770572 ], [ -6.288617865020457, 53.00516516093063 ], [ -6.288798539661132, 53.005143132924381 ], [ -6.28883664287028, 53.005139906153509 ], [ -6.288839131181267, 53.005297603783681 ], [ -6.288822242710818, 53.005448010557728 ], [ -6.28881160027682, 53.005623856725535 ], [ -6.288805257404683, 53.005707206111921 ], [ -6.288793429879763, 53.005862604248769 ], [ -6.288791784607294, 53.006096878713016 ], [ -6.288791705275551, 53.006108151005762 ], [ -6.28878645194531, 53.006272029170276 ], [ -6.288787290483572, 53.006278782648856 ], [ -6.288802001874228, 53.006394678772367 ], [ -6.288917726628214, 53.00665072466419 ], [ -6.289108405597845, 53.007193149056157 ], [ -6.289222828145116, 53.007513265071076 ], [ -6.289088748883067, 53.007544054895966 ], [ -6.288781483420182, 53.007593744773558 ], [ -6.288763324355309, 53.007546382539743 ], [ -6.288663018093822, 53.007285794547897 ], [ -6.288591913932302, 53.007101042500814 ], [ -6.288508440950671, 53.00688411222901 ], [ -6.288502768931597, 53.006869019707366 ], [ -6.288493733743514, 53.006845788181252 ], [ -6.288294239111761, 53.006383504414629 ], [ -6.288201441099017, 53.006166259859299 ], [ -6.288192984216319, 53.006166041020293 ], [ -6.288154418372943, 53.006165043502797 ], [ -6.287458360366657, 53.006439781009483 ], [ -6.287583319284178, 53.006732454758129 ], [ -6.287609752788734, 53.00679431893829 ], [ -6.287642000013279, 53.006869835954447 ], [ -6.287644396170704, 53.006875446060803 ], [ -6.287779191796228, 53.006854466599805 ], [ -6.287908421335946, 53.006834394674186 ], [ -6.28809194589826, 53.006805757218082 ], [ -6.288318625365505, 53.006770459165843 ], [ -6.288336307738988, 53.006767747516669 ], [ -6.288430997115936, 53.00685027816904 ], [ -6.288447866636541, 53.006896093845988 ], [ -6.288642434502814, 53.007427070540388 ], [ -6.288677757625879, 53.007578049909753 ], [ -6.288639104160595, 53.007616863356716 ], [ -6.288387504563662, 53.007657466070967 ], [ -6.288253630989288, 53.007605381740824 ], [ -6.28801486715643, 53.007514214828923 ], [ -6.287868968253481, 53.007461687244223 ], [ -6.287768463238248, 53.007420509595292 ], [ -6.287723880120258, 53.0074072835598 ], [ -6.287697250843508, 53.007381371676772 ], [ -6.287682014669833, 53.007362635838668 ], [ -6.287497561335629, 53.007161718793839 ], [ -6.287471108388806, 53.007132903400155 ], [ -6.287416630899665, 53.007062275887897 ], [ -6.287167307290631, 53.006763046435402 ] ], [ [ -6.284562779970453, 53.008557321878996 ], [ -6.284562779970455, 53.008557321878996 ], [ -6.284544958243215, 53.008492695396917 ], [ -6.284545406388217, 53.008494321599358 ], [ -6.284562779970453, 53.008557321878996 ] ] ], [ [ [ -6.293921331650776, 53.007125773038425 ], [ -6.294534368310406, 53.006798841106836 ], [ -6.294535630935061, 53.006797960364942 ], [ -6.294540096257261, 53.006806293872962 ], [ -6.294550667374281, 53.00688419726071 ], [ -6.294570362965954, 53.006964479564189 ], [ -6.294600154750142, 53.007006884271647 ], [ -6.294704162070663, 53.007143295853176 ], [ -6.294756471667979, 53.007244270111023 ], [ -6.294807140111588, 53.007324546271661 ], [ -6.294915573072031, 53.007386145718989 ], [ -6.294979048292698, 53.007462651410151 ], [ -6.29502295215825, 53.007490066856334 ], [ -6.295088036488652, 53.007597516125003 ], [ -6.295111375059342, 53.007625895925429 ], [ -6.294722786410297, 53.007864904727491 ], [ -6.294537492705613, 53.00797889386606 ], [ -6.294093096952657, 53.008252273144528 ], [ -6.293598229990256, 53.00811923959381 ], [ -6.293466768694805, 53.008071240650821 ], [ -6.293301147562841, 53.008035515828659 ], [ -6.293291870960926, 53.008033854612812 ], [ -6.293545539563834, 53.007644780232432 ], [ -6.293532510290813, 53.007554436391302 ], [ -6.292936234002527, 53.007347226261174 ], [ -6.292608228085883, 53.007860265141133 ], [ -6.292412975474539, 53.007799933469329 ], [ -6.292118514240249, 53.007705906643196 ], [ -6.29198076779276, 53.007664647040443 ], [ -6.292001826740763, 53.007579557543536 ], [ -6.292022033411903, 53.007497331232706 ], [ -6.29205408240073, 53.00736736611934 ], [ -6.292074861928567, 53.007283080663143 ], [ -6.292110570387296, 53.007138247124374 ], [ -6.292132373675658, 53.007049841634185 ], [ -6.292144678040636, 53.006999681657568 ], [ -6.292171243474122, 53.006918266641208 ], [ -6.29217963566347, 53.006892499294615 ], [ -6.292361005382802, 53.006965036173483 ], [ -6.292648528005606, 53.007091502209086 ], [ -6.292861220972736, 53.007186330274976 ], [ -6.293203804640759, 53.007331562611313 ], [ -6.293350276394666, 53.007391552320598 ], [ -6.293462152216073, 53.007446820663453 ], [ -6.293567168842747, 53.00737686820262 ], [ -6.293596658819768, 53.007356265470911 ], [ -6.293666764102491, 53.007307286371798 ], [ -6.293713876135295, 53.007272008355251 ], [ -6.293848490827224, 53.007171469066122 ], [ -6.293921331650776, 53.007125773038425 ] ] ], [ [ [ -6.300608827730288, 53.019879842257573 ], [ -6.300579975778722, 53.019850665776147 ], [ -6.300477155754339, 53.019867353935005 ], [ -6.300230183927488, 53.019651151976724 ], [ -6.300094651427696, 53.019568046415657 ], [ -6.300068122508558, 53.019551757487612 ], [ -6.300019141694328, 53.01952175378586 ], [ -6.300033091392627, 53.019517189306811 ], [ -6.300074933958527, 53.019503585651698 ], [ -6.300030925913602, 53.019469068904023 ], [ -6.299997503947456, 53.019431108980768 ], [ -6.299922894651091, 53.019346267538687 ], [ -6.299827226347964, 53.019237395264916 ], [ -6.299734740148919, 53.019163264973294 ], [ -6.299712335895078, 53.01914523723849 ], [ -6.29968314384927, 53.019124774524855 ], [ -6.299632415784118, 53.019082970718692 ], [ -6.299387944977423, 53.018881544758131 ], [ -6.299245872122486, 53.018774165548251 ], [ -6.299154091055414, 53.018625887823305 ], [ -6.299139524935715, 53.018602399212973 ], [ -6.299202302018283, 53.018581633949204 ], [ -6.299732805738141, 53.018405852499569 ], [ -6.29978326943909, 53.018392724575705 ], [ -6.300001808457694, 53.018632349616439 ], [ -6.300268728268374, 53.01856119854029 ], [ -6.300307434024888, 53.018551946250035 ], [ -6.300076900422176, 53.018292421407466 ], [ -6.30075861083029, 53.018067531032521 ], [ -6.301143776918291, 53.017932812057957 ], [ -6.301773623082772, 53.017712508684326 ], [ -6.302025803000228, 53.017630088215093 ], [ -6.302571233981871, 53.017499360952414 ], [ -6.302575423107076, 53.017511645131108 ], [ -6.302613229783817, 53.017657171334363 ], [ -6.302677575663836, 53.017981591800194 ], [ -6.302679496382976, 53.017987075244115 ], [ -6.302705542841615, 53.018061451255214 ], [ -6.302717598987543, 53.018095689805918 ], [ -6.302760027026358, 53.01817674439723 ], [ -6.30286083150565, 53.018380428310081 ], [ -6.303010248786602, 53.018595322474795 ], [ -6.303039667588488, 53.018650752907206 ], [ -6.303074077963156, 53.01871371503001 ], [ -6.303134196187902, 53.018838975742213 ], [ -6.303127215899279, 53.018866471754308 ], [ -6.303230881531571, 53.018959724660888 ], [ -6.303217494731753, 53.018965645821353 ], [ -6.303056362648748, 53.019036694428394 ], [ -6.302487494572795, 53.019269677079279 ], [ -6.302332420694764, 53.019353107484271 ], [ -6.301950230086375, 53.019542171520953 ], [ -6.301730236318726, 53.019647733177116 ], [ -6.301488882203452, 53.019766126025495 ], [ -6.301325983616678, 53.019738001107612 ], [ -6.301276906278034, 53.019732356316979 ], [ -6.301210693542671, 53.019724758883967 ], [ -6.301074136492201, 53.019730268337483 ], [ -6.300952299877818, 53.019745965219663 ], [ -6.30091378231206, 53.019756549813899 ], [ -6.300868657024312, 53.019768950033971 ], [ -6.300771217186909, 53.019808275590883 ], [ -6.300656242802963, 53.019858946559047 ], [ -6.300608827730288, 53.019879842257573 ] ] ], [ [ [ -6.297304014257191, 53.019505917088061 ], [ -6.297284305157183, 53.019369546022752 ], [ -6.297239732644129, 53.019237044409401 ], [ -6.29723367558627, 53.019219160408021 ], [ -6.297521566589066, 53.019120092720911 ], [ -6.29791595898672, 53.019001335096867 ], [ -6.297964766237654, 53.018985674633612 ], [ -6.298058279010886, 53.018955553330997 ], [ -6.298096506640632, 53.018943246007844 ], [ -6.298188146637436, 53.018913816880406 ], [ -6.298565801717189, 53.018792300786856 ], [ -6.299015076091591, 53.018640797675694 ], [ -6.299023042912666, 53.018638304972924 ], [ -6.299027268008794, 53.018643399881036 ], [ -6.299099541969152, 53.01873126370343 ], [ -6.299126061808407, 53.018763373410962 ], [ -6.29928007376686, 53.018926653222444 ], [ -6.299363400071595, 53.019014854725086 ], [ -6.299610602705046, 53.019231241625633 ], [ -6.299619173338342, 53.019238375227232 ], [ -6.297243721658149, 53.020056687947317 ], [ -6.297275242552334, 53.019861905156461 ], [ -6.297286716798549, 53.019639240549431 ], [ -6.297304014257191, 53.019505917088061 ] ] ] ] } },
{ "type": "Feature", "properties": { "cdRbapsId": "AVO_2025_9", "color_id": 7 }, "geometry": { "type": "MultiPolygon", "coordinates": [ [ [ [ -6.277757351458987, 53.035028937634458 ], [ -6.277951261295569, 53.034872466341142 ], [ -6.278105277993712, 53.034760360639112 ], [ -6.278153308348466, 53.03471853945117 ], [ -6.278159932811219, 53.034712792824372 ], [ -6.278210259866336, 53.034681251779318 ], [ -6.278349001981863, 53.0345697335881 ], [ -6.278543905490311, 53.034412916187776 ], [ -6.278848442079963, 53.034171304623769 ], [ -6.27880218729224, 53.034162364849017 ], [ -6.278974240736353, 53.033961621719762 ], [ -6.278827459654551, 53.033765611486935 ], [ -6.278734749615547, 53.033635462367918 ], [ -6.278997033957255, 53.033336789171457 ], [ -6.279024757767341, 53.03329530296606 ], [ -6.279007888987869, 53.033240227973934 ], [ -6.278891834757571, 53.033029292969381 ], [ -6.278789277616767, 53.032763541632796 ], [ -6.279507557149929, 53.03278301376627 ], [ -6.279968413195807, 53.032787792619175 ], [ -6.279941076601673, 53.032251043197398 ], [ -6.280180007810715, 53.031722908643147 ], [ -6.280532007396729, 53.031743458920211 ], [ -6.281278558333901, 53.031775194970777 ], [ -6.281982152363258, 53.031814124865221 ], [ -6.282480004622873, 53.031859338430898 ], [ -6.282272606375931, 53.032092924328026 ], [ -6.282189938242459, 53.032217392417365 ], [ -6.282815759175178, 53.032291867934433 ], [ -6.283251049130842, 53.032345702670128 ], [ -6.283862571378174, 53.032430392916204 ], [ -6.284728291269594, 53.032601802340203 ], [ -6.285323781454488, 53.032693984809043 ], [ -6.286079739653429, 53.032802228574738 ], [ -6.287007992204738, 53.032984950059813 ], [ -6.286913535210689, 53.033162014093691 ], [ -6.286891611780821, 53.033290056021585 ], [ -6.286872835378043, 53.033549647885309 ], [ -6.286869766885846, 53.033828701425477 ], [ -6.286895717021826, 53.033977568122289 ], [ -6.28695460308295, 53.034291491543627 ], [ -6.286997144315464, 53.034524460876689 ], [ -6.287015017808415, 53.034622694871132 ], [ -6.287081391329761, 53.034816007669697 ], [ -6.287169970786278, 53.034964158392938 ], [ -6.287273727345261, 53.035166908990064 ], [ -6.286823422163851, 53.035258308779753 ], [ -6.286290432324191, 53.035384740918808 ], [ -6.285583875045504, 53.035552262976637 ], [ -6.285488588095878, 53.035585675736144 ], [ -6.285267170996826, 53.03546895678064 ], [ -6.284890987929137, 53.035307039548911 ], [ -6.284404301582864, 53.035125100616384 ], [ -6.284056095891992, 53.034998999025532 ], [ -6.283310868351118, 53.034681731229121 ], [ -6.282840959864004, 53.034480252350498 ], [ -6.282660678476476, 53.0346687485495 ], [ -6.282443744960196, 53.034909837265673 ], [ -6.282279790221293, 53.035086613065857 ], [ -6.282014081909078, 53.035351086633376 ], [ -6.281957671599231, 53.035408877739897 ], [ -6.281850137201172, 53.035524447258759 ], [ -6.281372206054354, 53.035357633163152 ], [ -6.281274183326057, 53.03529895883289 ], [ -6.280975903460709, 53.035080447771058 ], [ -6.280913923317138, 53.035253482340202 ], [ -6.280881968384046, 53.035339490846866 ], [ -6.280815762163866, 53.035442532721483 ], [ -6.280731065729981, 53.035688766663021 ], [ -6.280684298900892, 53.035803954329879 ], [ -6.280628775269203, 53.035895016041444 ], [ -6.280597993969971, 53.035932951981152 ], [ -6.280572248532318, 53.035977253580555 ], [ -6.28050595054827, 53.03606708083894 ], [ -6.280458712058838, 53.036126082477608 ], [ -6.280421465789962, 53.036215251116637 ], [ -6.280348389310478, 53.036283766482235 ], [ -6.280247882633039, 53.036275122331368 ], [ -6.280033007430911, 53.036300238864285 ], [ -6.279822168014554, 53.036316605537671 ], [ -6.279721927372833, 53.036335289878792 ], [ -6.279595891006036, 53.036356208545833 ], [ -6.279495090712946, 53.036367334247167 ], [ -6.279434320501089, 53.036370769565146 ], [ -6.279398015393531, 53.036352806598174 ], [ -6.27927755658612, 53.036239873129688 ], [ -6.279151203743994, 53.036166854946437 ], [ -6.278922720917693, 53.036045707368451 ], [ -6.278674113523621, 53.035923459096487 ], [ -6.278235432555434, 53.035737875131517 ], [ -6.278030546472039, 53.035651223794787 ], [ -6.277974184392125, 53.035627397089137 ], [ -6.277850027834313, 53.035576521050835 ], [ -6.277834053482649, 53.035569997764341 ], [ -6.277809733890148, 53.035559937090902 ], [ -6.277561906449947, 53.035458372236405 ], [ -6.277746227141106, 53.035308054352654 ], [ -6.277631188004119, 53.035235197452963 ], [ -6.2775136449533, 53.03521282145563 ], [ -6.277744518462759, 53.035039268359291 ], [ -6.277754937411166, 53.035030880149449 ], [ -6.277757351458987, 53.035028937634458 ] ] ], [ [ [ -6.278223340407834, 53.035837653293463 ], [ -6.278599378891172, 53.03599958964476 ], [ -6.278916790209808, 53.036154474284238 ], [ -6.279144824453311, 53.036299256075338 ], [ -6.278644034365297, 53.036517983598905 ], [ -6.278500664270592, 53.036541795303435 ], [ -6.278362125622902, 53.036589407362861 ], [ -6.278138252967633, 53.036614930445793 ], [ -6.278001506441704, 53.036642253086001 ], [ -6.277952723056195, 53.036696737120984 ], [ -6.277892931174601, 53.036737309298296 ], [ -6.277804842412873, 53.036765786608228 ], [ -6.277706446232839, 53.03677514791157 ], [ -6.277232858534139, 53.036536470145798 ], [ -6.277300164140458, 53.036489446415963 ], [ -6.277110238033376, 53.036400763083115 ], [ -6.277223658775642, 53.036286003024237 ], [ -6.277298214104926, 53.036217510970019 ], [ -6.277850917041362, 53.035680712665382 ], [ -6.278223340407834, 53.035837653293463 ] ] ], [ [ [ -6.244555580728621, 53.046810186757959 ], [ -6.244258579548112, 53.046729309422403 ], [ -6.24414104598646, 53.046697282052641 ], [ -6.244053645124807, 53.04667145300369 ], [ -6.24398607497637, 53.04664807302651 ], [ -6.243987124662236, 53.046607100741298 ], [ -6.244487633589178, 53.046260334138985 ], [ -6.244975295741507, 53.045932792061642 ], [ -6.245191642218541, 53.045791445690917 ], [ -6.245363441451651, 53.045680722798402 ], [ -6.245400580244525, 53.045656821836403 ], [ -6.245446866040412, 53.045698403444064 ], [ -6.24562454079242, 53.045857966200877 ], [ -6.245745646689647, 53.04595044874376 ], [ -6.245775479219272, 53.045976147468465 ], [ -6.245993717012141, 53.046163813765574 ], [ -6.246151605124449, 53.046313916479782 ], [ -6.246233876272102, 53.046384252434102 ], [ -6.24637151104269, 53.046518145574694 ], [ -6.246455161048039, 53.046566659532878 ], [ -6.246821048207537, 53.046832635775296 ], [ -6.246969710474981, 53.046934331980204 ], [ -6.247168251645523, 53.047083144867685 ], [ -6.247245039856788, 53.047124994593283 ], [ -6.247220013192833, 53.047159682002828 ], [ -6.247167446479464, 53.047521331698441 ], [ -6.24716403899095, 53.047544651694452 ], [ -6.247011151952035, 53.047559117158634 ], [ -6.246972252323557, 53.047562768445786 ], [ -6.246311317020838, 53.047625025239093 ], [ -6.246157236379953, 53.047635517050182 ], [ -6.245825148559224, 53.047658035690837 ], [ -6.245768819860748, 53.047600125856839 ], [ -6.245756601834807, 53.047585923522796 ], [ -6.245701399761528, 53.047521469532413 ], [ -6.245602058022135, 53.047283781672817 ], [ -6.24564949070798, 53.047233605245978 ], [ -6.245599860479789, 53.047213726688156 ], [ -6.245546364524727, 53.047189028055953 ], [ -6.245502080525606, 53.047164734943813 ], [ -6.245254745759963, 53.047033086590268 ], [ -6.24501561270966, 53.046941829218362 ], [ -6.244825498376893, 53.046885541102199 ], [ -6.244555580728621, 53.046810186757959 ] ] ], [ [ [ -6.245220777318615, 53.047148539485825 ], [ -6.24522093360128, 53.047214339749388 ], [ -6.245239635034673, 53.047217312225442 ], [ -6.245358437910661, 53.04723632292707 ], [ -6.245396218904745, 53.04725719439746 ], [ -6.245453083813197, 53.047289763728521 ], [ -6.245553189416209, 53.047472272416371 ], [ -6.245623402665625, 53.047615419695177 ], [ -6.245637521207451, 53.047631268013937 ], [ -6.245659292023601, 53.047655589446997 ], [ -6.24570389031095, 53.047705504484156 ], [ -6.245724717473214, 53.047728823246146 ], [ -6.245778591823301, 53.047747235390574 ], [ -6.245819690208423, 53.047756110998094 ], [ -6.245810688835779, 53.047765686768436 ], [ -6.245770571533673, 53.047808419875516 ], [ -6.245752496103527, 53.047820288715975 ], [ -6.245945704929826, 53.047815676813599 ], [ -6.246019274032427, 53.047800492479652 ], [ -6.246103387751895, 53.047783126571318 ], [ -6.246220659941851, 53.047709619906719 ], [ -6.246236055648056, 53.047690970974067 ], [ -6.246289588720171, 53.047681423480938 ], [ -6.246453002713707, 53.047659203324024 ], [ -6.24662548695994, 53.047640802856961 ], [ -6.24692697081513, 53.047608482825126 ], [ -6.24710633096752, 53.047596474988431 ], [ -6.247115953431481, 53.047595807832003 ], [ -6.247117682477669, 53.047595653543148 ], [ -6.247129771882343, 53.047594842971471 ], [ -6.247129642570991, 53.047601043160675 ], [ -6.247129549492284, 53.047609401134224 ], [ -6.247123822529529, 53.048035470749909 ], [ -6.247099247271371, 53.048374251673877 ], [ -6.247046541593768, 53.048799898533403 ], [ -6.24703842989584, 53.048884542729319 ], [ -6.247037161154627, 53.048897647301395 ], [ -6.247009898022108, 53.049181377784038 ], [ -6.247011391943398, 53.049556767568809 ], [ -6.246957915610939, 53.050028604964382 ], [ -6.246951346198474, 53.050208641180902 ], [ -6.246944733190969, 53.050216992941827 ], [ -6.246927099395319, 53.050239205290943 ], [ -6.246924770381053, 53.050242047296841 ], [ -6.246923210633506, 53.050244091672198 ], [ -6.24686922989966, 53.050552507210554 ], [ -6.246797344809398, 53.05079584964318 ], [ -6.246743919186788, 53.050863286060746 ], [ -6.24667554405246, 53.051053468001555 ], [ -6.24664945869668, 53.051126251087602 ], [ -6.24664265447201, 53.051130195628936 ], [ -6.246618835695939, 53.051144136289835 ], [ -6.246601946995812, 53.051154045276057 ], [ -6.24641021193302, 53.051155353406735 ], [ -6.246261093411408, 53.051161514199102 ], [ -6.246022877765641, 53.051147035627302 ], [ -6.245904688429134, 53.051139899592613 ], [ -6.245888534196724, 53.051140829870967 ], [ -6.24574303097075, 53.051148841037993 ], [ -6.245652033890811, 53.051153790899747 ], [ -6.245565299843771, 53.05114765778201 ], [ -6.245370976521055, 53.051133915196544 ], [ -6.24512375834471, 53.051141144171929 ], [ -6.245089022853541, 53.051142159737147 ], [ -6.244061303748004, 53.05113705936278 ], [ -6.243623687507013, 53.051130867783868 ], [ -6.243594663915837, 53.051124506766236 ], [ -6.243589663655638, 53.051123444189038 ], [ -6.243577223720168, 53.051120743698952 ], [ -6.243496765582941, 53.051114611859774 ], [ -6.243443129487838, 53.051123527402112 ], [ -6.243404851051771, 53.051129973164798 ], [ -6.243166532347232, 53.05112106023816 ], [ -6.243082629975573, 53.051117933350859 ], [ -6.243069592124041, 53.051117830653347 ], [ -6.243013877670724, 53.051117367217195 ], [ -6.243010435378662, 53.05111731636903 ], [ -6.242978336783884, 53.051117021987423 ], [ -6.242921396066052, 53.051116450508253 ], [ -6.242919428190257, 53.051116421438053 ], [ -6.242917584052121, 53.051116394195724 ], [ -6.242894091934004, 53.051116226929359 ], [ -6.242860025465856, 53.051115903445201 ], [ -6.242809356610508, 53.051115424565673 ], [ -6.242609138067867, 53.051113545131955 ], [ -6.242429192941399, 53.051103246044576 ], [ -6.242307305159082, 53.051096321435551 ], [ -6.242227521572427, 53.051091726756859 ], [ -6.242197748808759, 53.051073578432337 ], [ -6.242103152076961, 53.051015821322764 ], [ -6.24203832305521, 53.050976302319846 ], [ -6.242004843905973, 53.050958548593179 ], [ -6.241943900569837, 53.05092636769006 ], [ -6.241477572321822, 53.050667520703406 ], [ -6.241249045270995, 53.050530030887494 ], [ -6.241081993972517, 53.050432819574489 ], [ -6.240932260165205, 53.050345391994611 ], [ -6.240909787328291, 53.050332295898883 ], [ -6.240881790186818, 53.050315882219174 ], [ -6.240877224175071, 53.050313208010479 ], [ -6.24086844940024, 53.050308134532642 ], [ -6.240840933308574, 53.050291996715252 ], [ -6.240927068300245, 53.050258395053987 ], [ -6.241003503228731, 53.05022734554624 ], [ -6.241019643217543, 53.050220752937157 ], [ -6.241097779653069, 53.050169054872192 ], [ -6.241106483196573, 53.050163790449879 ], [ -6.241139666307447, 53.05014351760429 ], [ -6.241169567559862, 53.050125262687104 ], [ -6.241212088788879, 53.05009919546481 ], [ -6.241321606312486, 53.050035196643165 ], [ -6.241323871327788, 53.050033971736937 ], [ -6.241345382258388, 53.050022335026483 ], [ -6.241368359562228, 53.050010989649856 ], [ -6.241369121610872, 53.050010371718862 ], [ -6.241388856395092, 53.049994034694471 ], [ -6.241390257571292, 53.049992886900249 ], [ -6.241398090526043, 53.049984823135091 ], [ -6.241401686391443, 53.049981100212293 ], [ -6.241403614610229, 53.049979061355643 ], [ -6.241415594138729, 53.049974923973146 ], [ -6.241433815229753, 53.049968541849069 ], [ -6.241459870762806, 53.049929916781821 ], [ -6.241508799587092, 53.049906639855536 ], [ -6.241529369138745, 53.049900022781223 ], [ -6.241557421090596, 53.04989090964483 ], [ -6.241597186739331, 53.049875137479106 ], [ -6.241601382952513, 53.049872825639142 ], [ -6.241629900652772, 53.049857108294525 ], [ -6.241650048276496, 53.049836818774324 ], [ -6.241663046382913, 53.049819752017761 ], [ -6.241659717249291, 53.049807837919822 ], [ -6.241654378843477, 53.049802995070891 ], [ -6.241646067388523, 53.049795591476929 ], [ -6.241643811815675, 53.049793580651645 ], [ -6.241635259535719, 53.049786083611217 ], [ -6.241619221109692, 53.049732813177556 ], [ -6.2416182487932, 53.049729473040621 ], [ -6.241598258847687, 53.049663383144448 ], [ -6.241574226427554, 53.049583924137266 ], [ -6.241565140112522, 53.049517003994474 ], [ -6.241569158592859, 53.049475715183384 ], [ -6.241570030916399, 53.049466379989703 ], [ -6.241580164036593, 53.049416912112243 ], [ -6.241614225618369, 53.049353865735732 ], [ -6.241634584501528, 53.049316144254099 ], [ -6.241700404490873, 53.049261746927172 ], [ -6.241698836274592, 53.049257948554086 ], [ -6.241692016542975, 53.049241129038379 ], [ -6.2416927497782, 53.04921102734199 ], [ -6.24172653214032, 53.049148785775053 ], [ -6.241736934925883, 53.049135007305971 ], [ -6.241762420357636, 53.049101316547635 ], [ -6.241818783358537, 53.049034375162044 ], [ -6.241820346958012, 53.049032241023482 ], [ -6.241840401388222, 53.049005031608161 ], [ -6.241862664956742, 53.048974889521979 ], [ -6.241875167075007, 53.048957906195014 ], [ -6.241884633827205, 53.048952022901034 ], [ -6.241958728350616, 53.048905838335202 ], [ -6.241940902348637, 53.048893439412048 ], [ -6.241927140826009, 53.048883977797928 ], [ -6.241917546874834, 53.048874847440175 ], [ -6.24190440379872, 53.048862248972696 ], [ -6.241927634940632, 53.048853516618522 ], [ -6.241991110592599, 53.04882964285023 ], [ -6.242003411512548, 53.048817600237861 ], [ -6.242036090462621, 53.04878545391265 ], [ -6.242082221729395, 53.048740203349929 ], [ -6.24213835442475, 53.048684943524535 ], [ -6.242145849624249, 53.048679121856246 ], [ -6.242149279164432, 53.048676475977686 ], [ -6.242180147172455, 53.048652573212706 ], [ -6.242374399454702, 53.048502161289697 ], [ -6.242429993989088, 53.048453291425126 ], [ -6.242483586588412, 53.04840618247237 ], [ -6.242556440700148, 53.048342091101176 ], [ -6.24264537674652, 53.048275810391594 ], [ -6.242727477540687, 53.048211226339411 ], [ -6.242660053695041, 53.048202319349585 ], [ -6.242657118191621, 53.048201916435531 ], [ -6.242651733974896, 53.048201207685047 ], [ -6.242598501150324, 53.04817309596659 ], [ -6.242441323371893, 53.048084301840568 ], [ -6.242250331302609, 53.047983053011812 ], [ -6.24222166830284, 53.047967888191728 ], [ -6.242127359281232, 53.0479092364276 ], [ -6.242710470290544, 53.04749232799854 ], [ -6.243293281844113, 53.047079458078152 ], [ -6.243328610449946, 53.047054721148989 ], [ -6.243375526380405, 53.04702332494665 ], [ -6.243568230580209, 53.046891879251682 ], [ -6.243826474715436, 53.046715739162565 ], [ -6.243972248694411, 53.046740003316252 ], [ -6.244078678348897, 53.046772855663448 ], [ -6.244135506403081, 53.046788166181571 ], [ -6.244498610172834, 53.046886199782854 ], [ -6.244728463764162, 53.046947042439598 ], [ -6.244769049742559, 53.046957785866617 ], [ -6.245060294804248, 53.047053229206959 ], [ -6.245194797182892, 53.047112741308482 ], [ -6.245220777318615, 53.047148539485825 ] ] ], [ [ [ -6.238832789928818, 53.045037865482982 ], [ -6.239128749196177, 53.044772586358526 ], [ -6.239131303883774, 53.04477028715619 ], [ -6.239205081255417, 53.044701627314851 ], [ -6.2392774823005, 53.044708991151573 ], [ -6.239289546374456, 53.044714604229377 ], [ -6.239295466446354, 53.044715108039533 ], [ -6.239746043554541, 53.04477204056699 ], [ -6.240001029950021, 53.044821402263061 ], [ -6.240103385043452, 53.044840260277475 ], [ -6.240156396604895, 53.044811976585997 ], [ -6.24024121111749, 53.04486186050881 ], [ -6.240359783016238, 53.04493165909085 ], [ -6.240475698114274, 53.044997193625882 ], [ -6.240639710711402, 53.045089956673181 ], [ -6.240663259024522, 53.045103787841661 ], [ -6.240976596174074, 53.045287566990687 ], [ -6.240878319336296, 53.045362787644613 ], [ -6.240692037228512, 53.045490547922974 ], [ -6.240668497915323, 53.04550673866877 ], [ -6.240532605760089, 53.04559937973336 ], [ -6.240396463408304, 53.045692106829101 ], [ -6.240293654351508, 53.045781911300459 ], [ -6.239943657299514, 53.045972505912793 ], [ -6.23955418610527, 53.046195863680822 ], [ -6.23932287765886, 53.046332574036903 ], [ -6.239190402758528, 53.046365399498562 ], [ -6.239044105948358, 53.046335907453113 ], [ -6.238703012307261, 53.046163127671882 ], [ -6.238479089322941, 53.046058328869307 ], [ -6.238089274298376, 53.0458556119804 ], [ -6.23795889325627, 53.045776827398775 ], [ -6.237964317832104, 53.045767469777338 ], [ -6.238178650729514, 53.045570466118669 ], [ -6.238530969743243, 53.045277799234192 ], [ -6.238832789928818, 53.045037865482982 ] ] ], [ [ [ -6.240163529991285, 53.046955797670222 ], [ -6.239852214177414, 53.046791641442304 ], [ -6.239427283910208, 53.046580948875132 ], [ -6.239216209895125, 53.046465645307421 ], [ -6.239421643697461, 53.046363158984448 ], [ -6.239672207535907, 53.046221880506657 ], [ -6.239944115662114, 53.046106175206148 ], [ -6.240091686161711, 53.046013797492968 ], [ -6.240375114658776, 53.045820598773886 ], [ -6.240571388190189, 53.045710334697091 ], [ -6.240523872203659, 53.045668822848391 ], [ -6.240594455541168, 53.045630227465523 ], [ -6.240624147466759, 53.04561403696249 ], [ -6.240718772734486, 53.045546942985695 ], [ -6.240868632029828, 53.045440576033116 ], [ -6.240949585934296, 53.045455435956399 ], [ -6.241105197883355, 53.045352749212192 ], [ -6.241288175050953, 53.045454151153891 ], [ -6.241463758007992, 53.045564971347197 ], [ -6.241723340695421, 53.045706516446721 ], [ -6.242023618212219, 53.045872841677358 ], [ -6.242170546898273, 53.045954328281837 ], [ -6.242178807011975, 53.045958909582311 ], [ -6.242253846174991, 53.046001276944523 ], [ -6.242319383002511, 53.046038290471053 ], [ -6.242350932607388, 53.046055025991919 ], [ -6.24246810384367, 53.046117071562506 ], [ -6.24255252143413, 53.046161734567889 ], [ -6.243109015488625, 53.046483212517181 ], [ -6.243358605705203, 53.046628740186776 ], [ -6.243498240423934, 53.046710173110093 ], [ -6.243534274730308, 53.046728592478814 ], [ -6.24348148491294, 53.04676223991688 ], [ -6.243333204720392, 53.046857037324472 ], [ -6.243266613245206, 53.046903334449311 ], [ -6.243201798158153, 53.046948309493409 ], [ -6.243235534162496, 53.046989976245918 ], [ -6.243017017563862, 53.047135961098903 ], [ -6.242641748311637, 53.047409515933431 ], [ -6.242586345205659, 53.047448221774744 ], [ -6.242052328168985, 53.04782129719004 ], [ -6.24200307240161, 53.047855714400939 ], [ -6.241826647641547, 53.047774366011382 ], [ -6.241662844863907, 53.047679180914457 ], [ -6.241605592229903, 53.047650110459045 ], [ -6.241553687574798, 53.047631724633234 ], [ -6.241479083640628, 53.047599790906226 ], [ -6.241386675835242, 53.047557975239684 ], [ -6.24131436850075, 53.047524007098794 ], [ -6.241202568542535, 53.047472017137721 ], [ -6.241037652073715, 53.047386073797504 ], [ -6.241000105963278, 53.047365563046682 ], [ -6.240979726082805, 53.04735546412342 ], [ -6.240972853739679, 53.04735203672211 ], [ -6.240927264467405, 53.047329416929145 ], [ -6.240547677479577, 53.047141074953046 ], [ -6.240163529991285, 53.046955797670222 ] ] ] ] } },
{ "type": "Feature", "properties": { "cdRbapsId": "AVO_2025_8", "color_id": 6 }, "geometry": { "type": "MultiPolygon", "coordinates": [ [ [ [ -6.239847218739413, 53.050778236354425 ], [ -6.240020533169773, 53.050715722094672 ], [ -6.240129859248576, 53.050650464024748 ], [ -6.240131689445514, 53.050647794539628 ], [ -6.240139286308742, 53.050636491485314 ], [ -6.240205413250547, 53.050619942201429 ], [ -6.240222566713053, 53.050615610932105 ], [ -6.240225154639255, 53.050612503228869 ], [ -6.240239266999606, 53.05059527423829 ], [ -6.240243409846979, 53.050590212059106 ], [ -6.240245095827104, 53.050588079751506 ], [ -6.240257782814889, 53.050572627380106 ], [ -6.240281336096265, 53.050565245693591 ], [ -6.240319137900276, 53.050564456670116 ], [ -6.2403856130333, 53.05051519322361 ], [ -6.240464742839055, 53.050478431254561 ], [ -6.240493670213779, 53.050468971774386 ], [ -6.240516103183908, 53.050437752917553 ], [ -6.240577740528342, 53.050416642741489 ], [ -6.24064146268704, 53.050383607703772 ], [ -6.240679125955004, 53.050383176059654 ], [ -6.240691928571216, 53.050383005884882 ], [ -6.240705833572199, 53.050373863466177 ], [ -6.240799743169168, 53.050312511493019 ], [ -6.240808861895212, 53.050309140827963 ], [ -6.240816356884154, 53.050306375345208 ], [ -6.240831480791087, 53.050297519697445 ], [ -6.240840933308574, 53.050291996715252 ], [ -6.24086844940024, 53.050308134532642 ], [ -6.240877224175071, 53.050313208010479 ], [ -6.240881790186818, 53.050315882219174 ], [ -6.240909787328291, 53.050332295898883 ], [ -6.240932260165205, 53.050345391994611 ], [ -6.241081993972517, 53.050432819574489 ], [ -6.241249045270995, 53.050530030887494 ], [ -6.241477572321822, 53.050667520703406 ], [ -6.241943900569837, 53.05092636769006 ], [ -6.242004843905973, 53.050958548593179 ], [ -6.24203832305521, 53.050976302319846 ], [ -6.242103152076961, 53.051015821322764 ], [ -6.242197748808759, 53.051073578432337 ], [ -6.242227521572427, 53.051091726756859 ], [ -6.242307305159082, 53.051096321435551 ], [ -6.242429192941399, 53.051103246044576 ], [ -6.242609138067867, 53.051113545131955 ], [ -6.242809356610508, 53.051115424565673 ], [ -6.242860025465856, 53.051115903445201 ], [ -6.242894091934004, 53.051116226929359 ], [ -6.242917584052121, 53.051116394195724 ], [ -6.242919428190257, 53.051116421438053 ], [ -6.242921396066052, 53.051116450508253 ], [ -6.242978336783884, 53.051117021987423 ], [ -6.243010435378662, 53.05111731636903 ], [ -6.243013877670724, 53.051117367217195 ], [ -6.243069592124041, 53.051117830653347 ], [ -6.243082629975573, 53.051117933350859 ], [ -6.243166532347232, 53.05112106023816 ], [ -6.243404851051771, 53.051129973164798 ], [ -6.243443129487838, 53.051123527402112 ], [ -6.243496765582941, 53.051114611859774 ], [ -6.243577223720168, 53.051120743698952 ], [ -6.243589663655638, 53.051123444189038 ], [ -6.243594663915837, 53.051124506766236 ], [ -6.243623687507013, 53.051130867783868 ], [ -6.24363008325403, 53.0511309586308 ], [ -6.244061303748004, 53.05113705936278 ], [ -6.245089022853541, 53.051142159737147 ], [ -6.24512375834471, 53.051141144171929 ], [ -6.245370976521055, 53.051133915196544 ], [ -6.245565299843771, 53.05114765778201 ], [ -6.245652033890811, 53.051153790899747 ], [ -6.24574303097075, 53.051148841037993 ], [ -6.245888534196724, 53.051140829870967 ], [ -6.245904688429134, 53.051139899592613 ], [ -6.246022877765641, 53.051147035627302 ], [ -6.246261093411408, 53.051161514199102 ], [ -6.24641021193302, 53.051155353406735 ], [ -6.246601946995812, 53.051154045276057 ], [ -6.246554222507808, 53.051268936151828 ], [ -6.246511643287806, 53.051305521002469 ], [ -6.246445050702575, 53.051430561281222 ], [ -6.246362338976806, 53.051585924905922 ], [ -6.24634090068345, 53.051626057256698 ], [ -6.246326624140441, 53.051653442482426 ], [ -6.246245915936266, 53.05180793671154 ], [ -6.246165604567997, 53.051961717654152 ], [ -6.24603795231697, 53.052187518638931 ], [ -6.245778827474198, 53.052681580541204 ], [ -6.245766274353567, 53.052702878012127 ], [ -6.24572280520267, 53.052776484035377 ], [ -6.245614733044626, 53.052959337577121 ], [ -6.245587892809454, 53.053014311988662 ], [ -6.245488556266508, 53.053218328340499 ], [ -6.245442384147101, 53.053313017455423 ], [ -6.245440853062281, 53.053317399254134 ], [ -6.24539843849418, 53.05344072732845 ], [ -6.245391180472517, 53.053461923097956 ], [ -6.245357876381296, 53.053454870184297 ], [ -6.244818347355461, 53.053340034567967 ], [ -6.244771269386171, 53.053341946548876 ], [ -6.244536863436679, 53.053351521593733 ], [ -6.244420873751484, 53.053338573137708 ], [ -6.244294654678549, 53.053316935364393 ], [ -6.244195071782791, 53.053299915257931 ], [ -6.244178332124494, 53.053297061480833 ], [ -6.244114058235707, 53.05328613540788 ], [ -6.243863815710017, 53.053267609073025 ], [ -6.243806858722933, 53.053255262808719 ], [ -6.243694105694392, 53.053226272840362 ], [ -6.24352057446656, 53.053206271762683 ], [ -6.243207147251502, 53.053189418550652 ], [ -6.243111188584725, 53.053152855141725 ], [ -6.243069692393428, 53.053157788146386 ], [ -6.243060746179209, 53.053158851479168 ], [ -6.242975524442865, 53.053124514816247 ], [ -6.242834391082265, 53.053100586911064 ], [ -6.242762784408334, 53.053094495475179 ], [ -6.242737553500263, 53.053100775145765 ], [ -6.242648056487651, 53.0531594073897 ], [ -6.242583021254787, 53.053179299934882 ], [ -6.242526374994896, 53.053219811169377 ], [ -6.242476717891335, 53.053266987283251 ], [ -6.242460850558708, 53.053327336499926 ], [ -6.24236406772691, 53.053395658389185 ], [ -6.242356392765084, 53.053487499557058 ], [ -6.242265314947985, 53.053539636408729 ], [ -6.242211856440236, 53.053598531228054 ], [ -6.242167151444934, 53.053663038396735 ], [ -6.242107071137674, 53.053703229029267 ], [ -6.242092272177445, 53.053713167369118 ], [ -6.242051823916785, 53.053751670634469 ], [ -6.242040525812725, 53.053775323291354 ], [ -6.242009494625854, 53.053936121797605 ], [ -6.241965073264645, 53.053987599698075 ], [ -6.241850333872588, 53.05405574566344 ], [ -6.241847370887333, 53.054055971523951 ], [ -6.241785665398515, 53.054060542451992 ], [ -6.241752964415685, 53.054065902529565 ], [ -6.241665226816987, 53.054069189738065 ], [ -6.24152584977656, 53.054047353625705 ], [ -6.241344866321967, 53.054038116253366 ], [ -6.241277602119334, 53.054030934007884 ], [ -6.241262787206156, 53.054029352294265 ], [ -6.241111494990109, 53.054013093083014 ], [ -6.240936456055922, 53.054005920469315 ], [ -6.240773082591882, 53.054159368317592 ], [ -6.240680134380478, 53.054196913969655 ], [ -6.240628521903159, 53.054214160914263 ], [ -6.239758126434343, 53.053766465406028 ], [ -6.239206481169879, 53.053482712650627 ], [ -6.238843935494374, 53.053296225130033 ], [ -6.238843857370883, 53.053296275208034 ], [ -6.238616305687978, 53.05344170218541 ], [ -6.238513987342467, 53.053461579728818 ], [ -6.238379005235779, 53.05340753610411 ], [ -6.238322253689769, 53.053305752404611 ], [ -6.238098529149257, 53.053189181173437 ], [ -6.23802383881138, 53.053154806376725 ], [ -6.237988750155655, 53.053138657307102 ], [ -6.237902719141566, 53.053106191690041 ], [ -6.237736393244877, 53.053184086094234 ], [ -6.237550666516553, 53.053058998339544 ], [ -6.237535461689324, 53.05304870587031 ], [ -6.237424915091982, 53.052974798975995 ], [ -6.237297001584144, 53.052889308138724 ], [ -6.237059074988247, 53.052716884423951 ], [ -6.236905160188023, 53.052605300519154 ], [ -6.23685425320418, 53.052568411056001 ], [ -6.236909166100697, 53.05246801215452 ], [ -6.236946128974941, 53.05241247058742 ], [ -6.237143495807188, 53.052442182659114 ], [ -6.237303198218819, 53.052466211869991 ], [ -6.237334257851955, 53.052470896770245 ], [ -6.237664496204947, 53.052558037190636 ], [ -6.237704723799079, 53.052570228439166 ], [ -6.237789746357104, 53.052600252361181 ], [ -6.237917345263415, 53.052645197858716 ], [ -6.23798760968706, 53.052641924248157 ], [ -6.238093250805982, 53.052637017376057 ], [ -6.238334308116235, 53.052575690536472 ], [ -6.238341655233163, 53.052573820972981 ], [ -6.238328672457762, 53.052545223977312 ], [ -6.23832903158717, 53.052536420519004 ], [ -6.238323928201078, 53.052435311852541 ], [ -6.238316190914897, 53.052377669647491 ], [ -6.238276116416953, 53.052316492384165 ], [ -6.238185835907506, 53.052258526425014 ], [ -6.23808186053353, 53.05221959392901 ], [ -6.238018965832856, 53.052174977010885 ], [ -6.237969471442276, 53.052190872634043 ], [ -6.237752017120019, 53.051917810339923 ], [ -6.237694319832512, 53.051845315855715 ], [ -6.237644522341585, 53.051841521927166 ], [ -6.237734678091913, 53.051803037523513 ], [ -6.237884325683292, 53.05169954744742 ], [ -6.237906216714568, 53.051690703432435 ], [ -6.237914725397911, 53.051687234063799 ], [ -6.237947060169956, 53.051699847622039 ], [ -6.237961472763499, 53.051705454261089 ], [ -6.238039273284247, 53.051731505954571 ], [ -6.238055779712723, 53.051737053713182 ], [ -6.238108816834735, 53.051766962251989 ], [ -6.238180502396037, 53.051822315828808 ], [ -6.238277471606938, 53.051888200908287 ], [ -6.238390444187909, 53.051953874394229 ], [ -6.238625686754387, 53.052047334458308 ], [ -6.238747164608784, 53.0520885040252 ], [ -6.238823176792187, 53.052122258867648 ], [ -6.238940290348671, 53.052182958647883 ], [ -6.238944386433267, 53.052185086659222 ], [ -6.238969884762267, 53.052196430204567 ], [ -6.239061121336363, 53.052236971934704 ], [ -6.239060904983549, 53.052251350407985 ], [ -6.239060839049095, 53.052252967370443 ], [ -6.239060754799507, 53.052255033489118 ], [ -6.239060759832477, 53.052257909898884 ], [ -6.239069142039054, 53.052275651547802 ], [ -6.239069712313923, 53.052276738616229 ], [ -6.239090549918508, 53.052320912117736 ], [ -6.239126220035127, 53.052396586241933 ], [ -6.239276003182235, 53.052582442265596 ], [ -6.239528909500605, 53.052858453286518 ], [ -6.239524126824018, 53.05286771261072 ], [ -6.239644285642619, 53.052793069464549 ], [ -6.239629279322157, 53.052785655639013 ], [ -6.239586725898855, 53.052810410402252 ], [ -6.239319188956421, 53.05253112682859 ], [ -6.239240731947331, 53.052433606423214 ], [ -6.239201948304716, 53.052370920536859 ], [ -6.239161374576097, 53.05225859045531 ], [ -6.239160937537407, 53.052257235703337 ], [ -6.239172494730414, 53.052254440572803 ], [ -6.239234242029275, 53.052239714574689 ], [ -6.239364476819998, 53.052189867465508 ], [ -6.239429867888235, 53.052167284481655 ], [ -6.239579116430493, 53.052124819524124 ], [ -6.239720083517884, 53.052104434432657 ], [ -6.239794820950467, 53.052090979013521 ], [ -6.239799779527979, 53.052090063652891 ], [ -6.239846340934269, 53.052085719095572 ], [ -6.239897307818246, 53.052124225193616 ], [ -6.239909323803318, 53.052134291301655 ], [ -6.239960262943107, 53.052176482265246 ], [ -6.23983730730596, 53.052243966305497 ], [ -6.239704634090984, 53.052305373068222 ], [ -6.239656433028041, 53.052330576395939 ], [ -6.239631721287573, 53.052411582184391 ], [ -6.23974024580549, 53.052496543566974 ], [ -6.239883467510905, 53.052538356427348 ], [ -6.239982388659675, 53.052580241684034 ], [ -6.239994576684434, 53.052584625971001 ], [ -6.240268683683864, 53.052423252761344 ], [ -6.240581044962026, 53.052239241756091 ], [ -6.24057756300219, 53.05223595167827 ], [ -6.240614223285933, 53.052214921438889 ], [ -6.240600372344812, 53.052192513953621 ], [ -6.240549512194139, 53.052121200649474 ], [ -6.240651718040793, 53.05209790406532 ], [ -6.240627786609029, 53.052063212941704 ], [ -6.240878458093089, 53.051813521701121 ], [ -6.240625832428442, 53.051505768329612 ], [ -6.239855248457125, 53.051837197137687 ], [ -6.239736560149263, 53.05196802808689 ], [ -6.239698417750734, 53.051974946575804 ], [ -6.23948720659981, 53.05201325780412 ], [ -6.239491241803472, 53.052019880068066 ], [ -6.239534867596434, 53.052090547451741 ], [ -6.239535944374135, 53.052100360905342 ], [ -6.239460047878817, 53.052115057403313 ], [ -6.239334952969621, 53.052159587569712 ], [ -6.239307917385645, 53.052170872487366 ], [ -6.239202601635157, 53.052213088618714 ], [ -6.239153254138096, 53.052225391487532 ], [ -6.239119126867542, 53.052223537983828 ], [ -6.239116468592265, 53.052222330118994 ], [ -6.239113691730356, 53.05222103061304 ], [ -6.239098362276386, 53.05221379260405 ], [ -6.239094739847064, 53.05221212103767 ], [ -6.239071074667109, 53.052201074314873 ], [ -6.239061776272555, 53.052196801923571 ], [ -6.239005389938797, 53.052170528639685 ], [ -6.238892843210717, 53.05210944711348 ], [ -6.238808231637492, 53.052075386114218 ], [ -6.238775065458045, 53.052062040500843 ], [ -6.238556247464952, 53.051982127019237 ], [ -6.238444274577838, 53.051934176838898 ], [ -6.238314182507806, 53.051865913724463 ], [ -6.23822044176081, 53.051802323631499 ], [ -6.238184542252023, 53.051774555685554 ], [ -6.238147329389721, 53.051745780432768 ], [ -6.238123276842753, 53.051732210985605 ], [ -6.238086594455864, 53.051711532366781 ], [ -6.238076643901358, 53.051708149091368 ], [ -6.23803009119675, 53.051692542098174 ], [ -6.237988284439269, 53.051678526254641 ], [ -6.237986227281634, 53.051677686810862 ], [ -6.237961640198824, 53.051668153360374 ], [ -6.237889948546826, 53.051640125647829 ], [ -6.237886196633988, 53.051638631896616 ], [ -6.237781279145248, 53.051577572433011 ], [ -6.237776951851838, 53.051575081413169 ], [ -6.237743298579511, 53.051552559968471 ], [ -6.237737193121593, 53.051548424663011 ], [ -6.23778198051789, 53.051539290700866 ], [ -6.237922845151336, 53.051524389242907 ], [ -6.237925449252106, 53.05152388850793 ], [ -6.238034789972876, 53.051503665192044 ], [ -6.238191064813794, 53.051448811977338 ], [ -6.238219647083536, 53.05143880861975 ], [ -6.23836318863835, 53.051388440622603 ], [ -6.238596244914983, 53.051272971805496 ], [ -6.238616209500072, 53.05126311039286 ], [ -6.238627210696378, 53.051257995227893 ], [ -6.238880573375218, 53.051140193819428 ], [ -6.239597180510431, 53.050881861027854 ], [ -6.239847218739413, 53.050778236354425 ] ], [ [ -6.241196323819757, 53.051648823306188 ], [ -6.241194019477675, 53.05165079188032 ], [ -6.241227324926455, 53.051622341240261 ], [ -6.241196323819757, 53.051648823306188 ] ], [ [ -6.241156698760575, 53.051670768959355 ], [ -6.241210836118825, 53.051656826470563 ], [ -6.241204269286095, 53.051658517190482 ], [ -6.241156698760575, 53.051670768959355 ] ] ] ] } },
{ "type": "Feature", "properties": { "cdRbapsId": "AVO_2025_13", "color_id": 14 }, "geometry": { "type": "MultiPolygon", "coordinates": [ [ [ [ -6.279203563630688, 53.052827454105341 ], [ -6.279186638070995, 53.0528076134283 ], [ -6.279169946259668, 53.052788046684036 ], [ -6.278989839949845, 53.052803058365825 ], [ -6.278783482303212, 53.052760523085468 ], [ -6.278354727656582, 53.052710543175714 ], [ -6.278117711706597, 53.052690213088511 ], [ -6.278093309668374, 53.052688152026832 ], [ -6.278032205251249, 53.052720975205503 ], [ -6.277556781965269, 53.052699799956464 ], [ -6.27751248575126, 53.05268136038373 ], [ -6.277380630612389, 53.052683496620325 ], [ -6.277246828073664, 53.052734411143561 ], [ -6.277174285059909, 53.05275789994915 ], [ -6.277123549858573, 53.052765164853135 ], [ -6.27708500787997, 53.052802988369351 ], [ -6.276961541656683, 53.052844615270438 ], [ -6.276577698106994, 53.052911772230836 ], [ -6.276485358495749, 53.052931826912875 ], [ -6.276221008034589, 53.052973658715636 ], [ -6.276194505228615, 53.052944062017772 ], [ -6.276305713523268, 53.052882842221543 ], [ -6.276347713823756, 53.05285702466859 ], [ -6.276413376301404, 53.052811774383457 ], [ -6.276516067389054, 53.052726522470955 ], [ -6.276660508164712, 53.05261868413865 ], [ -6.276733695242676, 53.052563654451831 ], [ -6.276750825935143, 53.052510510061111 ], [ -6.276746114592759, 53.052471341840707 ], [ -6.27670893723268, 53.052410219850351 ], [ -6.2766486556713, 53.052357661718112 ], [ -6.27654734978363, 53.052306486616324 ], [ -6.276387207656361, 53.052240526692003 ], [ -6.276278953306829, 53.052218553174143 ], [ -6.276096911551069, 53.052303644506722 ], [ -6.276001040797706, 53.052356726204735 ], [ -6.275848378696923, 53.0522667838895 ], [ -6.275495931905228, 53.052074621206543 ], [ -6.275003222052483, 53.051802581176027 ], [ -6.275043049224745, 53.051729542037691 ], [ -6.275069722796144, 53.051653165261179 ], [ -6.275078294485018, 53.051577156064198 ], [ -6.275082173545437, 53.051538560864145 ], [ -6.275119654594894, 53.051401039224508 ], [ -6.275112603359112, 53.051211006342463 ], [ -6.275122553567845, 53.051032726182576 ], [ -6.275098679402316, 53.050854224267091 ], [ -6.275319711180827, 53.050954147476283 ], [ -6.275757276183427, 53.051149612946276 ], [ -6.275870158468234, 53.05120041724566 ], [ -6.276093918000867, 53.051302984293358 ], [ -6.276557747142263, 53.051512579816318 ], [ -6.277050173959231, 53.051733284053412 ], [ -6.27728823747891, 53.051539071537789 ], [ -6.277471164453154, 53.051397723227701 ], [ -6.277646815181197, 53.05126291986894 ], [ -6.277734801625515, 53.051188419962095 ], [ -6.277780510035786, 53.051152857241782 ], [ -6.277979941525961, 53.050998623024888 ], [ -6.278130001527865, 53.050885381306315 ], [ -6.278208465032093, 53.050833663867941 ], [ -6.27822497621068, 53.050820689783329 ], [ -6.278296447662351, 53.050885723344265 ], [ -6.27837896579207, 53.050994601748371 ], [ -6.278669805383094, 53.050982362083602 ], [ -6.278720442083142, 53.050980578090403 ], [ -6.278978560212548, 53.050971279776078 ], [ -6.279133229471713, 53.051001651588003 ], [ -6.279624848508663, 53.051066739890388 ], [ -6.279814439819008, 53.051082155692015 ], [ -6.280305523413253, 53.051132941716823 ], [ -6.280696864161378, 53.051176711141068 ], [ -6.280967878785877, 53.051195818787249 ], [ -6.281239884037589, 53.05123022146639 ], [ -6.281569259995849, 53.051279114890825 ], [ -6.281886891322943, 53.051310938487909 ], [ -6.28226488362379, 53.051365565762296 ], [ -6.282314826814245, 53.051272984655306 ], [ -6.282359742765917, 53.051183028377686 ], [ -6.28241951076311, 53.051069195592319 ], [ -6.282504331189986, 53.050937928205911 ], [ -6.282757014830174, 53.050953890771993 ], [ -6.282979757689177, 53.050967892552983 ], [ -6.28319164085185, 53.050982726804484 ], [ -6.283513590207301, 53.051038968097167 ], [ -6.283704405570214, 53.051076237384372 ], [ -6.283938781936121, 53.051107124715742 ], [ -6.283945634542016, 53.051108032544334 ], [ -6.283947473071658, 53.051108238839042 ], [ -6.284031345418779, 53.051121493432284 ], [ -6.284288588981157, 53.051162057992059 ], [ -6.284550844507874, 53.051203502340599 ], [ -6.284598344981402, 53.051274479172058 ], [ -6.284721350004341, 53.051306094837493 ], [ -6.284748994191313, 53.051313234849339 ], [ -6.285567394617413, 53.051524042455583 ], [ -6.28582667506852, 53.051590879402028 ], [ -6.28587319700464, 53.051602875330687 ], [ -6.285961996331985, 53.0516346268505 ], [ -6.286101864436934, 53.051684731599174 ], [ -6.286226005574336, 53.051768406296389 ], [ -6.286261232909884, 53.051792194923621 ], [ -6.286336483875221, 53.051839840347427 ], [ -6.286482736384242, 53.051899564414569 ], [ -6.286568163835467, 53.051851986658441 ], [ -6.286787237509323, 53.051797345370943 ], [ -6.287138695698371, 53.05182020419084 ], [ -6.287271360272697, 53.05183793425801 ], [ -6.287436332576067, 53.051859995287593 ], [ -6.287471823914993, 53.051864730866406 ], [ -6.288065801985181, 53.051914988631786 ], [ -6.288109706811452, 53.051921642806761 ], [ -6.288127169159437, 53.051924950209816 ], [ -6.288392518923482, 53.051963014936845 ], [ -6.288707296870309, 53.052020487148106 ], [ -6.289152514387562, 53.05215812621978 ], [ -6.28947005615778, 53.052273253211929 ], [ -6.28980062006968, 53.052463441516778 ], [ -6.290009566889299, 53.052593095013151 ], [ -6.290125254478182, 53.052688509727822 ], [ -6.290266032039958, 53.052793543101167 ], [ -6.290267822946723, 53.052794917115293 ], [ -6.290290458768869, 53.052838477961565 ], [ -6.290267020566733, 53.052883533787345 ], [ -6.289811177899776, 53.052861699399607 ], [ -6.289452455481329, 53.05286049710174 ], [ -6.289384996380655, 53.05285206563768 ], [ -6.289311959957281, 53.052853981459499 ], [ -6.28925444344768, 53.052855492155366 ], [ -6.289097659049282, 53.05285952906241 ], [ -6.288891717533877, 53.052855937498315 ], [ -6.288886910593852, 53.052856138002944 ], [ -6.288813951618677, 53.052859223135769 ], [ -6.28878794477433, 53.052860377039167 ], [ -6.288785479142135, 53.052860521337536 ], [ -6.288699652060936, 53.052852994636908 ], [ -6.288655389835889, 53.052849121974418 ], [ -6.288612842500875, 53.052845453738463 ], [ -6.288300439578984, 53.052855160358455 ], [ -6.287858272342013, 53.052891852319064 ], [ -6.287569049765428, 53.052934428985957 ], [ -6.287564350744346, 53.052935519052987 ], [ -6.287313616435355, 53.05299367254414 ], [ -6.287303277809108, 53.052996849420239 ], [ -6.287061259191447, 53.053071475232251 ], [ -6.286823236161611, 53.053132225954066 ], [ -6.286807451282209, 53.053136223194635 ], [ -6.286805711451136, 53.053136647560208 ], [ -6.286771311299967, 53.05314469205171 ], [ -6.286705998902494, 53.053162806912653 ], [ -6.286570870016029, 53.053204006096834 ], [ -6.286411091103674, 53.053246287276735 ], [ -6.286274960853876, 53.053278573102453 ], [ -6.286264402528009, 53.053281117529821 ], [ -6.286263548511214, 53.053281323645791 ], [ -6.286156200908275, 53.053307244003655 ], [ -6.286139103855178, 53.0533124635596 ], [ -6.286078608678963, 53.053330934220071 ], [ -6.286000018056157, 53.053354970438043 ], [ -6.286023412001571, 53.053339037478679 ], [ -6.286102561317469, 53.05328543718241 ], [ -6.286155555647502, 53.053242875361882 ], [ -6.286029461715287, 53.053183531290173 ], [ -6.285789355030492, 53.053070409936467 ], [ -6.285291521750627, 53.053055684063892 ], [ -6.284213817111421, 53.053031694192157 ], [ -6.283840128312552, 53.053023157279824 ], [ -6.282795391410853, 53.052999360536731 ], [ -6.282542784088546, 53.052993556227072 ], [ -6.282541965763734, 53.05299462752442 ], [ -6.282190657928679, 53.0534543520331 ], [ -6.282103746101089, 53.053446265597465 ], [ -6.282094305817369, 53.053445410177559 ], [ -6.282085969718553, 53.053444660589037 ], [ -6.282040824338798, 53.053441312019125 ], [ -6.281609998823135, 53.053409112118082 ], [ -6.281409338144079, 53.053402617695582 ], [ -6.281258416581856, 53.053348932097975 ], [ -6.28113554216347, 53.053301584010427 ], [ -6.280996835256881, 53.053287265303176 ], [ -6.280778810059018, 53.053287350116911 ], [ -6.280705771203418, 53.05329240659615 ], [ -6.2804008665335, 53.053348492503815 ], [ -6.280348641696913, 53.053387018098654 ], [ -6.280285580934446, 53.053410285444002 ], [ -6.280202398119227, 53.053407464853905 ], [ -6.280087329203496, 53.053395823859319 ], [ -6.280016314500802, 53.053430392337248 ], [ -6.279890436667008, 53.053439897581569 ], [ -6.27982447850159, 53.053424741922974 ], [ -6.279733472693618, 53.053451469896494 ], [ -6.279644665485355, 53.053447758610162 ], [ -6.27955366240965, 53.053418846818609 ], [ -6.27958722695562, 53.053382389582168 ], [ -6.279607454936536, 53.053260706506222 ], [ -6.279629802898147, 53.053221659235163 ], [ -6.279591230701389, 53.053158360770539 ], [ -6.279554144035973, 53.053110274331907 ], [ -6.279452563105907, 53.053028805644608 ], [ -6.279284348113022, 53.052915182871558 ], [ -6.279217252428404, 53.052869898059932 ], [ -6.279203563630688, 53.052827454105341 ] ], [ [ -6.282431904984634, 53.05299105636778 ], [ -6.282428185089447, 53.052994867703966 ], [ -6.28242867494924, 53.052994366028919 ], [ -6.282431904984634, 53.05299105636778 ] ], [ [ -6.282304586806063, 53.053151283024334 ], [ -6.282296297834266, 53.053161276274437 ], [ -6.282181039706139, 53.053300238511092 ], [ -6.282304586806063, 53.053151283024334 ] ] ], [ [ [ -6.291573219403749, 53.054959618275994 ], [ -6.291736119446494, 53.054944249626274 ], [ -6.291895371563771, 53.054741147223268 ], [ -6.292248541510128, 53.054668466064172 ], [ -6.292076995018932, 53.054522993737933 ], [ -6.291839377536371, 53.05432147301434 ], [ -6.291889819716339, 53.054212715944466 ], [ -6.292314325107498, 53.054184204543873 ], [ -6.292859771489749, 53.054143405396026 ], [ -6.293013109806087, 53.054755753462203 ], [ -6.293061896767387, 53.055028089715208 ], [ -6.292281515585876, 53.055104078683101 ], [ -6.291116180473597, 53.055209947382998 ], [ -6.28949177623844, 53.05539019215265 ], [ -6.288733447643371, 53.05550548501774 ], [ -6.288717720516551, 53.055508045189129 ], [ -6.287999994988814, 53.055623289232791 ], [ -6.2879873789255, 53.055600096251567 ], [ -6.288009238316074, 53.055563917639759 ], [ -6.288078045278581, 53.05548257165659 ], [ -6.288160517851457, 53.055379310641513 ], [ -6.288162612685095, 53.055376104936272 ], [ -6.288265487090206, 53.055214441788642 ], [ -6.288383645391443, 53.05499619039351 ], [ -6.28841516504421, 53.054942891933784 ], [ -6.288481235453708, 53.054831215169607 ], [ -6.288560785197665, 53.054829573320198 ], [ -6.288730630335625, 53.054809725483686 ], [ -6.289149080031365, 53.054763430913816 ], [ -6.289299347111325, 53.0547439289709 ], [ -6.28932000126678, 53.054741259812872 ], [ -6.289586026858395, 53.054706793550842 ], [ -6.289676370651343, 53.054690475178731 ], [ -6.289912923444786, 53.05464210169368 ], [ -6.290297138689234, 53.054549918214668 ], [ -6.290460368527289, 53.054507501642171 ], [ -6.290660476390603, 53.054525028631168 ], [ -6.290819322889427, 53.054524974187572 ], [ -6.290833460981345, 53.054556367349029 ], [ -6.290896151441498, 53.054685356601823 ], [ -6.29089682398384, 53.054686984190781 ], [ -6.290932626917781, 53.054777204500255 ], [ -6.290985065316002, 53.054882315921986 ], [ -6.291005632408291, 53.054944003605058 ], [ -6.291019700193806, 53.055005149382211 ], [ -6.291048596289917, 53.055049158639754 ], [ -6.291055257620825, 53.055095366119843 ], [ -6.291188534633791, 53.055079213982431 ], [ -6.291193293432966, 53.055008721916685 ], [ -6.291543329308453, 53.054962514710709 ], [ -6.291573219403749, 53.054959618275994 ] ] ], [ [ [ -6.285948416584231, 53.054825486091964 ], [ -6.285824522722359, 53.054351078217792 ], [ -6.285721164497079, 53.053997863027938 ], [ -6.285944691872435, 53.05397699513447 ], [ -6.285979146262728, 53.053973806339549 ], [ -6.286117038560432, 53.054014983935645 ], [ -6.286196932687464, 53.054010831863067 ], [ -6.286272914541402, 53.053965724875027 ], [ -6.28642129631235, 53.05390997582753 ], [ -6.28657192502089, 53.053868910190438 ], [ -6.28662956185439, 53.053845830157854 ], [ -6.286681098690929, 53.053812146608394 ], [ -6.28679619807293, 53.053748637028043 ], [ -6.286951261342166, 53.053747724316558 ], [ -6.287045763908796, 53.053710254122514 ], [ -6.287054441268634, 53.053705525302526 ], [ -6.287244429642381, 53.053602734540483 ], [ -6.287301549935371, 53.053583332025688 ], [ -6.287421106132566, 53.05359664945528 ], [ -6.287496818071824, 53.053651401641559 ], [ -6.287525520626847, 53.053659814617866 ], [ -6.287631327357317, 53.053690999835013 ], [ -6.287740605968181, 53.053740122911549 ], [ -6.287874281078425, 53.053834899891115 ], [ -6.288026907182449, 53.053945140001829 ], [ -6.288100631914799, 53.05401900865504 ], [ -6.288127331207927, 53.054109009853711 ], [ -6.288160304948654, 53.054295278979964 ], [ -6.288165413978954, 53.054492293698864 ], [ -6.288179852521972, 53.054652589008278 ], [ -6.288181017133922, 53.054734941140445 ], [ -6.288153320610432, 53.054735261632374 ], [ -6.287725222931663, 53.054757953888611 ], [ -6.287555440359973, 53.05476692513033 ], [ -6.28709032847511, 53.054782880177662 ], [ -6.287149421475638, 53.055036400904122 ], [ -6.287193789826912, 53.055245486240921 ], [ -6.287254940947297, 53.05544402702855 ], [ -6.287305929625481, 53.055647543987924 ], [ -6.287045912963086, 53.05565440720553 ], [ -6.2869392064736, 53.055655117650211 ], [ -6.286772011608396, 53.055645249253473 ], [ -6.286597780813983, 53.055660806558066 ], [ -6.286432878758935, 53.055680003502538 ], [ -6.286293218566701, 53.055698755812692 ], [ -6.286217636555461, 53.055702700440669 ], [ -6.286156478409581, 53.055705953992216 ], [ -6.286107189805328, 53.055475225006887 ], [ -6.286051900648352, 53.055215915142604 ], [ -6.286031465411205, 53.055138677489552 ], [ -6.285948416584231, 53.054825486091964 ] ] ], [ [ [ -6.287047513825086, 53.056020356652361 ], [ -6.287011003745426, 53.055920237635377 ], [ -6.286932321309739, 53.05570148983378 ], [ -6.287043162407978, 53.055702006538674 ], [ -6.287343687708556, 53.055694469087129 ], [ -6.287799513545687, 53.055677121837633 ], [ -6.287944284032303, 53.055675340553648 ], [ -6.28799523879209, 53.055836341197931 ], [ -6.288003384685688, 53.055879153708972 ], [ -6.288043605143753, 53.056016090480469 ], [ -6.288142843981936, 53.056374457427097 ], [ -6.287853159060785, 53.056359860635332 ], [ -6.287900352186617, 53.056603323177029 ], [ -6.287943016583585, 53.056874135361227 ], [ -6.287568140707791, 53.056876019930627 ], [ -6.28710984865229, 53.056852882705641 ], [ -6.286795796135467, 53.056819685854784 ], [ -6.286357827307094, 53.056758816261883 ], [ -6.286334501948936, 53.056580775299565 ], [ -6.286308143560022, 53.056389207012607 ], [ -6.286447217722735, 53.056385278121084 ], [ -6.286534377548027, 53.056365590507184 ], [ -6.286568352360039, 53.05634972086694 ], [ -6.286618633637015, 53.056310535381684 ], [ -6.286637847497033, 53.056226318632227 ], [ -6.287079907546552, 53.056205629856976 ], [ -6.287094733796814, 53.056169978426226 ], [ -6.287047513825086, 53.056020356652361 ] ] ], [ [ [ -6.278988506813823, 53.05734994278049 ], [ -6.279165758217876, 53.057530571762477 ], [ -6.279152482971828, 53.057573435468754 ], [ -6.279217770465666, 53.057593255763557 ], [ -6.279312785749271, 53.057682269769998 ], [ -6.279081531507809, 53.057785259995057 ], [ -6.279065750841732, 53.057813794851164 ], [ -6.278290217377284, 53.058090299327695 ], [ -6.278234112635739, 53.058040768762467 ], [ -6.278134745226299, 53.057983780694137 ], [ -6.277884692715586, 53.057836072722154 ], [ -6.277806376525105, 53.05780356906763 ], [ -6.277732416250856, 53.057775981313178 ], [ -6.277657088450622, 53.05769938644562 ], [ -6.277627709955953, 53.057633883504408 ], [ -6.277590666608733, 53.057563055347039 ], [ -6.277544031842229, 53.057519863623313 ], [ -6.277486786019372, 53.057443440583782 ], [ -6.27744403368279, 53.05737387887843 ], [ -6.277384560567877, 53.057288524028088 ], [ -6.277337193959331, 53.057229771531965 ], [ -6.277273197108168, 53.057143722813365 ], [ -6.277610740380796, 53.057103038258745 ], [ -6.278162228968665, 53.05702616920864 ], [ -6.278763479075141, 53.05694489513138 ], [ -6.278780761371682, 53.056980559850246 ], [ -6.27879526058535, 53.057033532977748 ], [ -6.278840987850729, 53.0571273171673 ], [ -6.278988506813823, 53.05734994278049 ] ] ], [ [ [ -6.280103093778096, 53.058304117092241 ], [ -6.280062780331626, 53.058472790083165 ], [ -6.28012654179921, 53.058496993056977 ], [ -6.280416759348132, 53.058551075739878 ], [ -6.280452832000201, 53.058544406407478 ], [ -6.28059024287771, 53.058539200990268 ], [ -6.280653148917189, 53.058544694368592 ], [ -6.280828892445683, 53.059254819505227 ], [ -6.280291999766771, 53.05940642748223 ], [ -6.280234627305981, 53.059410272958395 ], [ -6.280166003091838, 53.059412336905737 ], [ -6.279871580637797, 53.059457516494234 ], [ -6.279805457584859, 53.059075622065087 ], [ -6.279744548926021, 53.058998338237181 ], [ -6.279722371743871, 53.058789031654001 ], [ -6.279685662722454, 53.058688097599358 ], [ -6.279722964810745, 53.058496190889919 ], [ -6.279768455614962, 53.058262425458594 ], [ -6.280161304804043, 53.058177230551486 ], [ -6.280103093778096, 53.058304117092241 ] ] ], [ [ [ -6.277229953669373, 53.05432317994304 ], [ -6.277215196786046, 53.054141035489273 ], [ -6.277143495809444, 53.053955579143526 ], [ -6.277140582948352, 53.053948047739411 ], [ -6.276692228843616, 53.053901822847294 ], [ -6.276536652610979, 53.053893995911579 ], [ -6.276532825942645, 53.053894300006121 ], [ -6.27642095830247, 53.053851780524809 ], [ -6.276355672850962, 53.053869082057119 ], [ -6.276238762827772, 53.053854263788715 ], [ -6.276115322209132, 53.053876654817039 ], [ -6.275655752055201, 53.053867926154808 ], [ -6.275555337475858, 53.053726606729427 ], [ -6.27544688047594, 53.053580227835333 ], [ -6.275368065169971, 53.053443356099145 ], [ -6.275346893507448, 53.053406644811794 ], [ -6.275337802940848, 53.05339087301828 ], [ -6.275334165977276, 53.053374101678088 ], [ -6.275401510783233, 53.053360696518666 ], [ -6.275472200969995, 53.053346709729681 ], [ -6.275639271792744, 53.053294660643154 ], [ -6.27572972137371, 53.053266489565978 ], [ -6.275794526091247, 53.053239653603775 ], [ -6.275979071717379, 53.053242957737893 ], [ -6.276032813342465, 53.053259017100075 ], [ -6.276112931697105, 53.053258470454004 ], [ -6.276195327148597, 53.053231710342018 ], [ -6.276259657497707, 53.053235249273051 ], [ -6.276640105101369, 53.053293345561094 ], [ -6.276765231093871, 53.053308820883544 ], [ -6.27685911959183, 53.053317821262141 ], [ -6.276927193200102, 53.053304605569771 ], [ -6.276995393708021, 53.0532882457032 ], [ -6.277132302936031, 53.053233510500561 ], [ -6.277221069618078, 53.053235155726519 ], [ -6.277251185451565, 53.053208086209345 ], [ -6.277319925738966, 53.053205935799305 ], [ -6.27737721549933, 53.053173148520656 ], [ -6.277458714043051, 53.053187362089965 ], [ -6.277616540734348, 53.053228208200345 ], [ -6.277711818183806, 53.053242442244091 ], [ -6.277793767629487, 53.053254594756986 ], [ -6.278004356283457, 53.053357687362457 ], [ -6.278045919919742, 53.053370603305503 ], [ -6.278188515505568, 53.053386150253701 ], [ -6.278239814070696, 53.053398667734804 ], [ -6.278395413420977, 53.053436784910602 ], [ -6.278400042997596, 53.053437930536447 ], [ -6.278449374893654, 53.053431903163862 ], [ -6.278428896207513, 53.053464146018349 ], [ -6.278391680185232, 53.053518078546013 ], [ -6.278367773711613, 53.053552967426889 ], [ -6.278266764004617, 53.053543595513311 ], [ -6.278199692806179, 53.053559433145331 ], [ -6.278136026424694, 53.053591679985487 ], [ -6.278075647646811, 53.053640243558846 ], [ -6.278068687707625, 53.053694434208623 ], [ -6.278047167743399, 53.053731156171814 ], [ -6.278021026125336, 53.05377581008586 ], [ -6.278005798957414, 53.053852137459096 ], [ -6.278004879797832, 53.053856744238516 ], [ -6.277996657715987, 53.053899411338932 ], [ -6.277984860693548, 53.05396072275169 ], [ -6.277980884369356, 53.054097471860111 ], [ -6.278039413295244, 53.054163217889858 ], [ -6.277970457267651, 53.054284914363649 ], [ -6.277984044040195, 53.054388480530925 ], [ -6.277978948791713, 53.054454562976694 ], [ -6.278015080677766, 53.054514231234563 ], [ -6.27807545704037, 53.054604632453703 ], [ -6.278109943499302, 53.05465618721685 ], [ -6.278165764370836, 53.05466337708652 ], [ -6.278288301806946, 53.054679082959126 ], [ -6.278307009142416, 53.054666590074206 ], [ -6.278386894091742, 53.054613365036921 ], [ -6.278439700472845, 53.054622039191543 ], [ -6.278508700327794, 53.054610364035845 ], [ -6.278547902254998, 53.054593043379732 ], [ -6.278578396515896, 53.054578114371459 ], [ -6.278561577382909, 53.054564837651746 ], [ -6.278609552384684, 53.054537307173391 ], [ -6.278770105137041, 53.054633382295386 ], [ -6.278774277064463, 53.054636768406255 ], [ -6.278795615005943, 53.054653975534158 ], [ -6.278799548089435, 53.054657178418182 ], [ -6.27875548262611, 53.054697708973677 ], [ -6.278698902268118, 53.054725025099287 ], [ -6.278667356521765, 53.054778680221332 ], [ -6.278662394105351, 53.054804405381226 ], [ -6.278636204144824, 53.054819396700545 ], [ -6.278574371478728, 53.054836479763793 ], [ -6.278553867961244, 53.054844632219861 ], [ -6.278471885758688, 53.054935040271353 ], [ -6.278378656300747, 53.055014408506459 ], [ -6.278301352148175, 53.055027581321376 ], [ -6.278054946480077, 53.055066531019314 ], [ -6.27796041338, 53.055082870728334 ], [ -6.277877956489352, 53.055040149235666 ], [ -6.277817725140546, 53.05507568060311 ], [ -6.277765036167988, 53.055094873101538 ], [ -6.277712617127826, 53.055101125156938 ], [ -6.277585341920529, 53.05509002411096 ], [ -6.277577494030225, 53.055089371162346 ], [ -6.277510094387746, 53.055076350599897 ], [ -6.27750585529215, 53.055065412238918 ], [ -6.277401689444577, 53.054755683852541 ], [ -6.277395086451214, 53.054736166791265 ], [ -6.277384851041216, 53.054705912502833 ], [ -6.277421507922133, 53.054474805380131 ], [ -6.277229953669373, 53.05432317994304 ] ] ], [ [ [ -6.269305207859756, 53.053524911492694 ], [ -6.269354796253012, 53.053607699851462 ], [ -6.269447346422662, 53.053745224041492 ], [ -6.269452634282676, 53.053809749455652 ], [ -6.269457557304907, 53.053969369742894 ], [ -6.269549879428353, 53.054078846385835 ], [ -6.269581663993055, 53.054179172865432 ], [ -6.269592516351649, 53.054193892118491 ], [ -6.269202578514984, 53.054314240379767 ], [ -6.269025210091738, 53.054365052014028 ], [ -6.268991604856626, 53.054374630102039 ], [ -6.268610753144109, 53.054516860849112 ], [ -6.267929342912174, 53.054787116689432 ], [ -6.267264326403628, 53.055062551154442 ], [ -6.267247212568575, 53.055075065535227 ], [ -6.267220232760844, 53.055085099181113 ], [ -6.267261862190862, 53.055139278001633 ], [ -6.267685380288158, 53.055525576826689 ], [ -6.267907674902439, 53.055738339622984 ], [ -6.267572387003698, 53.055860826673737 ], [ -6.2671935724286, 53.055951846353096 ], [ -6.267072719322529, 53.055976962299233 ], [ -6.266807201241732, 53.056019565283769 ], [ -6.266551750044352, 53.056019797849636 ], [ -6.266260128845857, 53.056029120385489 ], [ -6.266000374858284, 53.056056884667207 ], [ -6.265543302776807, 53.056141634847172 ], [ -6.265215195248734, 53.056210737486218 ], [ -6.26494639127208, 53.056270726118214 ], [ -6.264843078191633, 53.056294117283272 ], [ -6.264560320145814, 53.056358396650033 ], [ -6.264136952152649, 53.05643410536134 ], [ -6.263380565065214, 53.056495872749828 ], [ -6.262755066934153, 53.056588940334031 ], [ -6.262427776212964, 53.056622272084716 ], [ -6.262266499816348, 53.056658028323511 ], [ -6.262210878710738, 53.056670338978797 ], [ -6.261865740794748, 53.056752666393471 ], [ -6.261682176072505, 53.056810207900575 ], [ -6.261436121245983, 53.056900902262335 ], [ -6.261025149162743, 53.057041320444611 ], [ -6.260614332324049, 53.057165559269521 ], [ -6.260387870538913, 53.057231011507447 ], [ -6.260111396104166, 53.057319190921035 ], [ -6.259738334465705, 53.057471304958348 ], [ -6.259503896473926, 53.057557492187293 ], [ -6.259300126680366, 53.057636846154409 ], [ -6.259249065766992, 53.057581807417819 ], [ -6.25915070326434, 53.057424235654189 ], [ -6.258857404728539, 53.05713005791447 ], [ -6.258630496118146, 53.057032625693111 ], [ -6.258292521024121, 53.056934105238504 ], [ -6.258365494553686, 53.056802770175793 ], [ -6.258397345010815, 53.056745259687439 ], [ -6.258627275782018, 53.056465662990092 ], [ -6.258798002064841, 53.056305467372944 ], [ -6.258883116756004, 53.05621475893917 ], [ -6.258948381399379, 53.056182996023537 ], [ -6.259071217556591, 53.056038637922946 ], [ -6.259081135210916, 53.055981884870462 ], [ -6.259038935526882, 53.055762033736727 ], [ -6.259052934990644, 53.055652846591315 ], [ -6.259046479973716, 53.055623719207446 ], [ -6.25906639221376, 53.055612055016368 ], [ -6.259030255155254, 53.055510403503952 ], [ -6.259034512286582, 53.055438377009189 ], [ -6.259018049210165, 53.055376743582904 ], [ -6.259022616295796, 53.055190206118816 ], [ -6.258987022536783, 53.055145280978508 ], [ -6.25897754724084, 53.0550934574187 ], [ -6.258981065522154, 53.055039756682092 ], [ -6.259421724011353, 53.054968453173139 ], [ -6.25993543510338, 53.054882667490119 ], [ -6.260075913250335, 53.054852992055032 ], [ -6.26066693787077, 53.054747749506738 ], [ -6.260995287192101, 53.054678663860571 ], [ -6.261086628870736, 53.054643954376942 ], [ -6.261135276981186, 53.054624441395937 ], [ -6.261199369945526, 53.054618636044118 ], [ -6.26128252818428, 53.054615986567391 ], [ -6.261709117194619, 53.054533324109364 ], [ -6.261878465679057, 53.054489417181813 ], [ -6.261990272745597, 53.054475051342074 ], [ -6.262569516092983, 53.05439937923083 ], [ -6.262859370403477, 53.0543113887163 ], [ -6.263182870636994, 53.05426173132394 ], [ -6.263459997251326, 53.054199531213968 ], [ -6.263708624469067, 53.05416064413172 ], [ -6.264635327618774, 53.053974619995081 ], [ -6.26473513187343, 53.053958817184089 ], [ -6.265006690776199, 53.053915677796923 ], [ -6.265276551031436, 53.053881053003835 ], [ -6.265464944314523, 53.053846856684928 ], [ -6.265564772359833, 53.053815143864618 ], [ -6.265637717455765, 53.053797151847597 ], [ -6.266267009766144, 53.05367581085175 ], [ -6.26665577910469, 53.053599949182363 ], [ -6.266772359476297, 53.053583041759133 ], [ -6.26721588902509, 53.053525324907049 ], [ -6.267552970559653, 53.053474235603268 ], [ -6.268085418320421, 53.05338059724351 ], [ -6.268457886609774, 53.053312222481708 ], [ -6.268711240641183, 53.053265664586533 ], [ -6.269196851335678, 53.053167834033879 ], [ -6.269200725798028, 53.05317553064171 ], [ -6.269276700273218, 53.053419599039721 ], [ -6.269306529413493, 53.053470459476678 ], [ -6.269305207859756, 53.053524911492694 ] ] ] ] } },
{ "type": "Feature", "properties": { "cdRbapsId": "AVO_2025_14", "color_id": 16 }, "geometry": { "type": "MultiPolygon", "coordinates": [ [ [ [ -6.294376392755585, 53.065788697022541 ], [ -6.294422341597979, 53.065937128712626 ], [ -6.294435986147591, 53.065993592965775 ], [ -6.294462006804406, 53.066057695066867 ], [ -6.294475132580489, 53.066077478078547 ], [ -6.294479265815266, 53.066084998651604 ], [ -6.294501429495684, 53.066125225140944 ], [ -6.294507652866322, 53.066142123671376 ], [ -6.294510097047437, 53.066148810168727 ], [ -6.294520545136621, 53.066177183704241 ], [ -6.294556207994962, 53.06631495137443 ], [ -6.294562180930775, 53.066338227215383 ], [ -6.294611931937266, 53.066452736060064 ], [ -6.294623797122155, 53.066495062902732 ], [ -6.294645886510374, 53.066574569640601 ], [ -6.294674404973892, 53.066650212713256 ], [ -6.294669470674553, 53.06665050151949 ], [ -6.294669381943577, 53.066652747361204 ], [ -6.294670350136297, 53.066656266737333 ], [ -6.294672426433702, 53.066659801997844 ], [ -6.29467593319914, 53.066667582337324 ], [ -6.294677093796808, 53.066675598698751 ], [ -6.294676790929344, 53.066677032509972 ], [ -6.294676712846345, 53.066679008850677 ], [ -6.294676666706387, 53.066680176688379 ], [ -6.29467706658622, 53.06668251941872 ], [ -6.294685231870417, 53.066681467966241 ], [ -6.294707657901408, 53.066724395606244 ], [ -6.294719830401625, 53.066755850811866 ], [ -6.294735395724448, 53.066819802969533 ], [ -6.294736027492768, 53.066822508561714 ], [ -6.294764281678624, 53.066889249250089 ], [ -6.294775893554388, 53.06695359415464 ], [ -6.294779994550573, 53.066965069173065 ], [ -6.294803727007418, 53.067031025959679 ], [ -6.294837663465857, 53.067091016849218 ], [ -6.294874937578034, 53.067166246053141 ], [ -6.294887041391937, 53.067233744851137 ], [ -6.294887650139836, 53.067277527344814 ], [ -6.294918198055329, 53.06733917834466 ], [ -6.294922234585145, 53.067361617447261 ], [ -6.294923327396643, 53.067374486598247 ], [ -6.29493686276459, 53.067536565331629 ], [ -6.294941728529344, 53.067594072183127 ], [ -6.295035624838654, 53.067591283211691 ], [ -6.29541508202895, 53.067569216152172 ], [ -6.295963717554693, 53.067532851854111 ], [ -6.296140559278724, 53.067502216475056 ], [ -6.296168284906383, 53.067629173658318 ], [ -6.296202521370801, 53.067834423602335 ], [ -6.296237130236438, 53.068002197021869 ], [ -6.296255642015804, 53.068169290474195 ], [ -6.29628379344432, 53.068350994271363 ], [ -6.296301431244358, 53.068477895919187 ], [ -6.296139720613706, 53.068527354359261 ], [ -6.295959990655311, 53.068578082517057 ], [ -6.295811277413122, 53.068616311351526 ], [ -6.295588579701761, 53.068639277416885 ], [ -6.295344581259816, 53.068649984113719 ], [ -6.295111856542459, 53.068652581598201 ], [ -6.294803282848108, 53.068665327046233 ], [ -6.294692319508357, 53.06866706224536 ], [ -6.294616583351323, 53.068664987868097 ], [ -6.294234820533627, 53.068679738733799 ], [ -6.29339338222434, 53.068703086511 ], [ -6.29330935906682, 53.06870826295421 ], [ -6.293174751511183, 53.068753881629306 ], [ -6.29296693020221, 53.068798988955649 ], [ -6.292807340014649, 53.068828967474964 ], [ -6.292667155564757, 53.068828844203978 ], [ -6.292651771445458, 53.068828803190087 ], [ -6.292578479245801, 53.068808515129184 ], [ -6.292446773416231, 53.068895881959378 ], [ -6.292104073629872, 53.069173743926832 ], [ -6.29195689311917, 53.06931616796156 ], [ -6.291828085005836, 53.069414181197708 ], [ -6.29162041031145, 53.069604724192018 ], [ -6.291495030942909, 53.069696944713229 ], [ -6.291306532110157, 53.069807224201071 ], [ -6.291122015079782, 53.069872887070602 ], [ -6.290992912654012, 53.069894313553085 ], [ -6.290999847802608, 53.069865289685012 ], [ -6.29088741840983, 53.069851090728235 ], [ -6.290805506056941, 53.069849554399944 ], [ -6.290762945306208, 53.069886155135258 ], [ -6.290732859397436, 53.069952778556193 ], [ -6.290782016001917, 53.069982697277375 ], [ -6.290804498033647, 53.070073895351477 ], [ -6.290752403117133, 53.070124381996109 ], [ -6.290670187964514, 53.070195738496025 ], [ -6.290564370681522, 53.070266307284989 ], [ -6.290558583750028, 53.070334717059033 ], [ -6.29053642880738, 53.070387521383942 ], [ -6.290473007134709, 53.070462922942554 ], [ -6.290454467482821, 53.070570519790081 ], [ -6.290428614899183, 53.070660753715259 ], [ -6.290379003977513, 53.070816262839749 ], [ -6.29037776882393, 53.070884738011522 ], [ -6.290353539811394, 53.070946411065862 ], [ -6.290308979798992, 53.071002398871485 ], [ -6.290211835996686, 53.071099428169539 ], [ -6.290034585649225, 53.07117409238716 ], [ -6.289961721279143, 53.071186438774781 ], [ -6.289765845834052, 53.071196836187028 ], [ -6.289537109876056, 53.071194716307687 ], [ -6.289311236295537, 53.071188682226577 ], [ -6.289094209507757, 53.071210998692621 ], [ -6.289090663979717, 53.071182454300178 ], [ -6.289072843912708, 53.071042065306884 ], [ -6.289027153937973, 53.070794311969586 ], [ -6.288968902260802, 53.070568488642898 ], [ -6.288805699084951, 53.070096397358796 ], [ -6.288742819774739, 53.069937652899355 ], [ -6.288686878810108, 53.06977469374575 ], [ -6.288660400055176, 53.06969125770464 ], [ -6.288810982877238, 53.069634099000623 ], [ -6.288893270704587, 53.069616856228905 ], [ -6.289022832491414, 53.069350948975597 ], [ -6.289045167879769, 53.069312259390557 ], [ -6.289142904501523, 53.069336856088285 ], [ -6.289199447827649, 53.069351151903369 ], [ -6.289225559579896, 53.069328966367927 ], [ -6.289308872628237, 53.069347961540608 ], [ -6.289448600155009, 53.069356532238992 ], [ -6.289724865230665, 53.069379649549639 ], [ -6.289885447742033, 53.069399306589382 ], [ -6.289941668785503, 53.06940622688203 ], [ -6.290003765169233, 53.069420152709711 ], [ -6.290006864238986, 53.069416511987164 ], [ -6.290074413355224, 53.069336316226703 ], [ -6.290232135131375, 53.06919206851903 ], [ -6.290284817369529, 53.06915156772596 ], [ -6.290360385838592, 53.069089553852038 ], [ -6.290481808073636, 53.068982266928863 ], [ -6.290612903470429, 53.068904241473504 ], [ -6.29060294417772, 53.068894660492781 ], [ -6.290535585973918, 53.068715269059545 ], [ -6.290453941603834, 53.06851122278583 ], [ -6.290394101167542, 53.068347129777926 ], [ -6.290338584138991, 53.068204402409151 ], [ -6.290276469794172, 53.068029510275068 ], [ -6.290265392481824, 53.067998320221662 ], [ -6.290251243456387, 53.067955015420168 ], [ -6.290240694560083, 53.067922730074272 ], [ -6.290235290982113, 53.067913124648669 ], [ -6.290217937029309, 53.067866493892815 ], [ -6.290128523224434, 53.067625662773231 ], [ -6.290120992094404, 53.067604521534925 ], [ -6.290080355720431, 53.067499399886223 ], [ -6.290080122578323, 53.067495980920661 ], [ -6.29007724679571, 53.067462951041286 ], [ -6.290071046624545, 53.067454772310846 ], [ -6.290062863749695, 53.067443868543997 ], [ -6.290030240437031, 53.067375714733203 ], [ -6.290020694685484, 53.06732775891966 ], [ -6.290004727928025, 53.067286541140668 ], [ -6.289995429119869, 53.067235442013896 ], [ -6.289939613542707, 53.06708479938213 ], [ -6.289838803760176, 53.066839669491735 ], [ -6.289806426702949, 53.066731160959144 ], [ -6.289689452396003, 53.066428090821923 ], [ -6.289643319216771, 53.066321991119146 ], [ -6.289759671568099, 53.066308383486131 ], [ -6.290067631447736, 53.066295192970145 ], [ -6.290350181361702, 53.066292781282499 ], [ -6.290464748546535, 53.06629937224173 ], [ -6.290548509507214, 53.066310013756279 ], [ -6.290679266524856, 53.066352160896621 ], [ -6.29079342609112, 53.066381486484936 ], [ -6.29102899928151, 53.066430982525056 ], [ -6.29119473750304, 53.066472464006104 ], [ -6.291298772431895, 53.066502631505386 ], [ -6.291414447599093, 53.066527843569418 ], [ -6.291487091743511, 53.066533291219258 ], [ -6.291594996540308, 53.06652477287804 ], [ -6.291659613285368, 53.066509162034684 ], [ -6.291741416640247, 53.066466651903433 ], [ -6.291834812188314, 53.06640489309472 ], [ -6.291920917232496, 53.066362534492612 ], [ -6.291986867096176, 53.066344335961148 ], [ -6.292075097484289, 53.066341557879056 ], [ -6.292139861977873, 53.066340869739143 ], [ -6.292171945663715, 53.066307622713566 ], [ -6.292118346252611, 53.066302988200547 ], [ -6.292107672559767, 53.066302115888902 ], [ -6.292087680770546, 53.066303786564006 ], [ -6.29197826408017, 53.066312931709433 ], [ -6.291967643076058, 53.066313857833414 ], [ -6.291879167482016, 53.066335239323081 ], [ -6.291785860261063, 53.06638855028303 ], [ -6.291667320239653, 53.066454352325252 ], [ -6.291571543882571, 53.066489201321701 ], [ -6.29156858383075, 53.066489338581988 ], [ -6.291515535440953, 53.066492531670853 ], [ -6.291458269643476, 53.066496563012507 ], [ -6.29142630550592, 53.066498800483352 ], [ -6.29129245283115, 53.066457058233262 ], [ -6.291119842991803, 53.066408826720192 ], [ -6.290969244219746, 53.066376641868928 ], [ -6.290904636384812, 53.066360972625418 ], [ -6.290769325876162, 53.066328107411415 ], [ -6.290706531117487, 53.066303925071573 ], [ -6.290567251691046, 53.066271811560668 ], [ -6.290375512139456, 53.066259168930713 ], [ -6.290116786299461, 53.066256708899495 ], [ -6.290080171728968, 53.066258249974346 ], [ -6.289818700901492, 53.066269142647172 ], [ -6.289626980783092, 53.066274655780923 ], [ -6.289622936878474, 53.066258688063442 ], [ -6.289608330562747, 53.066201759970902 ], [ -6.28956701158912, 53.066120178064459 ], [ -6.289540543045152, 53.066039619522478 ], [ -6.289526583466143, 53.065997441793648 ], [ -6.28949329559337, 53.065915077381447 ], [ -6.289547324951291, 53.065908843225003 ], [ -6.289580337111713, 53.065905003406051 ], [ -6.289663099565738, 53.065909788694384 ], [ -6.289687544241914, 53.065917151133092 ], [ -6.289835807962188, 53.065961619149718 ], [ -6.289927413330078, 53.065969946989881 ], [ -6.290100116223368, 53.065944294642598 ], [ -6.290183506638324, 53.065926976978652 ], [ -6.290247059724032, 53.065888520025382 ], [ -6.290294913662319, 53.065882825968679 ], [ -6.29039156947233, 53.065875496227918 ], [ -6.290407138866169, 53.065873922280289 ], [ -6.290513043780567, 53.065863040088018 ], [ -6.290551979280058, 53.065861890872256 ], [ -6.290682713036017, 53.065858016766249 ], [ -6.291131743553485, 53.065884423056758 ], [ -6.291286836347049, 53.065862111412336 ], [ -6.291460279099971, 53.065883029743851 ], [ -6.291556387168835, 53.065889533418996 ], [ -6.291604285764838, 53.065879614901782 ], [ -6.291676260992323, 53.065864648135047 ], [ -6.291688298553333, 53.065862124456672 ], [ -6.291724810940788, 53.065856896153328 ], [ -6.291777418296174, 53.065849292297727 ], [ -6.291784176004586, 53.065849569102078 ], [ -6.291880654551369, 53.065852931874346 ], [ -6.291937332121162, 53.065857520809686 ], [ -6.291969874183738, 53.065868684306238 ], [ -6.291992700662592, 53.065876562342964 ], [ -6.292249535239315, 53.065939214729916 ], [ -6.292340927791908, 53.065952931627393 ], [ -6.292399495106773, 53.065953322891986 ], [ -6.292676775976352, 53.065937796795033 ], [ -6.29285858827206, 53.065933844385171 ], [ -6.292903407820386, 53.065964420005578 ], [ -6.292964316247978, 53.065961608741397 ], [ -6.292989964595763, 53.065960358849821 ], [ -6.293012267937981, 53.065950341253043 ], [ -6.293014900641772, 53.065908672585103 ], [ -6.29307008733756, 53.065901195053719 ], [ -6.293074532962366, 53.065900809418061 ], [ -6.293115417775178, 53.06589708067979 ], [ -6.29313646319025, 53.065893967022582 ], [ -6.293202940508186, 53.065884134656429 ], [ -6.293228443680237, 53.065880365862732 ], [ -6.293326583170911, 53.065854179265351 ], [ -6.293392649981507, 53.065826722629126 ], [ -6.293422475947716, 53.065813218388655 ], [ -6.29348427609135, 53.065812756650551 ], [ -6.29358672495458, 53.065811439799319 ], [ -6.293628041896541, 53.065806100060591 ], [ -6.293773217942712, 53.065760632490296 ], [ -6.293873216586205, 53.065759010597212 ], [ -6.29398858316146, 53.065767136771015 ], [ -6.294104072074258, 53.065775264586875 ], [ -6.294271002071937, 53.065783500684503 ], [ -6.294376392755585, 53.065788697022541 ] ], [ [ -6.291831432724146, 53.066269476583763 ], [ -6.291790118106066, 53.066108645195058 ], [ -6.291786749756673, 53.066095533901013 ], [ -6.291831432724146, 53.066269476583763 ] ], [ [ -6.292531235619894, 53.066345134028602 ], [ -6.29248835456391, 53.066348388987663 ], [ -6.293193469343855, 53.066294868346127 ], [ -6.292899859702421, 53.066317154368043 ], [ -6.292531235619894, 53.066345134028602 ] ] ], [ [ [ -6.281381891051043, 53.066046256933504 ], [ -6.281456882786543, 53.066063790090638 ], [ -6.281515580262167, 53.06607021087202 ], [ -6.281572657405627, 53.066043080317378 ], [ -6.281603312598788, 53.066024287797035 ], [ -6.281658244397661, 53.065995418403077 ], [ -6.281683335115061, 53.065989668657089 ], [ -6.281706814894327, 53.065993423418348 ], [ -6.281725647281323, 53.065996481856303 ], [ -6.281732996539438, 53.066000453049917 ], [ -6.281750224418634, 53.066009781138405 ], [ -6.281818059722828, 53.066064872401505 ], [ -6.281875451259475, 53.066097880020557 ], [ -6.281895421890869, 53.066115606079578 ], [ -6.28194964595689, 53.066203489276795 ], [ -6.281969826986466, 53.066222117208262 ], [ -6.282005652167249, 53.06623423060482 ], [ -6.282044949577026, 53.06624567415642 ], [ -6.282052004131727, 53.066247753494885 ], [ -6.282349503717734, 53.066225352641673 ], [ -6.28242702436325, 53.066219550771883 ], [ -6.282645085542284, 53.066136678330601 ], [ -6.282691427761232, 53.066128807370731 ], [ -6.282819737481448, 53.066018841153387 ], [ -6.282981560598838, 53.065923381422955 ], [ -6.283061165532374, 53.06588992383756 ], [ -6.283163128800781, 53.065866766970878 ], [ -6.283325193103896, 53.065820926617164 ], [ -6.283449131583564, 53.065895073107697 ], [ -6.283457496981613, 53.065919912107006 ], [ -6.283459917963452, 53.065927138714777 ], [ -6.283565485694079, 53.065949515171887 ], [ -6.283719161948961, 53.066000091220907 ], [ -6.283796912205473, 53.066003999321445 ], [ -6.283871498733871, 53.065997704761557 ], [ -6.283986416854977, 53.06598300256551 ], [ -6.284059276359583, 53.065973716781507 ], [ -6.284149361238692, 53.06598310576387 ], [ -6.284244301059042, 53.065969464332881 ], [ -6.284332105839827, 53.065983584180344 ], [ -6.284366454166781, 53.066014281694983 ], [ -6.284383215215335, 53.06602917461786 ], [ -6.28439165227967, 53.066036756720784 ], [ -6.284347757804839, 53.066069741469491 ], [ -6.284308390863956, 53.066084813661838 ], [ -6.284198904268322, 53.066126919454071 ], [ -6.28419446404795, 53.066158136183866 ], [ -6.284187367984698, 53.066169449193055 ], [ -6.284182636580569, 53.066177021150473 ], [ -6.284172518551, 53.066193144346016 ], [ -6.284122075408915, 53.06624535976843 ], [ -6.284103893079272, 53.066303343690663 ], [ -6.284100647574003, 53.066313814285856 ], [ -6.284117668717949, 53.066371676776384 ], [ -6.284083822458076, 53.066436715423876 ], [ -6.284024835103472, 53.066539773081118 ], [ -6.284009368294113, 53.066566605272506 ], [ -6.284010225249467, 53.066566707518284 ], [ -6.284110657053558, 53.066572830151514 ], [ -6.284206289235717, 53.066594434424985 ], [ -6.284338038484358, 53.066611525053787 ], [ -6.284346731252138, 53.066612639149191 ], [ -6.284359278255045, 53.066612820096367 ], [ -6.284371632739847, 53.066611649995629 ], [ -6.284381811797744, 53.066609459789653 ], [ -6.284383746795744, 53.066610296656947 ], [ -6.284385907939562, 53.066611676093622 ], [ -6.284657341666835, 53.066690824575417 ], [ -6.284717442391349, 53.066714612641945 ], [ -6.284834417912308, 53.066753511446457 ], [ -6.284798660686342, 53.0667954223766 ], [ -6.284906489472278, 53.066826010625888 ], [ -6.284908170387556, 53.066851831759841 ], [ -6.284908260249784, 53.066930124400464 ], [ -6.284914082866973, 53.067108811875755 ], [ -6.28492211854247, 53.06729373329231 ], [ -6.284924719968546, 53.067407926116161 ], [ -6.284922129504602, 53.067597009692868 ], [ -6.284920449035638, 53.067713657551359 ], [ -6.284931065702327, 53.067861493795377 ], [ -6.284970579457802, 53.068000757258602 ], [ -6.284980268675857, 53.068041885240092 ], [ -6.284985295143562, 53.068064069326425 ], [ -6.285002324582182, 53.068140359034963 ], [ -6.285012577213464, 53.068185899482522 ], [ -6.284990448327822, 53.068222433182349 ], [ -6.2848972597406, 53.06832508808278 ], [ -6.284881833481634, 53.068936271834552 ], [ -6.284874850614746, 53.069111988217848 ], [ -6.284913789785234, 53.069312186065901 ], [ -6.28493780861914, 53.069330330386059 ], [ -6.285148264932856, 53.069739559120812 ], [ -6.285149294583102, 53.069741551424407 ], [ -6.28515489693717, 53.06975232844939 ], [ -6.285175680837924, 53.06974966184108 ], [ -6.28523442881516, 53.069906730804156 ], [ -6.285261459199727, 53.069966804696044 ], [ -6.285337068539378, 53.070046455416978 ], [ -6.285649652502203, 53.070335898926565 ], [ -6.285864251595714, 53.070548156204005 ], [ -6.28612598217611, 53.070732867397261 ], [ -6.286200573565051, 53.070785536598315 ], [ -6.286562793257551, 53.070984548740718 ], [ -6.286743893779736, 53.071166479319196 ], [ -6.286888898767654, 53.071312025905925 ], [ -6.287067283078261, 53.071491130431554 ], [ -6.287149215839919, 53.071544983331783 ], [ -6.287176206497671, 53.071562719644469 ], [ -6.287497820208359, 53.071774087611239 ], [ -6.287860737462324, 53.071834860568998 ], [ -6.287810530260907, 53.071862452549084 ], [ -6.28767957869268, 53.071937773309941 ], [ -6.287498137786969, 53.072042132454435 ], [ -6.28746833332935, 53.072064264462391 ], [ -6.287402894127937, 53.072112759886899 ], [ -6.287380064730146, 53.072142085969318 ], [ -6.287378120997842, 53.072144582846171 ], [ -6.287269359991393, 53.072338699443762 ], [ -6.287313310708003, 53.072456363655533 ], [ -6.287585623234465, 53.072694346476567 ], [ -6.287519186251839, 53.072898240693867 ], [ -6.287128716320857, 53.072945292881457 ], [ -6.286934480066871, 53.072938990753578 ], [ -6.286167991853883, 53.072913928801711 ], [ -6.286043743735642, 53.072893442907905 ], [ -6.285964898627022, 53.072848622206109 ], [ -6.285915767678063, 53.072787061607045 ], [ -6.285903221643387, 53.072771330817943 ], [ -6.285819987719085, 53.072719256018317 ], [ -6.285780645236676, 53.072652982627687 ], [ -6.285688541576996, 53.072591791473414 ], [ -6.285586678541581, 53.07249432510919 ], [ -6.285183232752311, 53.072285547648427 ], [ -6.285113920610237, 53.072214617469747 ], [ -6.285049610440208, 53.072200567314162 ], [ -6.284805922584155, 53.072048022975963 ], [ -6.284791979711877, 53.071990025264782 ], [ -6.284551301706008, 53.071839231587518 ], [ -6.284491619822501, 53.071817158245779 ], [ -6.284309295490885, 53.071678530947565 ], [ -6.284211454347409, 53.071610065103634 ], [ -6.284060096975796, 53.071506850024896 ], [ -6.28393112957644, 53.071410159749888 ], [ -6.283576629682431, 53.07115651119021 ], [ -6.283302266596489, 53.070958488007697 ], [ -6.283301738496547, 53.070900593783662 ], [ -6.283256652632914, 53.070817967509839 ], [ -6.283257628103642, 53.07080890233884 ], [ -6.283265584888619, 53.070735760277671 ], [ -6.28320050330998, 53.070679271521307 ], [ -6.283105692943865, 53.070608960890482 ], [ -6.283029704037874, 53.070486338400315 ], [ -6.282975448815241, 53.070414544703041 ], [ -6.282895818273587, 53.070330880397279 ], [ -6.282864367871081, 53.070156137428469 ], [ -6.282875022168132, 53.070058494908409 ], [ -6.282858091738603, 53.070010700662067 ], [ -6.282841721729618, 53.069945746532731 ], [ -6.282827696334743, 53.069889904592316 ], [ -6.282815368034086, 53.069788334956343 ], [ -6.282807980238299, 53.069749682184117 ], [ -6.282795399328967, 53.069683868609843 ], [ -6.282786416374972, 53.069662165730804 ], [ -6.282767189425756, 53.069600945504042 ], [ -6.282773052376556, 53.069537121239819 ], [ -6.282791160623064, 53.069477967960246 ], [ -6.28280453680442, 53.06942638657074 ], [ -6.282822701616928, 53.069371997989549 ], [ -6.282818522163192, 53.069340927454483 ], [ -6.282810829215291, 53.069249671566972 ], [ -6.28278359763773, 53.069197863572413 ], [ -6.282750076678166, 53.069152526366587 ], [ -6.282696697074263, 53.069083532476803 ], [ -6.282655614385081, 53.069024064079265 ], [ -6.282638803344174, 53.069004225645962 ], [ -6.282586467710647, 53.068961583880821 ], [ -6.282517120474309, 53.06891033632904 ], [ -6.282418864646631, 53.068905052762609 ], [ -6.282333152216691, 53.068896983126407 ], [ -6.282282085721977, 53.068875033023666 ], [ -6.282221646403482, 53.068847374713407 ], [ -6.282200169287063, 53.068830345151341 ], [ -6.282157351454567, 53.06877741310084 ], [ -6.282139182051368, 53.068745331562091 ], [ -6.282107150106396, 53.068702802091714 ], [ -6.28210132968431, 53.068679304882096 ], [ -6.282101318120572, 53.068679257975091 ], [ -6.282103145737694, 53.068664272725499 ], [ -6.282122645395063, 53.068625814004299 ], [ -6.282160936936576, 53.068579086686739 ], [ -6.282148565022475, 53.068549784503446 ], [ -6.282139908063126, 53.068529165790608 ], [ -6.282140656531147, 53.068488727591941 ], [ -6.282131940714065, 53.068451029039473 ], [ -6.282071064978626, 53.068363230590933 ], [ -6.282060711088937, 53.068326497108941 ], [ -6.282042727913577, 53.068289743338219 ], [ -6.282006136574664, 53.068235013560837 ], [ -6.281989080632955, 53.068140926738835 ], [ -6.281958467493664, 53.06805662042941 ], [ -6.281942944531109, 53.068013700126095 ], [ -6.281923278280956, 53.067975934194969 ], [ -6.281878745785763, 53.067959919876515 ], [ -6.281819406816272, 53.067938659053077 ], [ -6.281854479873114, 53.067917143845797 ], [ -6.28186204540283, 53.06791257910556 ], [ -6.281862672787669, 53.067906115569521 ], [ -6.281862760640752, 53.067905220687898 ], [ -6.281864544698719, 53.067886907279345 ], [ -6.281867772179276, 53.067855313579706 ], [ -6.281832200236625, 53.067830620851524 ], [ -6.281810012045322, 53.067822210772242 ], [ -6.281778360372041, 53.067810338273993 ], [ -6.281684989397086, 53.067775192132267 ], [ -6.281543438876161, 53.067750766227824 ], [ -6.281462793616917, 53.067726769665583 ], [ -6.281274857200208, 53.067671021770273 ], [ -6.280955330464258, 53.067557103442013 ], [ -6.280527195558288, 53.067324133386059 ], [ -6.280420372060624, 53.067274500126416 ], [ -6.28027541778611, 53.067088408061657 ], [ -6.280243338173635, 53.06704407967554 ], [ -6.280188247935586, 53.066987284190205 ], [ -6.280148798958695, 53.066924063332365 ], [ -6.280106385275599, 53.066851810226581 ], [ -6.280103851717758, 53.066847459131139 ], [ -6.280103446181581, 53.066846738684575 ], [ -6.28010247189258, 53.066845012294856 ], [ -6.28009728099383, 53.066836308314159 ], [ -6.280092923491181, 53.066825189494104 ], [ -6.280065924004626, 53.066755317351586 ], [ -6.280022119320417, 53.066764301700367 ], [ -6.279975077481891, 53.066761913752529 ], [ -6.279961441756485, 53.06676126717803 ], [ -6.279896597070302, 53.066785587217055 ], [ -6.279875761734792, 53.066758680074877 ], [ -6.27995117142406, 53.066728669395665 ], [ -6.280084484598195, 53.066675586479455 ], [ -6.280082358212098, 53.066667196456912 ], [ -6.28008152066377, 53.066663499073911 ], [ -6.280077174835015, 53.066645908720623 ], [ -6.280052459174977, 53.066629910548265 ], [ -6.280000027789924, 53.066595985030482 ], [ -6.279981971888655, 53.066561117450846 ], [ -6.279934135688128, 53.06650928139338 ], [ -6.279925222431101, 53.06649962383738 ], [ -6.279881308543887, 53.066443541686681 ], [ -6.279876386964291, 53.066437255893518 ], [ -6.279833262084215, 53.066410654743962 ], [ -6.279790549184638, 53.066352150451486 ], [ -6.279733312483162, 53.066324537143359 ], [ -6.279669624699029, 53.066304380836975 ], [ -6.279528172139065, 53.06624058258982 ], [ -6.279501981335901, 53.066228771369495 ], [ -6.279496254150977, 53.066226188845604 ], [ -6.279498042298316, 53.066226214706596 ], [ -6.279618519290694, 53.066227957036482 ], [ -6.279802106686889, 53.06626288135228 ], [ -6.279843313160332, 53.066263477185565 ], [ -6.279875540113385, 53.066263943167726 ], [ -6.279950062647551, 53.066253065115092 ], [ -6.280048762057865, 53.066213055266303 ], [ -6.280183661861217, 53.066126287507601 ], [ -6.280232685321021, 53.066100570100211 ], [ -6.280337685799761, 53.066075391303016 ], [ -6.280440027830799, 53.066027343263251 ], [ -6.28054668234202, 53.065979177698182 ], [ -6.280597872074127, 53.065954659954187 ], [ -6.280650718195374, 53.065944188147121 ], [ -6.280684175924008, 53.065947727780824 ], [ -6.280746030231884, 53.065970643474792 ], [ -6.280847257584653, 53.066030891882797 ], [ -6.280921030541665, 53.066079058460737 ], [ -6.281000629233408, 53.06606124299573 ], [ -6.281064205444884, 53.066034745901767 ], [ -6.281195117999617, 53.065998615283696 ], [ -6.28124304896145, 53.065994094475649 ], [ -6.281271521728456, 53.065996123766055 ], [ -6.281285617864292, 53.06600064188693 ], [ -6.281302873586537, 53.066006195284459 ], [ -6.281348155700313, 53.066028062275542 ], [ -6.281381891051043, 53.066046256933504 ] ], [ [ -6.281967487656549, 53.066307283349857 ], [ -6.28189857961188, 53.066289129478207 ], [ -6.281898579611878, 53.066289129478207 ], [ -6.281967487656549, 53.066307283349857 ] ] ] ] } },
{ "type": "Feature", "properties": { "cdRbapsId": "AVO_2025_15", "color_id": 18 }, "geometry": { "type": "MultiPolygon", "coordinates": [ [ [ [ -6.297540511849872, 53.082125304629351 ], [ -6.297648316836597, 53.082204213200058 ], [ -6.298106882596302, 53.08253986205191 ], [ -6.299281722982857, 53.083350067187595 ], [ -6.299264365311682, 53.083362694104544 ], [ -6.299257400458862, 53.083415913890924 ], [ -6.299290034468912, 53.083479119557254 ], [ -6.299592181353915, 53.083730565644068 ], [ -6.299730213066427, 53.083812625018098 ], [ -6.300194205745881, 53.084151142974932 ], [ -6.300579626598277, 53.084427397637782 ], [ -6.301011564983982, 53.084724242562778 ], [ -6.301614752616196, 53.0851523703612 ], [ -6.302290236584986, 53.085641596138615 ], [ -6.303034590140698, 53.086172904186398 ], [ -6.30360720317225, 53.086562555505722 ], [ -6.304121532970958, 53.086937252525608 ], [ -6.304647646252, 53.087347772168798 ], [ -6.305280822380713, 53.087793439929698 ], [ -6.305939497740508, 53.088265686431861 ], [ -6.306423852366524, 53.088604037699433 ], [ -6.306601873047653, 53.088732660679817 ], [ -6.306943471141315, 53.089006490657539 ], [ -6.307471244934676, 53.089376770899968 ], [ -6.307980788105871, 53.089737783113222 ], [ -6.308506672598267, 53.0901353654818 ], [ -6.308995456394035, 53.090500779037463 ], [ -6.309516363208907, 53.090898978150356 ], [ -6.310112975931823, 53.091333567267618 ], [ -6.310460858906016, 53.091578665504912 ], [ -6.310546204600461, 53.091616388119597 ], [ -6.310623733811701, 53.091667266579357 ], [ -6.310903850795518, 53.091896833889123 ], [ -6.311080466445788, 53.092054768122992 ], [ -6.311432875277083, 53.092288020725881 ], [ -6.311858104508056, 53.092586958873838 ], [ -6.312051452084518, 53.092726136494278 ], [ -6.312367657974605, 53.092971339606265 ], [ -6.312990249783853, 53.093429830026871 ], [ -6.313339266257847, 53.093680115641966 ], [ -6.313539727028636, 53.093836190886726 ], [ -6.313834746473683, 53.094045873177343 ], [ -6.314349101663857, 53.094390809181576 ], [ -6.314802120728571, 53.094700682470503 ], [ -6.31502927233441, 53.094888161013564 ], [ -6.315207100900882, 53.095011923210606 ], [ -6.315441065226058, 53.095155822812401 ], [ -6.315723891809936, 53.095381084304442 ], [ -6.316129989907498, 53.095687735558208 ], [ -6.316471661515167, 53.095919391665632 ], [ -6.316719448247631, 53.096103815108521 ], [ -6.316916119554648, 53.096217935996314 ], [ -6.317026782597191, 53.096243239418435 ], [ -6.317142318821774, 53.096250814649302 ], [ -6.31716484449214, 53.096241443714788 ], [ -6.317245800919419, 53.096234759632267 ], [ -6.317901072256441, 53.096336936680991 ], [ -6.318899236553537, 53.096429743898625 ], [ -6.31972141887247, 53.096506197938808 ], [ -6.320931289738925, 53.096567219045376 ], [ -6.321788141324891, 53.09663665161758 ], [ -6.322916206976119, 53.09675167846558 ], [ -6.323724635538186, 53.096833088227086 ], [ -6.324535713127125, 53.096881758158894 ], [ -6.325653365046811, 53.096969584309086 ], [ -6.326511718742625, 53.097041484683793 ], [ -6.327532652699599, 53.097142548073698 ], [ -6.328717470709203, 53.09724576954715 ], [ -6.328750337177194, 53.097248487199927 ], [ -6.329158928674085, 53.097271662079677 ], [ -6.329544586583532, 53.097299771830606 ], [ -6.329938513339943, 53.097338791399579 ], [ -6.330254279289307, 53.097375948994689 ], [ -6.330567694512942, 53.097410196494124 ], [ -6.330970094617935, 53.097445628295631 ], [ -6.3313016340016, 53.097473458678408 ], [ -6.331469588384922, 53.097489461590136 ], [ -6.332111360411741, 53.097668623937565 ], [ -6.332511540049491, 53.09787839811316 ], [ -6.332993464874295, 53.098179933987552 ], [ -6.333503655457371, 53.09864235804686 ], [ -6.333876436053996, 53.099044991747434 ], [ -6.33410506725765, 53.099296872475229 ], [ -6.334187424551549, 53.099613522089719 ], [ -6.334276400424925, 53.099940600875186 ], [ -6.334370502341654, 53.100246628674746 ], [ -6.334464283977785, 53.100509955403716 ], [ -6.334506796984003, 53.100655407625368 ], [ -6.334392646431049, 53.101227488280543 ], [ -6.334285475443987, 53.102029706347643 ], [ -6.333903984714714, 53.103287427718186 ], [ -6.333749341199301, 53.103655813839083 ], [ -6.33368861673851, 53.10365990543044 ], [ -6.333420596803472, 53.103684915235277 ], [ -6.333119781907319, 53.103729779692749 ], [ -6.332816562108027, 53.103779463415009 ], [ -6.33249443824098, 53.103843352749891 ], [ -6.332051172986337, 53.103950036736009 ], [ -6.331754514573688, 53.10402425894921 ], [ -6.331437058314456, 53.104117064387196 ], [ -6.331202429044882, 53.10419898512793 ], [ -6.3308823390551, 53.104331122065204 ], [ -6.330663866958473, 53.104428369691064 ], [ -6.330326046450465, 53.104572929130825 ], [ -6.330126377372471, 53.104671248527083 ], [ -6.329906951712072, 53.104758054905844 ], [ -6.329711049878939, 53.104825865167513 ], [ -6.329446780005933, 53.104903232739019 ], [ -6.329295036710102, 53.104931393419321 ], [ -6.328441906793574, 53.105200394646282 ], [ -6.328026214144085, 53.105345113138057 ], [ -6.327639884854001, 53.105488535017145 ], [ -6.327538703130775, 53.105534213077775 ], [ -6.327440141116774, 53.105591702619137 ], [ -6.327352197680952, 53.105683497977658 ], [ -6.327318857499606, 53.105745858925232 ], [ -6.32728503431923, 53.105842908138008 ], [ -6.327274133309486, 53.105946032959423 ], [ -6.327281620690858, 53.106133998471059 ], [ -6.327298600538844, 53.106315445106375 ], [ -6.327341669468949, 53.106472180881461 ], [ -6.327436908540992, 53.106690861425214 ], [ -6.327551643521415, 53.10693093848321 ], [ -6.327599062149187, 53.107048635915028 ], [ -6.327625585231179, 53.107127028444161 ], [ -6.327633932287478, 53.107223053290639 ], [ -6.327608092057891, 53.107374685982904 ], [ -6.327565981302659, 53.107558268344341 ], [ -6.327540062322893, 53.107715113156168 ], [ -6.327546312036625, 53.107820726067885 ], [ -6.3275678448866, 53.107964214946399 ], [ -6.327605370206713, 53.108092469469568 ], [ -6.327683090178262, 53.108299218695173 ], [ -6.327891194888893, 53.108755612253134 ], [ -6.327976372808743, 53.108986105397165 ], [ -6.328038269869885, 53.109197485762408 ], [ -6.328084372533051, 53.109415924778197 ], [ -6.328107146058771, 53.109606890333801 ], [ -6.328099655980916, 53.109847587557496 ], [ -6.328078180971231, 53.110045482634931 ], [ -6.328032413647688, 53.110348740358383 ], [ -6.328011843969324, 53.110535951992404 ], [ -6.327997665433276, 53.110834709847239 ], [ -6.327992228814693, 53.111092333968742 ], [ -6.327990466371986, 53.111258416613438 ], [ -6.327979687277455, 53.111320285699698 ], [ -6.327969545231258, 53.11137847851063 ], [ -6.327923763131993, 53.111494685686601 ], [ -6.327806466817798, 53.111685392053921 ], [ -6.327746759230969, 53.111808054891632 ], [ -6.327718871296675, 53.111929816526192 ], [ -6.327714499520317, 53.112042470797796 ], [ -6.327731388572047, 53.112166030937644 ], [ -6.32774612471987, 53.11237998451017 ], [ -6.327734363979124, 53.112530645556852 ], [ -6.327700360846257, 53.112660771203721 ], [ -6.32762273630507, 53.112832349393827 ], [ -6.327529857132715, 53.113012791411172 ], [ -6.327468028173981, 53.113164637320445 ], [ -6.327417141371735, 53.113351962068421 ], [ -6.327385144401672, 53.113570022747297 ], [ -6.32736357614356, 53.113655918799871 ], [ -6.327325159406028, 53.113725129396336 ], [ -6.327316182825346, 53.113734172258134 ], [ -6.327308107616521, 53.11374223816965 ], [ -6.32730002891735, 53.113750393915055 ], [ -6.327242960784138, 53.113808106931607 ], [ -6.327072395718809, 53.113942515028967 ], [ -6.326862839889719, 53.114116462821237 ], [ -6.326839729923885, 53.114134114653027 ], [ -6.32661712500089, 53.114304552894154 ], [ -6.326546961857861, 53.114347250702821 ], [ -6.326472886595267, 53.114392320318579 ], [ -6.326356156400623, 53.114441194399625 ], [ -6.326344131891545, 53.11444623855941 ], [ -6.326332234793859, 53.114451194626128 ], [ -6.326281510339113, 53.114472412917522 ], [ -6.325968611251705, 53.114597806958436 ], [ -6.325723922581175, 53.114667351540206 ], [ -6.325581205292538, 53.114684220328975 ], [ -6.32543308616108, 53.114675214590854 ], [ -6.325284360100525, 53.114640584233641 ], [ -6.325145853623465, 53.114587131179569 ], [ -6.324909686131547, 53.114475496300926 ], [ -6.324734810303174, 53.114403644094089 ], [ -6.324548302142629, 53.11435526724317 ], [ -6.324311063831847, 53.114331433163166 ], [ -6.323866073584823, 53.114308089630633 ], [ -6.3236800157213, 53.114279852556145 ], [ -6.323468813195052, 53.114226542146724 ], [ -6.32323573906976, 53.114149552627602 ], [ -6.323050792594541, 53.114089600436479 ], [ -6.322915445619199, 53.114056413960384 ], [ -6.322804834587272, 53.114052428504706 ], [ -6.322666067036863, 53.114075460630872 ], [ -6.322448411702436, 53.114149964418225 ], [ -6.322250766389086, 53.11424533230219 ], [ -6.322138820950341, 53.114345234580028 ], [ -6.321937872175576, 53.114544373557401 ], [ -6.321822769534494, 53.114646208468351 ], [ -6.321702452303485, 53.114714262518874 ], [ -6.321558691878578, 53.114770480771696 ], [ -6.321315611277482, 53.114842826300588 ], [ -6.321075679893745, 53.11492285496076 ], [ -6.320902695820833, 53.115004907096875 ], [ -6.320811390891816, 53.115065100249083 ], [ -6.320634499988088, 53.115199948403323 ], [ -6.320500524693295, 53.11532434708959 ], [ -6.320384503651046, 53.115459065046331 ], [ -6.320271146440301, 53.115591843945595 ], [ -6.320194621208869, 53.11566159309541 ], [ -6.320183276689232, 53.115668174254985 ], [ -6.320172559842961, 53.115674404737796 ], [ -6.320161720558752, 53.115680633491664 ], [ -6.320082928956079, 53.11572635168033 ], [ -6.319948707859998, 53.115771646974608 ], [ -6.319716263427843, 53.115830116674587 ], [ -6.319491453086863, 53.115866582357249 ], [ -6.319305983786827, 53.115873671016914 ], [ -6.319146714737644, 53.115856681059846 ], [ -6.318955445055255, 53.115826115038445 ], [ -6.318725685629023, 53.115774691350545 ], [ -6.318350813666484, 53.115668725083687 ], [ -6.318103000137606, 53.115609494884254 ], [ -6.317901895178797, 53.11557528271895 ], [ -6.317538899236796, 53.115534467526103 ], [ -6.316924192582801, 53.115480654392471 ], [ -6.31614688986433, 53.115416268637738 ], [ -6.315986722339997, 53.115409688217717 ], [ -6.315758932537817, 53.115415184744364 ], [ -6.315422502419751, 53.115448174786721 ], [ -6.315042410101455, 53.115479108553252 ], [ -6.314805247383026, 53.115500558837674 ], [ -6.314631976154478, 53.115536037263318 ], [ -6.314438369478934, 53.115593698364563 ], [ -6.314261257986489, 53.115670648998751 ], [ -6.314057560265178, 53.115778322523234 ], [ -6.313834901781996, 53.115920242407064 ], [ -6.31366098990796, 53.116038135430038 ], [ -6.313532508119728, 53.116112896788223 ], [ -6.313383775094937, 53.116169843742284 ], [ -6.313201500416361, 53.116214899955082 ], [ -6.313020456218541, 53.116250535550357 ], [ -6.312795623643722, 53.116296785627974 ], [ -6.312653782703872, 53.116331896870378 ], [ -6.31255059928854, 53.116377264335298 ], [ -6.31243526250885, 53.116449784022905 ], [ -6.312350120240686, 53.116534687147684 ], [ -6.312205387774267, 53.116744224576387 ], [ -6.312106086368878, 53.116888610377316 ], [ -6.312036914894891, 53.116962143872875 ], [ -6.311947721371264, 53.117018315486732 ], [ -6.311831262751511, 53.117062774997514 ], [ -6.311666916791996, 53.117099813876337 ], [ -6.311348062805036, 53.117158659530666 ], [ -6.311106159052872, 53.117203316002879 ], [ -6.310922780156674, 53.117254375295069 ], [ -6.310727079687596, 53.117324224882729 ], [ -6.310490222190818, 53.117425579320091 ], [ -6.310290789516932, 53.11751200459338 ], [ -6.310171179690831, 53.117548776752088 ], [ -6.310116595458885, 53.117555012732062 ], [ -6.310086891756692, 53.117558366124683 ], [ -6.310030451879784, 53.117564756385519 ], [ -6.309727520854959, 53.117563061560872 ], [ -6.309506760823737, 53.117549229353521 ], [ -6.309314394395045, 53.117515217589805 ], [ -6.309169213724133, 53.117465695859217 ], [ -6.30904838987587, 53.11740780126064 ], [ -6.308886777310924, 53.117328024598208 ], [ -6.308733428187316, 53.117270027090726 ], [ -6.308498230915195, 53.117212843699399 ], [ -6.308067463870539, 53.11711854356696 ], [ -6.307832420690955, 53.117079427657004 ], [ -6.307619560436928, 53.117055907814468 ], [ -6.307356754727623, 53.117036620942422 ], [ -6.307111332759808, 53.117017040533895 ], [ -6.306944707611515, 53.116992828807248 ], [ -6.306744634471459, 53.116954387920053 ], [ -6.306460773896533, 53.116887699580722 ], [ -6.30615610491442, 53.116820624555004 ], [ -6.305957593901603, 53.116786339214876 ], [ -6.305750179502272, 53.116762264333865 ], [ -6.305555106807564, 53.116747083505679 ], [ -6.305375471600837, 53.116721604854483 ], [ -6.305098917146478, 53.116654118424101 ], [ -6.304842871416589, 53.116582069709168 ], [ -6.304437514484158, 53.116496836945238 ], [ -6.303964190088895, 53.116404163587802 ], [ -6.303748942919508, 53.116366310359233 ], [ -6.303604736551102, 53.116354907256898 ], [ -6.303454982900791, 53.116346660725334 ], [ -6.303295599154434, 53.116360837548818 ], [ -6.303121348972541, 53.116392689982767 ], [ -6.302947738933237, 53.116455201648364 ], [ -6.302734839554166, 53.116548523145227 ], [ -6.302475508000237, 53.11670077589401 ], [ -6.302253435570941, 53.116861109777318 ], [ -6.302013541658599, 53.117045277864712 ], [ -6.301789851974378, 53.117234081873434 ], [ -6.301689202921308, 53.117330440244416 ], [ -6.301612007175226, 53.117463268254156 ], [ -6.301530545192194, 53.117610506620501 ], [ -6.301429735640243, 53.117729693856788 ], [ -6.301296658559682, 53.11786091434724 ], [ -6.301138922753001, 53.118004996553779 ], [ -6.300982355976754, 53.118153769196496 ], [ -6.300846974501789, 53.118327741862792 ], [ -6.300748844547987, 53.118500718163915 ], [ -6.300707609640489, 53.118624531289441 ], [ -6.300698070719213, 53.118778907065938 ], [ -6.300698500420259, 53.118902326278523 ], [ -6.300732228713305, 53.119037545320538 ], [ -6.30080026626729, 53.119180805269245 ], [ -6.300958169876727, 53.119426288302499 ], [ -6.301107896027966, 53.119666711684047 ], [ -6.301293138000959, 53.119937752765921 ], [ -6.30150276550492, 53.120215433364585 ], [ -6.301708391746258, 53.120466539883552 ], [ -6.301897762026946, 53.120689280515869 ], [ -6.302077558042169, 53.120873593799459 ], [ -6.302374239513203, 53.12115017753581 ], [ -6.302602695116986, 53.121366282816176 ], [ -6.302776243538261, 53.121512304434447 ], [ -6.303029441852147, 53.121713572208961 ], [ -6.303161301992725, 53.121829246514558 ], [ -6.303230639074672, 53.121930457003515 ], [ -6.303300583983499, 53.122069427252377 ], [ -6.303405658628383, 53.122367726195456 ], [ -6.303514900908809, 53.122607208828946 ], [ -6.303615866878364, 53.12280028331714 ], [ -6.303812489075731, 53.12311480626321 ], [ -6.30393984776773, 53.123370007488028 ], [ -6.304028283261144, 53.123577823723195 ], [ -6.304069763482781, 53.123766903392266 ], [ -6.304119896969913, 53.124008510275139 ], [ -6.304172747685103, 53.124187415267251 ], [ -6.304247218995198, 53.12435242662022 ], [ -6.304353637672905, 53.12453865612499 ], [ -6.304536818775503, 53.124884986603604 ], [ -6.304672596551359, 53.125151991698708 ], [ -6.304733383557777, 53.125304672621816 ], [ -6.304732039848116, 53.125435886240439 ], [ -6.304731733322257, 53.125437409896236 ], [ -6.304700081096397, 53.125590303233651 ], [ -6.304636304211638, 53.125729615131235 ], [ -6.304473773272373, 53.125969990413736 ], [ -6.304302125697691, 53.126241515101277 ], [ -6.304209219613362, 53.1264194221989 ], [ -6.304156281604857, 53.126618303098901 ], [ -6.304144394296659, 53.126804375245854 ], [ -6.304173144818088, 53.126978802153481 ], [ -6.304222545556066, 53.127101390745437 ], [ -6.304298620691318, 53.12719137021859 ], [ -6.304335711044302, 53.127213471520989 ], [ -6.304342453876537, 53.127217522447467 ], [ -6.304392665185009, 53.127247539722362 ], [ -6.304433127806169, 53.127271666467365 ], [ -6.304640499233027, 53.127373223224424 ], [ -6.304818325562003, 53.127477056284306 ], [ -6.305039888134151, 53.127628342061719 ], [ -6.30518636108904, 53.127758513423601 ], [ -6.305414637725413, 53.128014879862349 ], [ -6.305600655684814, 53.128227049919737 ], [ -6.305945801241905, 53.128614422936749 ], [ -6.306108982547688, 53.128799391084137 ], [ -6.306221921825558, 53.128889265526688 ], [ -6.306313645643272, 53.128929401170538 ], [ -6.306431783635436, 53.128965417457742 ], [ -6.306533773942299, 53.129007766308618 ], [ -6.306638377802721, 53.129083948454095 ], [ -6.306735232226727, 53.129206761505003 ], [ -6.306847399238992, 53.129341386341459 ], [ -6.306963670810874, 53.129406139166427 ], [ -6.30712163843906, 53.129463664970963 ], [ -6.307323571590547, 53.129484514067052 ], [ -6.307476002712938, 53.129469692532282 ], [ -6.307605574416449, 53.129428120964491 ], [ -6.307730318118492, 53.129377671140688 ], [ -6.307778242382562, 53.129362532015463 ], [ -6.307823420445858, 53.129348253567798 ], [ -6.307942481984661, 53.129342036218908 ], [ -6.308129563374599, 53.129376963423091 ], [ -6.308387588840729, 53.129491638226554 ], [ -6.308481848499289, 53.129580256312543 ], [ -6.308510661761367, 53.1296688432341 ], [ -6.308489702877289, 53.129807057683564 ], [ -6.308396827413748, 53.130050315422899 ], [ -6.308322921461009, 53.130155778923886 ], [ -6.308224622886915, 53.130242109178532 ], [ -6.308155998162942, 53.130300997201857 ], [ -6.308114304463467, 53.13035829050709 ], [ -6.308080646741896, 53.130487157181477 ], [ -6.308010532458777, 53.130703142982533 ], [ -6.307989501378763, 53.130767830719826 ], [ -6.307890595486685, 53.130979362460828 ], [ -6.307809455074464, 53.131099463704444 ], [ -6.307713444085027, 53.131196523094928 ], [ -6.307578256793098, 53.131299317298918 ], [ -6.307348151744421, 53.131452445685561 ], [ -6.307075173506876, 53.131623839475758 ], [ -6.306965019491334, 53.131723123998256 ], [ -6.306903887098077, 53.131857800658544 ], [ -6.306908818051823, 53.13195809266935 ], [ -6.306945477692045, 53.132082206530825 ], [ -6.307037415951916, 53.132251868488964 ], [ -6.307172116990267, 53.13242492485 ], [ -6.307338200600522, 53.132555372187461 ], [ -6.30750508431798, 53.132662371075305 ], [ -6.307676007008244, 53.132751270680068 ], [ -6.307894255687284, 53.132846684255348 ], [ -6.308122832813537, 53.132952132289446 ], [ -6.308287500585832, 53.133043458838834 ], [ -6.30855003740554, 53.133219588485922 ], [ -6.308791945995664, 53.133400008542829 ], [ -6.308957514571943, 53.133553187637823 ], [ -6.309031830102242, 53.133666509459339 ], [ -6.309079726411118, 53.133831139850194 ], [ -6.309114349848371, 53.134051220434216 ], [ -6.309156853894089, 53.134236987577232 ], [ -6.309247160766406, 53.134420286797997 ], [ -6.309367661764646, 53.134547297405227 ], [ -6.309493780658266, 53.134653624590797 ], [ -6.309602578210471, 53.134733369849592 ], [ -6.309724256107102, 53.134864980842387 ], [ -6.309759762794901, 53.134955909470975 ], [ -6.309762542852725, 53.135057788635137 ], [ -6.309747526701447, 53.135233030532675 ], [ -6.309768837589726, 53.135327621686415 ], [ -6.309838567873567, 53.135413463404781 ], [ -6.309948222460196, 53.135499692094172 ], [ -6.310095953470452, 53.135592572350589 ], [ -6.310201215609978, 53.135690243521381 ], [ -6.310291574636123, 53.135837858898718 ], [ -6.310372368526812, 53.136065874854623 ], [ -6.310427601868754, 53.136185036953464 ], [ -6.310520215289385, 53.136275247753652 ], [ -6.310657650614955, 53.136360430964643 ], [ -6.310907260868044, 53.136499159991594 ], [ -6.311117574083498, 53.136624656558311 ], [ -6.311261481920145, 53.136742918965346 ], [ -6.311473564569492, 53.136939629398277 ], [ -6.31147511460903, 53.136940999633119 ], [ -6.311653724553312, 53.137095438317125 ], [ -6.311826241871368, 53.13721347655661 ], [ -6.311966534596004, 53.13732656346258 ], [ -6.312010535627633, 53.137399094917093 ], [ -6.311998219260436, 53.13751514124364 ], [ -6.311941727248038, 53.137641706735408 ], [ -6.31190670364069, 53.137670333225131 ], [ -6.311866649085081, 53.137685764500773 ], [ -6.311652021178467, 53.137641824007495 ], [ -6.311274975183625, 53.137533468179335 ], [ -6.310977273666976, 53.137426326737206 ], [ -6.310770227078755, 53.137343121488435 ], [ -6.310678960730682, 53.13730650230989 ], [ -6.310207193601687, 53.137102060076757 ], [ -6.309821113958485, 53.136922562593966 ], [ -6.309638413596983, 53.136819117690479 ], [ -6.309362275613908, 53.136659066449525 ], [ -6.30896878441394, 53.136404856775741 ], [ -6.308574794549647, 53.136132031914094 ], [ -6.308230144351626, 53.135896219761214 ], [ -6.307902296819491, 53.135672061495434 ], [ -6.30765570005609, 53.13550406690068 ], [ -6.307612561384557, 53.135422377907204 ], [ -6.307299151991214, 53.135179187218171 ], [ -6.307256535375949, 53.135150088215831 ], [ -6.306960961157273, 53.134948767128947 ], [ -6.306553759150172, 53.134742982073917 ], [ -6.306333771888178, 53.134701022029034 ], [ -6.305949803624993, 53.134606662258946 ], [ -6.305490632985317, 53.134550151282049 ], [ -6.305302577272492, 53.134392242932286 ], [ -6.305261887296422, 53.134367485032016 ], [ -6.305226658272504, 53.134351164022974 ], [ -6.30517608142699, 53.134349005860251 ], [ -6.305123419603093, 53.134362188066028 ], [ -6.305051564959859, 53.134352536239639 ], [ -6.305015061254654, 53.13433727562068 ], [ -6.304945033810214, 53.134284325011087 ], [ -6.304915887062316, 53.134220001053265 ], [ -6.304875529674995, 53.1341523724357 ], [ -6.304836072335655, 53.134140125741169 ], [ -6.304673364946133, 53.134165043468677 ], [ -6.304578564711075, 53.13416836824284 ], [ -6.304472351057321, 53.134126586847643 ], [ -6.304283078990015, 53.134002816142242 ], [ -6.304185592230245, 53.133964844015026 ], [ -6.304128546301738, 53.133967267193761 ], [ -6.304085845828475, 53.133956052649928 ], [ -6.304033321493391, 53.133918810793986 ], [ -6.303945649029038, 53.133910191317376 ], [ -6.303920045546929, 53.133890501592639 ], [ -6.3039315769463, 53.133869991779008 ], [ -6.303927041073133, 53.133828669733234 ], [ -6.303894296579637, 53.133805642457659 ], [ -6.30378974349038, 53.13377808659132 ], [ -6.303691058096125, 53.133748635905782 ], [ -6.303579155583547, 53.133697964054569 ], [ -6.303556133829455, 53.133675344883194 ], [ -6.303494750367591, 53.13367213316797 ], [ -6.30337401485636, 53.133679850303757 ], [ -6.303155374247032, 53.133653992663582 ], [ -6.303019954304738, 53.133627703933875 ], [ -6.302952813829992, 53.13360796119111 ], [ -6.302836843856591, 53.133516692286818 ], [ -6.302759383430412, 53.133458511031982 ], [ -6.302636455942802, 53.133424938732738 ], [ -6.302485672537305, 53.133369397058658 ], [ -6.302347489735102, 53.133350708257396 ], [ -6.302223756164916, 53.133318832718075 ], [ -6.302121780771349, 53.13326344734007 ], [ -6.302024727778242, 53.133161391747976 ], [ -6.301994801191088, 53.133151346459591 ], [ -6.301959652832961, 53.133148687913597 ], [ -6.301942787693211, 53.133138739931439 ], [ -6.301921822310525, 53.133113992561796 ], [ -6.301884652330665, 53.133062587383826 ], [ -6.301875902303581, 53.133034418008961 ], [ -6.301862095499227, 53.133012559130307 ], [ -6.301824875442742, 53.132990546032048 ], [ -6.301744136694412, 53.132974922128128 ], [ -6.30163212028751, 53.132896023357716 ], [ -6.301561585550122, 53.132806120433976 ], [ -6.301501713119642, 53.132761492028472 ], [ -6.301450841637742, 53.132732452886351 ], [ -6.301380787967088, 53.132702240285184 ], [ -6.301297931876263, 53.132659082395826 ], [ -6.301280275596081, 53.132619190908173 ], [ -6.301226861859739, 53.132595237854289 ], [ -6.30117608560456, 53.132607547281367 ], [ -6.301122237860516, 53.132600846526721 ], [ -6.30112802490125, 53.132572884546541 ], [ -6.301099744299941, 53.132555492965608 ], [ -6.301061849492871, 53.13253185119013 ], [ -6.300949423911388, 53.132522696452661 ], [ -6.300891838610108, 53.132529514665606 ], [ -6.300881220823773, 53.132523700455899 ], [ -6.300866967055825, 53.132453836360057 ], [ -6.300835952077872, 53.132408900420586 ], [ -6.300768459583882, 53.132360657413024 ], [ -6.300663839319664, 53.13231305286876 ], [ -6.300609759418544, 53.132284147325997 ], [ -6.300460862653149, 53.132287145065213 ], [ -6.300405710257971, 53.132266673171983 ], [ -6.300357939561028, 53.132230935655713 ], [ -6.300355756714757, 53.132195669234662 ], [ -6.300332434264877, 53.132174483262766 ], [ -6.300202650607112, 53.132164810329833 ], [ -6.300092734887725, 53.132129623479173 ], [ -6.300079592258558, 53.132106605380962 ], [ -6.300094676577533, 53.132074192144884 ], [ -6.300069474897447, 53.132050642312421 ], [ -6.29999268537402, 53.13203498371341 ], [ -6.299895473073723, 53.132018315233907 ], [ -6.299867828493336, 53.131938013036226 ], [ -6.2997546069307, 53.131874195677092 ], [ -6.299716733333049, 53.131818824862563 ], [ -6.299647869047138, 53.131771011026387 ], [ -6.299608044801441, 53.131733858679944 ], [ -6.299590275068391, 53.131693785536044 ], [ -6.299534544327558, 53.131656766389781 ], [ -6.299486436548401, 53.131610866851666 ], [ -6.299474903119383, 53.131572051259198 ], [ -6.299487994383359, 53.13154644167642 ], [ -6.299467263922031, 53.131487720316393 ], [ -6.299462191204154, 53.131478838362717 ], [ -6.299457240931268, 53.131469959056744 ], [ -6.299441214048792, 53.131451303976448 ], [ -6.299441107841312, 53.131441505148345 ], [ -6.299452906559186, 53.131417404226958 ], [ -6.29944479112774, 53.131395087051402 ], [ -6.299371998650065, 53.131340655429604 ], [ -6.299319036155604, 53.131320933372045 ], [ -6.299195424272366, 53.131286179188407 ], [ -6.299135021669211, 53.131276957013007 ], [ -6.299065691309154, 53.131281539201431 ], [ -6.298981455977681, 53.131285908372917 ], [ -6.298883408551836, 53.131271743859322 ], [ -6.298749432149688, 53.131215448804646 ], [ -6.29866822361505, 53.131174379009366 ], [ -6.298649367265456, 53.131149391528808 ], [ -6.298647334473078, 53.131122845915307 ], [ -6.298639649029159, 53.131095860878936 ], [ -6.298613533941988, 53.131070499100815 ], [ -6.298575857813667, 53.131053871456892 ], [ -6.298401807403999, 53.131035383538183 ], [ -6.29824156314784, 53.13100127411149 ], [ -6.29819656807677, 53.130979598120888 ], [ -6.298137430949748, 53.130957089852387 ], [ -6.297961034825532, 53.130913759873216 ], [ -6.297902228765683, 53.130870404120088 ], [ -6.297860708282642, 53.130804463260198 ], [ -6.297833008278365, 53.130784921977614 ], [ -6.297722506433082, 53.130739747433658 ], [ -6.297532010302083, 53.130604173454202 ], [ -6.297414046617392, 53.130529499058994 ], [ -6.297286435050072, 53.130468169989385 ], [ -6.29717695905135, 53.130425167707017 ], [ -6.297005093900091, 53.130388912023449 ], [ -6.296967762702878, 53.13035422128641 ], [ -6.296904618319553, 53.130330217826128 ], [ -6.296875113531326, 53.1303189197886 ], [ -6.296805578650523, 53.130275768616926 ], [ -6.296754270562044, 53.130242315974066 ], [ -6.296724510383521, 53.130209442171022 ], [ -6.296713037136437, 53.13018168283336 ], [ -6.296635111273162, 53.130135625105204 ], [ -6.296547815763422, 53.130120803538652 ], [ -6.296444906676592, 53.130083196776702 ], [ -6.296267076946924, 53.130010811313952 ], [ -6.296234262406048, 53.129977264484076 ], [ -6.296199334927079, 53.129919238151508 ], [ -6.296125073542148, 53.129849142811892 ], [ -6.296083961438059, 53.129832195532238 ], [ -6.296001352751508, 53.129839102604848 ], [ -6.295948833226035, 53.129820733617208 ], [ -6.295787308998207, 53.129688356982136 ], [ -6.295685492585911, 53.129595127207303 ], [ -6.295594292347359, 53.129532609787113 ], [ -6.295501427890321, 53.1294810342727 ], [ -6.295341044629707, 53.12941330060184 ], [ -6.295216080309133, 53.129391107466056 ], [ -6.295067108824418, 53.129355805984559 ], [ -6.294984867671822, 53.129319213913213 ], [ -6.294874535760755, 53.129245005780021 ], [ -6.294748630265013, 53.1291812715086 ], [ -6.294651893860171, 53.129099888353508 ], [ -6.294605526836823, 53.129050686015162 ], [ -6.294556708970276, 53.129032279547928 ], [ -6.294472839622701, 53.129021279739256 ], [ -6.294424989454912, 53.12903443715421 ], [ -6.294346361362785, 53.129021805459821 ], [ -6.294265474654779, 53.128982175344277 ], [ -6.294245418701844, 53.128953304048913 ], [ -6.294095980318601, 53.128876917797648 ], [ -6.293997948116287, 53.12881897516985 ], [ -6.293900430334244, 53.12878539831339 ], [ -6.293809163587841, 53.128768270703084 ], [ -6.293800146666954, 53.12876562472082 ], [ -6.293759900181605, 53.128736194297247 ], [ -6.29369220966065, 53.128609295188809 ], [ -6.293667489833177, 53.12857685237384 ], [ -6.293609998401321, 53.12854402877543 ], [ -6.293512445612525, 53.128489598072555 ], [ -6.293432184196207, 53.128477751304132 ], [ -6.293345530041963, 53.128471745154613 ], [ -6.29325224705596, 53.128440205912092 ], [ -6.293081575310309, 53.128374120199034 ], [ -6.293048805100728, 53.128342639521222 ], [ -6.293017311887326, 53.128285200752266 ], [ -6.292971990330258, 53.128256327364092 ], [ -6.292875866969958, 53.128209376974326 ], [ -6.292847331224787, 53.128195485187803 ], [ -6.292710431613159, 53.128126287005578 ], [ -6.292539524165168, 53.128041321536493 ], [ -6.292466662640702, 53.127998299815317 ], [ -6.29244354316465, 53.127947272860808 ], [ -6.292430435065861, 53.127920389364533 ], [ -6.292404785905102, 53.127867887974375 ], [ -6.292364825508634, 53.127825068492001 ], [ -6.292248412051059, 53.127730367006649 ], [ -6.292139051975616, 53.127644306452076 ], [ -6.291895962420912, 53.127527293619337 ], [ -6.291689957069081, 53.127419980618491 ], [ -6.291403845798896, 53.127303248189989 ], [ -6.291146821136019, 53.127220728909002 ], [ -6.29099945560393, 53.127173131235324 ], [ -6.290930749755193, 53.127118663090044 ], [ -6.29077458481625, 53.126966762619638 ], [ -6.290709524939741, 53.126919807044594 ], [ -6.290639352415228, 53.126886799883515 ], [ -6.290550272067048, 53.126836443239384 ], [ -6.290371397648751, 53.126759899128359 ], [ -6.290486555710855, 53.126417202862775 ], [ -6.290487989237111, 53.126325180668111 ], [ -6.290286988289666, 53.126331102503109 ], [ -6.290115097165373, 53.126119110846439 ], [ -6.28988613830576, 53.126112136553104 ], [ -6.289822311881045, 53.126068344125251 ], [ -6.289659755892639, 53.125962730335466 ], [ -6.289575164208626, 53.125926639966806 ], [ -6.289517634798382, 53.125901184261451 ], [ -6.28949057867718, 53.125887312909924 ], [ -6.28948666172733, 53.125868021493048 ], [ -6.28957521700917, 53.125810509068017 ], [ -6.289679696748308, 53.125736775749331 ], [ -6.289725013760093, 53.125660125896417 ], [ -6.289749362373946, 53.125608701762829 ], [ -6.289749043436552, 53.125607438807386 ], [ -6.289747027840896, 53.125599230423106 ], [ -6.289744073850373, 53.125586694134277 ], [ -6.289659073787378, 53.125436802368725 ], [ -6.289573435514214, 53.125334001374945 ], [ -6.289480950252965, 53.125248449499693 ], [ -6.289414426342748, 53.125222955269045 ], [ -6.289317304367456, 53.125185874784194 ], [ -6.289268735780402, 53.125161357578676 ], [ -6.289196292717572, 53.125108003160989 ], [ -6.289108362287069, 53.125081571010178 ], [ -6.287946420132464, 53.124657325250645 ], [ -6.287166007717045, 53.124323949116508 ], [ -6.287109885395511, 53.123878928365038 ], [ -6.286804255700328, 53.123764240698151 ], [ -6.286711051997551, 53.123690810574629 ], [ -6.286633618623064, 53.123654641322432 ], [ -6.286576552348175, 53.123620741739558 ], [ -6.286434263006326, 53.123535819657612 ], [ -6.286146573550433, 53.123379232094486 ], [ -6.285989250756609, 53.12331602467836 ], [ -6.285807362658648, 53.123216688607123 ], [ -6.285693271617231, 53.123058105579304 ], [ -6.285558841658989, 53.122912082887055 ], [ -6.2853434004218, 53.122643369179869 ], [ -6.285224911792639, 53.12253344029191 ], [ -6.28504570285777, 53.122385513519994 ], [ -6.28488206560646, 53.122245810506058 ], [ -6.284701705893776, 53.122129956067184 ], [ -6.284361367388063, 53.121897101960371 ], [ -6.284201346555832, 53.121768776371468 ], [ -6.284114414456501, 53.121695883959092 ], [ -6.283886027084074, 53.121591650894175 ], [ -6.283583117636883, 53.121446432540502 ], [ -6.283322151185748, 53.121349637467915 ], [ -6.28324056115838, 53.121294259824701 ], [ -6.283193727885338, 53.12126347322787 ], [ -6.283107614797617, 53.121247399419815 ], [ -6.282862627127203, 53.12117950767577 ], [ -6.282482725436771, 53.121061579981649 ], [ -6.282332239443157, 53.120994151840577 ], [ -6.282154142449923, 53.120914550228086 ], [ -6.281972557320475, 53.12083588582253 ], [ -6.281947994648106, 53.12080290341521 ], [ -6.281900958218517, 53.120764921749831 ], [ -6.281758894535091, 53.120680985004398 ], [ -6.281625462400055, 53.120609307929172 ], [ -6.281502913549822, 53.120573741417793 ], [ -6.28132983565117, 53.120491963909686 ], [ -6.28103051196356, 53.120352993598679 ], [ -6.281019552085869, 53.120303398232139 ], [ -6.281000081559024, 53.120266353596733 ], [ -6.280918902012565, 53.120244058453643 ], [ -6.280838090012025, 53.120237227709659 ], [ -6.280706832732741, 53.120188322540578 ], [ -6.280476852724769, 53.120078126558852 ], [ -6.280319478351887, 53.119982731371891 ], [ -6.280181801049024, 53.119881688226577 ], [ -6.280064895011627, 53.11976350756121 ], [ -6.279839437954903, 53.119549378077494 ], [ -6.279692895376681, 53.119401915060791 ], [ -6.279602687086767, 53.119284838845999 ], [ -6.279546073997745, 53.119212112452679 ], [ -6.279516062938683, 53.119161342715195 ], [ -6.279508096121877, 53.119147924724437 ], [ -6.27949705646663, 53.119091137320879 ], [ -6.279542183488101, 53.118948511783543 ], [ -6.279592110398878, 53.11884307860435 ], [ -6.279668549165272, 53.118647694248189 ], [ -6.279660791631369, 53.118622863121395 ], [ -6.279521014615734, 53.118491228236465 ], [ -6.279480451093026, 53.118389969995349 ], [ -6.279411465424342, 53.118312389806171 ], [ -6.27929257003734, 53.118197864801637 ], [ -6.279207630350858, 53.118164907779231 ], [ -6.27909986599022, 53.118104924238189 ], [ -6.279000142205465, 53.118041101957893 ], [ -6.278900004464739, 53.117947521089121 ], [ -6.278775850074655, 53.117844424660333 ], [ -6.278598720436511, 53.117830537690921 ], [ -6.278439319387674, 53.117764593463185 ], [ -6.278250570934507, 53.117659124040273 ], [ -6.278102766884925, 53.117537348439399 ], [ -6.277951309397181, 53.117445361298486 ], [ -6.277800411153474, 53.117397965445967 ], [ -6.277591179217334, 53.117302535238679 ], [ -6.277423113147973, 53.117200690370566 ], [ -6.277234369658317, 53.117095219367016 ], [ -6.276957086944519, 53.116979118426414 ], [ -6.276711102267372, 53.116900052799544 ], [ -6.276531200668955, 53.1168354270634 ], [ -6.276406763172329, 53.11677043574322 ], [ -6.276317835957035, 53.116732564235818 ], [ -6.276162723746526, 53.116704341343848 ], [ -6.276096573545993, 53.116682349494681 ], [ -6.276077576141188, 53.116642884876811 ], [ -6.276049977186686, 53.116587385286977 ], [ -6.275910877020725, 53.116503933690524 ], [ -6.27581859333016, 53.116380622385734 ], [ -6.275774728549746, 53.116331358755204 ], [ -6.275544387687892, 53.116200204739705 ], [ -6.27531222489786, 53.116077651842872 ], [ -6.275088562302663, 53.115973649710888 ], [ -6.274990847746718, 53.115899875062354 ], [ -6.274846538549308, 53.115743539650822 ], [ -6.274726467869512, 53.115683463562853 ], [ -6.274554438685307, 53.115597826116151 ], [ -6.274479914447146, 53.115563487710276 ], [ -6.27412595135216, 53.115411931709168 ], [ -6.273723092623656, 53.115201510433309 ], [ -6.273678004028207, 53.115179822682066 ], [ -6.273510515727204, 53.11510090098222 ], [ -6.273191149357887, 53.114925575260656 ], [ -6.273024299580406, 53.114769270063306 ], [ -6.272959567529618, 53.114702804349861 ], [ -6.272864631656295, 53.11467976378789 ], [ -6.27268525233882, 53.114648577508319 ], [ -6.272608607722629, 53.114611870144969 ], [ -6.27261004828202, 53.114575937383542 ], [ -6.272635171241592, 53.114459449874829 ], [ -6.272679119595086, 53.114420448768655 ], [ -6.272711372975761, 53.114396557335937 ], [ -6.272755986919115, 53.114387047869677 ], [ -6.272850511379659, 53.114386532002129 ], [ -6.273004130272852, 53.114322605448464 ], [ -6.273136687070582, 53.114221609590658 ], [ -6.273208330934146, 53.11415559454732 ], [ -6.273233599601553, 53.114124590673981 ], [ -6.273238266372226, 53.114118815908434 ], [ -6.273263183671819, 53.114056617124319 ], [ -6.273272651885652, 53.11400174447548 ], [ -6.273243804256185, 53.113906855896985 ], [ -6.273237988557841, 53.113864435178712 ], [ -6.273248055929487, 53.113846874053714 ], [ -6.273221216240876, 53.11377259897241 ], [ -6.27319510131493, 53.113747860579558 ], [ -6.273162161675083, 53.113733540510793 ], [ -6.273135962469333, 53.113704756093711 ], [ -6.273093997079411, 53.113654350481731 ], [ -6.273029885626426, 53.113618545193688 ], [ -6.272939860663657, 53.113568341022436 ], [ -6.272920662876022, 53.11352779343796 ], [ -6.27291145509988, 53.113508514495237 ], [ -6.272898860346461, 53.113463119091698 ], [ -6.272860344279263, 53.113418875569543 ], [ -6.272842653497313, 53.113380686828023 ], [ -6.272845801462894, 53.113317543028181 ], [ -6.272892249120952, 53.113259162230356 ], [ -6.273067131021821, 53.11311959112075 ], [ -6.273097454100138, 53.1130823687188 ], [ -6.273103204478798, 53.11305260970412 ], [ -6.273079996254369, 53.113016858598002 ], [ -6.272972305181741, 53.112961724133967 ], [ -6.272777986020469, 53.112894636234202 ], [ -6.272681052557101, 53.112875431524778 ], [ -6.272609523538426, 53.112803384000642 ], [ -6.272556083328123, 53.112790294251674 ], [ -6.272525036156785, 53.112777978019047 ], [ -6.27251275890332, 53.112758474721772 ], [ -6.272500404562345, 53.112737801809644 ], [ -6.272467666884437, 53.112730765091506 ], [ -6.272443715997597, 53.112738147491335 ], [ -6.272402672685502, 53.112756966733578 ], [ -6.272359789061324, 53.112757153219313 ], [ -6.272313733908029, 53.112778057801037 ], [ -6.272255639139294, 53.112807325693787 ], [ -6.272207700481921, 53.112810674575137 ], [ -6.272046061902603, 53.112801227133417 ], [ -6.2719360166592, 53.11280178664564 ], [ -6.271865688550133, 53.112807327069945 ], [ -6.271795638823416, 53.112836691708559 ], [ -6.271717225362835, 53.112847238043443 ], [ -6.271649652499272, 53.112842481665453 ], [ -6.271584177461886, 53.112822295629812 ], [ -6.271517745172215, 53.112743039931587 ], [ -6.271513253579787, 53.112673762959723 ], [ -6.271560438001745, 53.112606315063346 ], [ -6.271619652219932, 53.112546051913341 ], [ -6.27166855912475, 53.11248168505152 ], [ -6.271733350394218, 53.112448290125457 ], [ -6.271839460248145, 53.112422954607673 ], [ -6.27193530388512, 53.112395583269752 ], [ -6.271998370492605, 53.112362162261498 ], [ -6.272043827953438, 53.112294689103976 ], [ -6.272071948995759, 53.112226334151089 ], [ -6.272072474212862, 53.112139512728824 ], [ -6.27204222625554, 53.112070401145374 ], [ -6.271988151635191, 53.112014785789917 ], [ -6.271800684798515, 53.111884515447009 ], [ -6.271628465303166, 53.111736580157917 ], [ -6.271513169826577, 53.111610053910574 ], [ -6.271453200907158, 53.111501769525091 ], [ -6.271459420910212, 53.111451164255975 ], [ -6.271482208317174, 53.11136835139088 ], [ -6.271479283771441, 53.111287680963997 ], [ -6.271433433975139, 53.111205219519277 ], [ -6.271440133508037, 53.111188687338199 ], [ -6.271481092847798, 53.111171934548082 ], [ -6.271488997253749, 53.111128454592745 ], [ -6.271472714283005, 53.111070601418788 ], [ -6.271434321852619, 53.111032562102686 ], [ -6.271278356020387, 53.110934118882284 ], [ -6.271099599862146, 53.110814131709837 ], [ -6.270893723578938, 53.110716041550454 ], [ -6.270709235594266, 53.11066527215818 ], [ -6.270578334602478, 53.11064530339295 ], [ -6.270466689395543, 53.110645928146994 ], [ -6.270358617489369, 53.110658828984789 ], [ -6.270191646278857, 53.110754827384753 ], [ -6.270083848729637, 53.110788495225997 ], [ -6.269920962129912, 53.110816509338271 ], [ -6.269854824620388, 53.110822109472672 ], [ -6.269780408471392, 53.110828308293854 ], [ -6.269639314612826, 53.110816729321741 ], [ -6.269553231164945, 53.11080055695961 ], [ -6.269380372082202, 53.11073018003821 ], [ -6.269265967011691, 53.1106584049015 ], [ -6.269191116697712, 53.110589542774001 ], [ -6.269161273562811, 53.110547311690233 ], [ -6.26915902935572, 53.110508089510112 ], [ -6.26919477454065, 53.110489283322423 ], [ -6.269211627916923, 53.110465349542096 ], [ -6.269209626025413, 53.110441590082807 ], [ -6.269190327763635, 53.110422074203775 ], [ -6.269147245099119, 53.110408863865516 ], [ -6.269088795896763, 53.11040711498643 ], [ -6.269023285541097, 53.110394027847079 ], [ -6.268675356922567, 53.110244070917481 ], [ -6.268658687358205, 53.110189807072125 ], [ -6.268604477514247, 53.110094817936833 ], [ -6.268607629238604, 53.110022506036799 ], [ -6.268573792938528, 53.109984621035288 ], [ -6.2685427273483, 53.109923765953972 ], [ -6.268526161799944, 53.10988532323389 ], [ -6.268537621469326, 53.109845401557564 ], [ -6.268571611436709, 53.109815064832596 ], [ -6.268618114473194, 53.109795247724357 ], [ -6.268687421114031, 53.10974753775573 ], [ -6.268808088392193, 53.109697069356592 ], [ -6.268869622782765, 53.109655717897766 ], [ -6.268945192173126, 53.109642255803422 ], [ -6.268953907873413, 53.109639955694846 ], [ -6.268998047706414, 53.1096084182116 ], [ -6.269014119799853, 53.109588607771535 ], [ -6.269007949853243, 53.109567394328103 ], [ -6.268987373820003, 53.109545972256214 ], [ -6.268967108334234, 53.109541363059463 ], [ -6.269326228052718, 53.109516833159191 ], [ -6.269351167557499, 53.109515488014146 ], [ -6.269953992285116, 53.109484343744853 ], [ -6.270587644240938, 53.109418677600978 ], [ -6.270771165891442, 53.109379816774045 ], [ -6.270871869126698, 53.109353955073857 ], [ -6.270895609462025, 53.109388636673273 ], [ -6.270990243036568, 53.109372842713924 ], [ -6.270953019189215, 53.109296528600765 ], [ -6.271029312628504, 53.109258806058321 ], [ -6.271019863978044, 53.109236377496863 ], [ -6.271068840419117, 53.109204010675946 ], [ -6.271096751986958, 53.109159293341989 ], [ -6.271124728248629, 53.109116015089562 ], [ -6.271129556841679, 53.109084715622849 ], [ -6.27112459077057, 53.109018128226538 ], [ -6.271120036755257, 53.108971950544031 ], [ -6.271087232362359, 53.108917542544418 ], [ -6.271089283996669, 53.108878651560339 ], [ -6.27111588958222, 53.108857286058509 ], [ -6.271130985850111, 53.108794225929643 ], [ -6.271112981100594, 53.108745515861408 ], [ -6.271088019190005, 53.108719804982435 ], [ -6.271081417835579, 53.108644834586933 ], [ -6.271101332896513, 53.108584451106047 ], [ -6.271127273449992, 53.108518221890435 ], [ -6.271166044626945, 53.108448494693931 ], [ -6.271166680911247, 53.108411111179265 ], [ -6.271147360066996, 53.108401392669521 ], [ -6.271118697816591, 53.108400347116756 ], [ -6.271099184613326, 53.108392333605984 ], [ -6.271106243183667, 53.108376077205875 ], [ -6.2711829038939, 53.108353730117301 ], [ -6.271242970788704, 53.108305885362917 ], [ -6.271285717078258, 53.108238372192254 ], [ -6.271321951243946, 53.108164293649033 ], [ -6.271353094861674, 53.108118814240626 ], [ -6.271378982253739, 53.108078471768295 ], [ -6.271419234509998, 53.108051641700925 ], [ -6.271430011230432, 53.108037866160338 ], [ -6.271420958096665, 53.108014813281905 ], [ -6.271404861857661, 53.107998400326359 ], [ -6.271393318063457, 53.107982143374436 ], [ -6.271426577628326, 53.107960693782104 ], [ -6.271467183420687, 53.107964968793986 ], [ -6.27147852241094, 53.1079586618104 ], [ -6.271508717107499, 53.107921527817822 ], [ -6.271520958901056, 53.107862021550446 ], [ -6.271487178666777, 53.10785344135865 ], [ -6.271468928219924, 53.107841581222495 ], [ -6.271481776332046, 53.107822262936288 ], [ -6.271533933962643, 53.107830301072028 ], [ -6.271545948486046, 53.107825621810122 ], [ -6.27155554174881, 53.107816771807286 ], [ -6.271562080230596, 53.107755115367169 ], [ -6.271539092208692, 53.107713974046391 ], [ -6.271539102388968, 53.107673795021853 ], [ -6.271561100593744, 53.107653619989641 ], [ -6.271596321968278, 53.107650805787301 ], [ -6.271611648816773, 53.107637276079203 ], [ -6.271607078003176, 53.107619142958519 ], [ -6.271601439207326, 53.107600004701666 ], [ -6.271608955383032, 53.107590765891359 ], [ -6.271624382921956, 53.107580833015227 ], [ -6.27164595004532, 53.107577550850877 ], [ -6.271659164531407, 53.107561383816162 ], [ -6.271635072692373, 53.107547730174126 ], [ -6.271631053553672, 53.107531222982843 ], [ -6.27166408799188, 53.107506175583779 ], [ -6.27168318218761, 53.107487756042381 ], [ -6.271683072404644, 53.107462856502011 ], [ -6.271707970582857, 53.107444072719645 ], [ -6.271711201841137, 53.107415715311362 ], [ -6.271720207450924, 53.107396970389452 ], [ -6.27173879950316, 53.107384925331338 ], [ -6.271759052190417, 53.107380635332255 ], [ -6.271771210651484, 53.107372362767137 ], [ -6.271790506360816, 53.107351969579675 ], [ -6.271783643241211, 53.107329577718197 ], [ -6.271766018078945, 53.107320603002712 ], [ -6.271759492662793, 53.107302081966552 ], [ -6.271786461977411, 53.107283867549612 ], [ -6.271817294298422, 53.107276853973453 ], [ -6.271836947174181, 53.107259881567707 ], [ -6.27182557978381, 53.107245335018561 ], [ -6.271804786550114, 53.107235505346786 ], [ -6.271795492712648, 53.107215325296025 ], [ -6.2718527157338, 53.107149281419204 ], [ -6.271905557271863, 53.107112566056223 ], [ -6.271930090636908, 53.107109057259336 ], [ -6.271940457730268, 53.107111634664875 ], [ -6.271958213443106, 53.107098949138383 ], [ -6.271980113871293, 53.107081200384791 ], [ -6.271994298259989, 53.107053091887416 ], [ -6.272021067119531, 53.107039908027609 ], [ -6.272046628238324, 53.107019965305334 ], [ -6.27204526513201, 53.10699558597463 ], [ -6.272047659127541, 53.106981958322024 ], [ -6.272061777024604, 53.106977039895384 ], [ -6.27211371782005, 53.106959727267693 ], [ -6.272191095116235, 53.106900985914187 ], [ -6.272198366215226, 53.106870171281237 ], [ -6.272216649022448, 53.106847425430452 ], [ -6.272262753230628, 53.106831286385045 ], [ -6.272319664487231, 53.106825191477093 ], [ -6.272319977842355, 53.106783578704224 ], [ -6.272371587049721, 53.106740733116808 ], [ -6.27235293496951, 53.106711249962963 ], [ -6.27236979446921, 53.106680933147715 ], [ -6.272427316966771, 53.1066688248155 ], [ -6.272481751935143, 53.106635368164966 ], [ -6.272516926983334, 53.106599925028178 ], [ -6.272540514132642, 53.10653087583151 ], [ -6.27257903895206, 53.106424111379127 ], [ -6.272597445722617, 53.106367479995754 ], [ -6.272591164084499, 53.106318312000717 ], [ -6.272568109547197, 53.106278786923944 ], [ -6.272552496788938, 53.106265706854217 ], [ -6.272524978114951, 53.106254610290968 ], [ -6.272532760924054, 53.106232521840198 ], [ -6.272606840292975, 53.106216069648937 ], [ -6.272608793175496, 53.106173491942876 ], [ -6.272584857911762, 53.106125235308795 ], [ -6.272555125394822, 53.106089478323284 ], [ -6.272543837804034, 53.106026844003864 ], [ -6.272508404476596, 53.105985790969065 ], [ -6.272482343487378, 53.105953683527503 ], [ -6.272397563315676, 53.105806837613329 ], [ -6.272351080010206, 53.105740276751398 ], [ -6.27232122190534, 53.105676923399749 ], [ -6.272303219936087, 53.105637381727433 ], [ -6.272298198222848, 53.105608995272341 ], [ -6.272277822689285, 53.105545688783842 ], [ -6.272253160731526, 53.10551252298572 ], [ -6.272245917440701, 53.105471968996056 ], [ -6.272247040248279, 53.105428570279557 ], [ -6.272243639683547, 53.105408926133443 ], [ -6.272230648038466, 53.105379614111655 ], [ -6.272213951824216, 53.105365889073504 ], [ -6.2721904027793, 53.105304964268505 ], [ -6.272209248026346, 53.105277373729479 ], [ -6.272221561356329, 53.105259035427281 ], [ -6.272217306723737, 53.105239199111907 ], [ -6.272216300762953, 53.10519666833185 ], [ -6.272143667284407, 53.105140244192221 ], [ -6.272086870019682, 53.105112813811438 ], [ -6.272051699883903, 53.105083629177564 ], [ -6.272030734110291, 53.105062741260383 ], [ -6.272012341455851, 53.105042159454165 ], [ -6.271995378433797, 53.105010543531385 ], [ -6.27194554823104, 53.104984471722453 ], [ -6.271899669529245, 53.104961244582924 ], [ -6.271851441894256, 53.104925937919418 ], [ -6.271768059381703, 53.10488257044949 ], [ -6.271702978109046, 53.104852862358783 ], [ -6.271679582124219, 53.104831129227307 ], [ -6.271652866850931, 53.104815371034263 ], [ -6.271539565457059, 53.104728694072982 ], [ -6.271435667294742, 53.104650152383734 ], [ -6.271392603811947, 53.104615101202278 ], [ -6.271354651252476, 53.104584707443841 ], [ -6.271325383250866, 53.104571159204127 ], [ -6.271211016439684, 53.104492645017892 ], [ -6.27101152214051, 53.104346739135096 ], [ -6.270951713918823, 53.104333015858593 ], [ -6.27088352942495, 53.104303891412954 ], [ -6.270854332887108, 53.104276321237535 ], [ -6.270821057743156, 53.104261366383959 ], [ -6.270784567783415, 53.104249780414293 ], [ -6.270783356805477, 53.104261537667014 ], [ -6.270765023128683, 53.104270259709658 ], [ -6.270730240146158, 53.104271372217845 ], [ -6.270665366090696, 53.104215059893768 ], [ -6.270655377889507, 53.104190735866361 ], [ -6.270646614121611, 53.10416355243273 ], [ -6.270630208558524, 53.104108843228282 ], [ -6.270590466866889, 53.104055502711283 ], [ -6.270566914446856, 53.104043835024143 ], [ -6.270565617067867, 53.104036265885803 ], [ -6.270571681520413, 53.104014062696542 ], [ -6.27057485813974, 53.103941031088745 ], [ -6.270541644475726, 53.103927605081275 ], [ -6.27052223669642, 53.103929300498322 ], [ -6.270478489784113, 53.103929743358115 ], [ -6.270448555979219, 53.10392670168951 ], [ -6.270373161188785, 53.103862416361288 ], [ -6.270306512125481, 53.103841133829455 ], [ -6.270266068983477, 53.10383290494714 ], [ -6.270242210354553, 53.103828872913269 ], [ -6.270239779097738, 53.103815804344727 ], [ -6.27024321252248, 53.103803899629767 ], [ -6.270289601431786, 53.103774461712582 ], [ -6.270319161080794, 53.103722397977741 ], [ -6.270334042397026, 53.103680009080001 ], [ -6.270336431826074, 53.103663414303796 ], [ -6.270344184306019, 53.103642134501627 ], [ -6.270369193855733, 53.103608251147286 ], [ -6.270410076825338, 53.103584037238164 ], [ -6.270436256448138, 53.10355169890898 ], [ -6.270439270860237, 53.103519564119402 ], [ -6.270432854724846, 53.103498347151152 ], [ -6.270463609886067, 53.103483963197988 ], [ -6.27050704789313, 53.103472819619363 ], [ -6.270544045527012, 53.103431829812742 ], [ -6.270552605095498, 53.103393482800023 ], [ -6.270525504337596, 53.103344370745987 ], [ -6.270482750700564, 53.103267886131235 ], [ -6.270454740803229, 53.103213817207156 ], [ -6.27044890140776, 53.103178227123088 ], [ -6.270459055603951, 53.103066376986085 ], [ -6.27047901824867, 53.103029365092233 ], [ -6.270512396949507, 53.102986435129971 ], [ -6.270547051455705, 53.102930130929259 ], [ -6.270558357416284, 53.102875554755869 ], [ -6.270534596506253, 53.102835299900619 ], [ -6.270500288559695, 53.102784734830941 ], [ -6.270430552627341, 53.102726823659459 ], [ -6.270293258951796, 53.102658043270409 ], [ -6.27018611930801, 53.1026297894512 ], [ -6.270104764699276, 53.102606675119866 ], [ -6.270036205130193, 53.102583926498205 ], [ -6.270000216840612, 53.102553740603391 ], [ -6.269931567013016, 53.102551664014122 ], [ -6.269762115894014, 53.102483134583295 ], [ -6.269732805697512, 53.102461494828965 ], [ -6.269679288699471, 53.102419999100398 ], [ -6.269597845244523, 53.102365332809448 ], [ -6.269507232372735, 53.102318173300404 ], [ -6.269354325202002, 53.102196581503094 ], [ -6.269224998068958, 53.10206445553041 ], [ -6.269176161226679, 53.102013768641534 ], [ -6.269154994284053, 53.101945776943694 ], [ -6.269125162678995, 53.101885029739385 ], [ -6.269060635551874, 53.101722026954505 ], [ -6.269045401683407, 53.101665806499817 ], [ -6.269033332477281, 53.101632013288175 ], [ -6.269014141771462, 53.101603780106444 ], [ -6.268989510542378, 53.10157915214748 ], [ -6.268932130268848, 53.101551082532119 ], [ -6.268916019046438, 53.101538174475934 ], [ -6.268913271840327, 53.101511527833068 ], [ -6.268912271766261, 53.101490390451531 ], [ -6.268926212417298, 53.10146839088862 ], [ -6.26893227273804, 53.101440165456133 ], [ -6.26894561353499, 53.10142696673563 ], [ -6.268998047547505, 53.10137577534401 ], [ -6.269072026322962, 53.101318695274479 ], [ -6.269145276173391, 53.101252165796986 ], [ -6.269208132735361, 53.10117452011972 ], [ -6.269226975783384, 53.101107110314011 ], [ -6.269219031793258, 53.101034995574786 ], [ -6.269184975977176, 53.10096286150273 ], [ -6.26912224378857, 53.100887074499319 ], [ -6.26905495219293, 53.100842051495583 ], [ -6.26902174428159, 53.100819366129976 ], [ -6.268966853166651, 53.100805983886453 ], [ -6.26889100113417, 53.100747173837675 ], [ -6.268890768053915, 53.1006885649116 ], [ -6.268826232628463, 53.100553426899552 ], [ -6.26877915921541, 53.10044047377616 ], [ -6.268716323186045, 53.100358123470031 ], [ -6.268673665192179, 53.100322357164956 ], [ -6.268583312617621, 53.100290302172453 ], [ -6.268533921018321, 53.100241224836935 ], [ -6.26851678108119, 53.100207986974176 ], [ -6.268459069772151, 53.100185125591409 ], [ -6.268393526056463, 53.100173295881625 ], [ -6.268296761805947, 53.100116877677877 ], [ -6.268279654273917, 53.100085887361125 ], [ -6.268251563057996, 53.100052400212427 ], [ -6.268118816117981, 53.099978020654454 ], [ -6.268116592764941, 53.099938348363963 ], [ -6.268070387587724, 53.099889677636448 ], [ -6.268065774875063, 53.099829745673709 ], [ -6.267966698347342, 53.09973590161286 ], [ -6.26790613891853, 53.099688908572958 ], [ -6.267846822771325, 53.099611012451021 ], [ -6.267702988786198, 53.099441731030666 ], [ -6.267649820025277, 53.099394756451659 ], [ -6.267649859316347, 53.099295702564774 ], [ -6.267599805384895, 53.099165088184336 ], [ -6.267643669437247, 53.099066582385035 ], [ -6.26766761294829, 53.099016325988188 ], [ -6.267705200598804, 53.098988199109037 ], [ -6.267761750212655, 53.098944888109621 ], [ -6.267767265766555, 53.09889651977705 ], [ -6.267755550723769, 53.098817160147682 ], [ -6.267735692598239, 53.098759613788125 ], [ -6.26773066007192, 53.098697878896949 ], [ -6.267760488056762, 53.098685099172833 ], [ -6.267819755054939, 53.098666097403466 ], [ -6.268027919222579, 53.098583016120841 ], [ -6.268154549835342, 53.098527421983796 ], [ -6.268301356681238, 53.098518412706945 ], [ -6.268365521040492, 53.098466403557083 ], [ -6.268410123449645, 53.098352537983054 ], [ -6.268436701026054, 53.098227444215901 ], [ -6.268400532735875, 53.098119054793855 ], [ -6.268249230146595, 53.097951822528081 ], [ -6.268152360636671, 53.097898189041359 ], [ -6.268267863904994, 53.0978721118029 ], [ -6.26852999297803, 53.097788297707268 ], [ -6.268799904616732, 53.097719274389839 ], [ -6.269014857960412, 53.097662610141512 ], [ -6.269100935586162, 53.097634640754492 ], [ -6.269347618129057, 53.097580280044568 ], [ -6.269392770558929, 53.097579669323693 ], [ -6.26956262336263, 53.097556144750286 ], [ -6.269906957622027, 53.09753254111628 ], [ -6.270011770822082, 53.097526271910638 ], [ -6.270226608225347, 53.097499975753756 ], [ -6.270521807600457, 53.097453023220481 ], [ -6.270793638154493, 53.097411231315284 ], [ -6.270894409513381, 53.097394772626977 ], [ -6.270808315524115, 53.097347608667135 ], [ -6.270731636534953, 53.097259315514151 ], [ -6.270479450339904, 53.097050785971739 ], [ -6.270478348019357, 53.097049601453172 ], [ -6.270473049470419, 53.097043951610054 ], [ -6.270356513032165, 53.09691961950378 ], [ -6.270323514870594, 53.096877469449581 ], [ -6.270215740230072, 53.096739853789792 ], [ -6.270212575412383, 53.096735736020463 ], [ -6.270191983347552, 53.09670892976807 ], [ -6.270186382764616, 53.096648652740114 ], [ -6.270134916721621, 53.096583709130634 ], [ -6.270153408347779, 53.09650542791239 ], [ -6.270183381693393, 53.096455842918651 ], [ -6.270225837296115, 53.09640741011151 ], [ -6.270251536249595, 53.096322923753796 ], [ -6.270255354442939, 53.096283582897279 ], [ -6.270333057913809, 53.096047740967037 ], [ -6.270386366036584, 53.095949499074933 ], [ -6.270453803200448, 53.095906274055501 ], [ -6.270513685675203, 53.095854454109016 ], [ -6.270612543862606, 53.095756047178106 ], [ -6.270728726985825, 53.095576753229913 ], [ -6.270752588337219, 53.095493741129253 ], [ -6.270754570104298, 53.095465177680843 ], [ -6.270814780797306, 53.095386531843609 ], [ -6.270897548091762, 53.095259999711367 ], [ -6.270932202218257, 53.095108913102131 ], [ -6.270919899828538, 53.095008701925885 ], [ -6.270872921996659, 53.094848986728472 ], [ -6.270751978381239, 53.094679028459602 ], [ -6.270903136268256, 53.094607906193552 ], [ -6.271019280753113, 53.094546396005413 ], [ -6.271056544879159, 53.094513410523341 ], [ -6.271111583763247, 53.094439318443833 ], [ -6.271142165330172, 53.094397588959779 ], [ -6.271738697368777, 53.094225901023066 ], [ -6.271873293476824, 53.094167048919935 ], [ -6.271958881347721, 53.094106738952 ], [ -6.272280457948199, 53.094116805920336 ], [ -6.272370321532179, 53.094078076977347 ], [ -6.272443685082596, 53.093934100908406 ], [ -6.272432482333651, 53.09387355928331 ], [ -6.272378765381485, 53.093799274605466 ], [ -6.272377471667745, 53.093663595001161 ], [ -6.27252521549003, 53.093624571909302 ], [ -6.272628764996167, 53.093603603978949 ], [ -6.272802298598888, 53.093584819376467 ], [ -6.273099284183307, 53.093586253357721 ], [ -6.273555775447534, 53.093513238650871 ], [ -6.273596932240698, 53.093432668305418 ], [ -6.273593770296228, 53.093354781598052 ], [ -6.273618254266638, 53.093281519646801 ], [ -6.273576050025569, 53.093172954318533 ], [ -6.273612064611036, 53.093156219006389 ], [ -6.273539791262603, 53.093082003600514 ], [ -6.273710553686361, 53.093107761069504 ], [ -6.273765884191152, 53.093116114037358 ], [ -6.273769403071588, 53.093037425404454 ], [ -6.274199611103634, 53.093116920426404 ], [ -6.274305607460557, 53.09311848461109 ], [ -6.274466982761685, 53.093093239250052 ], [ -6.27461416194846, 53.093082447987534 ], [ -6.274907593087002, 53.093099339991859 ], [ -6.274917784715549, 53.093099505716978 ], [ -6.275090286997131, 53.093102469258312 ], [ -6.27550891784646, 53.091914357315133 ], [ -6.275512159933955, 53.091890672109535 ], [ -6.275506094223365, 53.091857533692895 ], [ -6.275510420155575, 53.091801256813277 ], [ -6.275482024377435, 53.09168617970095 ], [ -6.275480631804868, 53.091634754601913 ], [ -6.27549576482872, 53.091613275809301 ], [ -6.275521868874571, 53.091601960148047 ], [ -6.277427359128656, 53.089536641636649 ], [ -6.277592851155586, 53.088959665416624 ], [ -6.27768205877422, 53.08867306213682 ], [ -6.277717005934225, 53.088635065960887 ], [ -6.277856572657046, 53.088525078257312 ], [ -6.277845000197341, 53.088487283335255 ], [ -6.277813545473958, 53.088437824873274 ], [ -6.277783033717458, 53.088364753918462 ], [ -6.277783858668148, 53.088198504762161 ], [ -6.277783501344406, 53.088134620496277 ], [ -6.277779521919816, 53.088052306924837 ], [ -6.277861846863238, 53.087846985273245 ], [ -6.27791453960245, 53.08771036396201 ], [ -6.277932502071509, 53.087588115880337 ], [ -6.277943619935254, 53.08745526753345 ], [ -6.277938933458422, 53.087317815779564 ], [ -6.277913191311929, 53.087161683309326 ], [ -6.27793195662269, 53.087019320803655 ], [ -6.278001444101188, 53.086735057361174 ], [ -6.278027086726184, 53.086602420092248 ], [ -6.278025620799551, 53.086457139253042 ], [ -6.27798822224401, 53.086301712662824 ], [ -6.277938448771023, 53.086184661114849 ], [ -6.277835598877101, 53.085938105180176 ], [ -6.277711643660345, 53.085675543524673 ], [ -6.277608220758452, 53.085444781659675 ], [ -6.277555972684839, 53.08515175595619 ], [ -6.27755075014994, 53.085064174185099 ], [ -6.277479846746896, 53.084762170356065 ], [ -6.277486159540374, 53.084754183822334 ], [ -6.277521227387582, 53.084708489939096 ], [ -6.277615763795881, 53.084632016650424 ], [ -6.277791897586664, 53.084510164181793 ], [ -6.277992894044422, 53.084326829834062 ], [ -6.278075115048361, 53.084225729362686 ], [ -6.278170138307088, 53.08403214135901 ], [ -6.27823714824489, 53.08384938438148 ], [ -6.278286145747895, 53.083698365615696 ], [ -6.278301731399432, 53.083644120219418 ], [ -6.278297439445865, 53.083597407147906 ], [ -6.282098819434614, 53.082568384907994 ], [ -6.282384093445414, 53.082394379307047 ], [ -6.282725004088819, 53.082153546956924 ], [ -6.282838018354735, 53.082085014202178 ], [ -6.283120296132038, 53.081896492217396 ], [ -6.283412742154697, 53.081738605089697 ], [ -6.283598124539831, 53.081642649256089 ], [ -6.28373506073788, 53.081551333471431 ], [ -6.283876994270587, 53.081470219590983 ], [ -6.283995712157871, 53.08137754414939 ], [ -6.284157753682956, 53.0812303312645 ], [ -6.284450630281192, 53.081087305734599 ], [ -6.284666773592079, 53.080963172565681 ], [ -6.284872512075366, 53.080849908860323 ], [ -6.284983387443532, 53.080810223145967 ], [ -6.285207709262878, 53.080713846369129 ], [ -6.285445248938716, 53.08054289374315 ], [ -6.285442120371548, 53.080516072074666 ], [ -6.285003393726323, 53.080202200321956 ], [ -6.284692658682547, 53.080011057838405 ], [ -6.283859981047707, 53.078148777708257 ], [ -6.283775121669146, 53.077996880229634 ], [ -6.283705099740946, 53.077862877007156 ], [ -6.283772731817596, 53.077862773090146 ], [ -6.28388629522172, 53.077867467235706 ], [ -6.28395449881829, 53.077855058176958 ], [ -6.284049972419935, 53.077859581135861 ], [ -6.284244151849694, 53.077883324612479 ], [ -6.284282864701176, 53.07787570338462 ], [ -6.284341241862836, 53.077862702979836 ], [ -6.284413279398079, 53.077856011669212 ], [ -6.284474847070117, 53.077855641037708 ], [ -6.284547226496831, 53.077880593927802 ], [ -6.284619748836493, 53.077901954351674 ], [ -6.284689091962741, 53.077919672616346 ], [ -6.284747767659174, 53.077930136176029 ], [ -6.284809651016432, 53.077949724284693 ], [ -6.284912362077189, 53.077988957322262 ], [ -6.285069329718401, 53.078041466275081 ], [ -6.285122177124846, 53.078053014138746 ], [ -6.285181067579378, 53.078079750573487 ], [ -6.285264039913782, 53.078098384010765 ], [ -6.285365137333854, 53.078134896860277 ], [ -6.285419527770022, 53.078157163083922 ], [ -6.285531328841932, 53.078200032069454 ], [ -6.285606860489466, 53.078223142154577 ], [ -6.285688384649177, 53.078253440309524 ], [ -6.285802928848293, 53.078279988682539 ], [ -6.285887414251157, 53.078303947564294 ], [ -6.285928276217933, 53.078328984835842 ], [ -6.285977779407276, 53.078322417352446 ], [ -6.286069288009197, 53.078318342534622 ], [ -6.286149009513852, 53.078319670695983 ], [ -6.286224071104686, 53.078317426186906 ], [ -6.286389348763421, 53.078321963973323 ], [ -6.286454036973472, 53.078329816746084 ], [ -6.286493442809184, 53.078351237470116 ], [ -6.286532387551284, 53.078350180417885 ], [ -6.286574530670777, 53.078355371442981 ], [ -6.286597497719075, 53.078381499939404 ], [ -6.286635101157196, 53.078389411986173 ], [ -6.286691025495162, 53.078407205486137 ], [ -6.286716933159383, 53.07843058988486 ], [ -6.286749985195494, 53.078432234325383 ], [ -6.286807153114856, 53.078437282080202 ], [ -6.286835963662399, 53.078458909662899 ], [ -6.286984406969448, 53.078440912869155 ], [ -6.287050532004537, 53.078440516630145 ], [ -6.287149585281512, 53.078441762901512 ], [ -6.287208197971834, 53.078441438193735 ], [ -6.287286316986955, 53.078442832406473 ], [ -6.287369106327829, 53.078450585708126 ], [ -6.287445945034194, 53.078471825855893 ], [ -6.28754091666572, 53.078492159342424 ], [ -6.287649716008215, 53.078533184523643 ], [ -6.287719042601162, 53.078554497045673 ], [ -6.287891444215003, 53.078627718010537 ], [ -6.287971038990399, 53.078629133007489 ], [ -6.288134960165612, 53.078639940752957 ], [ -6.288166667839644, 53.078650643786666 ], [ -6.288195111030929, 53.07865051370856 ], [ -6.28838484229883, 53.078674816477779 ], [ -6.288493408441019, 53.078703163814623 ], [ -6.28859131672649, 53.078727044192838 ], [ -6.28867434466182, 53.078753675748594 ], [ -6.288763248436253, 53.078774909703078 ], [ -6.288853620601671, 53.078787085480101 ], [ -6.288939548540187, 53.07881196086722 ], [ -6.288977240991357, 53.078820772292559 ], [ -6.289112745109458, 53.078837283060409 ], [ -6.289184863891535, 53.078844072690806 ], [ -6.289246533090627, 53.078847386302968 ], [ -6.289294406281762, 53.078835400036354 ], [ -6.289416317169685, 53.078850097090488 ], [ -6.289500404484155, 53.078846901659794 ], [ -6.289594905393589, 53.078841878414721 ], [ -6.289641369678786, 53.078834365977265 ], [ -6.289713408089662, 53.078827671465056 ], [ -6.289779646252824, 53.07883994903758 ], [ -6.289854973882707, 53.07885586361251 ], [ -6.289975288938792, 53.078864244344949 ], [ -6.29005193195686, 53.078865615522069 ], [ -6.290130251228465, 53.078880583289298 ], [ -6.290231041175947, 53.078890840388794 ], [ -6.290267366148543, 53.078912396240433 ], [ -6.290345625514433, 53.07891648698758 ], [ -6.290420687985269, 53.078914239837729 ], [ -6.290488335212784, 53.078922043038233 ], [ -6.290539617065421, 53.078938959049097 ], [ -6.290631489108637, 53.07894746975785 ], [ -6.290705120820909, 53.078953381355554 ], [ -6.290765395109266, 53.078963954777244 ], [ -6.290822826953754, 53.078993453848206 ], [ -6.290989687043337, 53.079001603331236 ], [ -6.291152399399097, 53.079030547092273 ], [ -6.29131018360482, 53.079037846695982 ], [ -6.291506990727092, 53.079035909046638 ], [ -6.291664694668153, 53.079035926389459 ], [ -6.291795326726255, 53.079032497882977 ], [ -6.291924492555675, 53.079038128307054 ], [ -6.292046336671503, 53.079048326577961 ], [ -6.292201202878478, 53.079054684266239 ], [ -6.292473018751219, 53.0790549901456 ], [ -6.292668429565797, 53.079060311171673 ], [ -6.292899680257059, 53.079059045239021 ], [ -6.293105593873908, 53.079069639648878 ], [ -6.293257585101602, 53.079083325235615 ], [ -6.293390487873328, 53.079131433103356 ], [ -6.29349731125153, 53.079141684083233 ], [ -6.293681643287006, 53.079118980380436 ], [ -6.293743099134829, 53.079105928739622 ], [ -6.293767243344072, 53.079114903883891 ], [ -6.293818324699036, 53.079118243952671 ], [ -6.293881274656326, 53.079107910197926 ], [ -6.293917144844296, 53.079100514729966 ], [ -6.293929451461943, 53.079113095242157 ], [ -6.293968603389554, 53.079119229473484 ], [ -6.294081424830257, 53.079130375791429 ], [ -6.294138606828299, 53.07913820662835 ], [ -6.294188261679282, 53.07914961478081 ], [ -6.29423035773746, 53.079146712813156 ], [ -6.294237530939242, 53.079124074904641 ], [ -6.294259828643233, 53.079111270557085 ], [ -6.294304912090253, 53.079113714569957 ], [ -6.294323501319432, 53.079151104210752 ], [ -6.294348759231899, 53.079163061386303 ], [ -6.294403138162901, 53.079167076767838 ], [ -6.294455410466313, 53.079146523491964 ], [ -6.294518833149597, 53.079155342447649 ], [ -6.294557047768109, 53.079132250627154 ], [ -6.294550435065498, 53.079097100036094 ], [ -6.294606721026311, 53.079118310575765 ], [ -6.294666811465487, 53.079086813490591 ], [ -6.294712220110807, 53.079037487712021 ], [ -6.294585787921381, 53.079034327277725 ], [ -6.294545023980249, 53.079019090922117 ], [ -6.294491222278917, 53.079016072606706 ], [ -6.294462704255481, 53.079018090691086 ], [ -6.294455819755924, 53.079027161109025 ], [ -6.294378996225353, 53.079036576310131 ], [ -6.294356497946183, 53.079035804364338 ], [ -6.294335867185612, 53.079059417853244 ], [ -6.294274674592676, 53.079081372126517 ], [ -6.294192367726113, 53.079108056282493 ], [ -6.294173976665911, 53.079087478739297 ], [ -6.294263664878644, 53.079045349521508 ], [ -6.294347153523956, 53.079010591765588 ], [ -6.294452798466396, 53.078960331908966 ], [ -6.294576206187877, 53.078887406052019 ], [ -6.294650312091161, 53.078850176601705 ], [ -6.294725987043479, 53.07881063349928 ], [ -6.294834149303481, 53.078777667187879 ], [ -6.294924990790978, 53.078753081458899 ], [ -6.294960948386047, 53.078731035778176 ], [ -6.294999333986431, 53.078709833840016 ], [ -6.295099978647347, 53.078670827191345 ], [ -6.295153485945473, 53.078653257493947 ], [ -6.295166980090614, 53.078638888682612 ], [ -6.295250439344769, 53.078620399849093 ], [ -6.295302827872867, 53.078615577636143 ], [ -6.295377679628165, 53.078603077525258 ], [ -6.295428632845844, 53.078584751138791 ], [ -6.295499694811583, 53.078571567466049 ], [ -6.295558222265835, 53.078554698697552 ], [ -6.295698063555743, 53.078548702210128 ], [ -6.295759298881165, 53.078550568080239 ], [ -6.295802875479923, 53.078541304078222 ], [ -6.295875370657861, 53.078541713249933 ], [ -6.295913103165508, 53.078555737235988 ], [ -6.295950589148336, 53.078551060832424 ], [ -6.295989285907597, 53.078553143085067 ], [ -6.296035761603812, 53.078567111583304 ], [ -6.296083333750888, 53.07857516339763 ], [ -6.296147154648017, 53.078580122164297 ], [ -6.296196222692322, 53.078600149975379 ], [ -6.296259123318589, 53.078628376451249 ], [ -6.29634718337001, 53.078661726123336 ], [ -6.296398644261518, 53.07867729479338 ], [ -6.296437477018259, 53.078685311214144 ], [ -6.296498801491652, 53.078687986937716 ], [ -6.296551298889302, 53.078696019196776 ], [ -6.296622761520436, 53.078703873529498 ], [ -6.296661693276375, 53.078718722504789 ], [ -6.296740644941093, 53.07873333632179 ], [ -6.296780866306511, 53.078746675685103 ], [ -6.296833667538198, 53.078771969963427 ], [ -6.29688874066421, 53.078770870739739 ], [ -6.296949974586702, 53.078775881926617 ], [ -6.297025165365127, 53.078785947503313 ], [ -6.297177397092955, 53.078852843953435 ], [ -6.297240127327314, 53.078869831022693 ], [ -6.297334144610423, 53.078892658858578 ], [ -6.297430539355063, 53.078898892936174 ], [ -6.297470495906571, 53.078897126806254 ], [ -6.297537865296388, 53.078887035030256 ], [ -6.297582951531156, 53.078898825812111 ], [ -6.297655313055746, 53.078890153664553 ], [ -6.297708893899219, 53.078880044275188 ], [ -6.297742593435163, 53.078871537990047 ], [ -6.297807720032947, 53.078883974942265 ], [ -6.297869187920766, 53.078901752576961 ], [ -6.297934544389138, 53.078923991038963 ], [ -6.297991326090943, 53.078954465146644 ], [ -6.298041829483041, 53.078988086152798 ], [ -6.298093639903091, 53.079032242299469 ], [ -6.298130243510461, 53.07905307973617 ], [ -6.298176960878881, 53.079085927453669 ], [ -6.298224941000883, 53.079117983355658 ], [ -6.298273089329467, 53.079161367967437 ], [ -6.298326453355176, 53.079216062695352 ], [ -6.298351960021383, 53.079246719409504 ], [ -6.29834865837079, 53.079283614646485 ], [ -6.298348037870118, 53.079324324269379 ], [ -6.298359642817753, 53.079345343405372 ], [ -6.298377509898408, 53.079373014553909 ], [ -6.298362948639646, 53.079395726804023 ], [ -6.298319755603985, 53.079435827552992 ], [ -6.298271536496281, 53.079472261027838 ], [ -6.29816761224006, 53.07953827862076 ], [ -6.298132163133549, 53.079591163756866 ], [ -6.298117919966587, 53.07964012764819 ], [ -6.298133459653626, 53.07967998980925 ], [ -6.298148951751967, 53.079705468897053 ], [ -6.298169342477657, 53.079734704205826 ], [ -6.298211179458977, 53.079775840438138 ], [ -6.298237811432979, 53.079799771944103 ], [ -6.29827045772879, 53.07980859811569 ], [ -6.298306794874705, 53.07981747706576 ], [ -6.298335718471226, 53.079827058935052 ], [ -6.298360983275237, 53.07984198242778 ], [ -6.298353739759472, 53.07985706928163 ], [ -6.298340122489313, 53.079871435787815 ], [ -6.298372866200356, 53.079884038465195 ], [ -6.298498234774994, 53.079914235722903 ], [ -6.298541020246202, 53.079931296403423 ], [ -6.298591121588857, 53.079940821517866 ], [ -6.298675298859641, 53.079969710476114 ], [ -6.298714104799945, 53.079973715120801 ], [ -6.298425765034434, 53.0804333184944 ], [ -6.298214378527164, 53.080783777854748 ], [ -6.297981378727437, 53.08079021907605 ], [ -6.297259471777944, 53.080737261580047 ], [ -6.297126031175474, 53.080719262553551 ], [ -6.297036477841009, 53.080722789639225 ], [ -6.296908118101157, 53.08071297065451 ], [ -6.296806571686266, 53.080659380584279 ], [ -6.296605762682765, 53.080535963810512 ], [ -6.296517013375619, 53.080453245414979 ], [ -6.296151839459102, 53.08044892081881 ], [ -6.296118781136248, 53.080411370120885 ], [ -6.296002565313218, 53.080385499935431 ], [ -6.295864848889793, 53.080410789463919 ], [ -6.295382798604818, 53.08039249587781 ], [ -6.295314361225071, 53.080414696545546 ], [ -6.295173782956254, 53.080386984415782 ], [ -6.295037865020055, 53.080404146248789 ], [ -6.295196218552007, 53.080534753964741 ], [ -6.296047073167045, 53.081122207341899 ], [ -6.296378414893741, 53.081344765128463 ], [ -6.297540511849872, 53.082125304629351 ] ] ] ] } },
{ "type": "Feature", "properties": { "cdRbapsId": "AVO_2025_24", "color_id": 8 }, "geometry": { "type": "MultiPolygon", "coordinates": [ [ [ [ -6.230625601924893, 53.031079255878275 ], [ -6.231054095186536, 53.031026934212754 ], [ -6.23134646116927, 53.030995507391921 ], [ -6.232316811060925, 53.030572543439241 ], [ -6.232490526761484, 53.030702945035578 ], [ -6.233104488418181, 53.031215347848935 ], [ -6.233180639944623, 53.031271760873217 ], [ -6.233227399395611, 53.031313173870849 ], [ -6.233409021923983, 53.031460860638049 ], [ -6.233617811941236, 53.031641938755037 ], [ -6.234027045857529, 53.031946622744549 ], [ -6.232855200133272, 53.032277438079838 ], [ -6.23275728528379, 53.03230510694447 ], [ -6.232084088962727, 53.032503908367389 ], [ -6.231940171091064, 53.032525769165545 ], [ -6.231807677376102, 53.03253287770373 ], [ -6.231726333839677, 53.03253724112782 ], [ -6.231661156598572, 53.032534204591713 ], [ -6.231635450572811, 53.032396025539093 ], [ -6.231619826733352, 53.032305995447075 ], [ -6.231573380972189, 53.03206161973349 ], [ -6.231281694904274, 53.032049192067163 ], [ -6.230972728400832, 53.032047382814902 ], [ -6.230897489137472, 53.032052825216944 ], [ -6.230898538930107, 53.032058104550295 ], [ -6.230935023699014, 53.03224142840984 ], [ -6.23092087682839, 53.032292633570584 ], [ -6.230936532164812, 53.032339787778817 ], [ -6.231004555620826, 53.032486596337549 ], [ -6.230978474382485, 53.032486837565799 ], [ -6.230737034907211, 53.032475605451189 ], [ -6.230471536530724, 53.032463295766192 ], [ -6.230366864499023, 53.032448704757329 ], [ -6.23035629088655, 53.032439648712199 ], [ -6.230335042609005, 53.032291827111841 ], [ -6.230381937201801, 53.032185738736324 ], [ -6.230456397133175, 53.032097228721696 ], [ -6.230432025716805, 53.031998619914575 ], [ -6.230301415518033, 53.031902743784293 ], [ -6.230195472374315, 53.031832133898412 ], [ -6.230075761370692, 53.031752419402949 ], [ -6.229944917971402, 53.031665259226131 ], [ -6.229911703334155, 53.03166854004597 ], [ -6.229451506458441, 53.03174708172817 ], [ -6.229339092323976, 53.03176239731571 ], [ -6.229306791854981, 53.031761377056135 ], [ -6.229138747049856, 53.0316337509189 ], [ -6.228925978664269, 53.0314722006895 ], [ -6.2287312673812, 53.031281166788283 ], [ -6.229847256904846, 53.031164300689177 ], [ -6.230073392712275, 53.031140610938564 ], [ -6.23042402260104, 53.031103851406982 ], [ -6.230600141452942, 53.031082382602641 ], [ -6.230612746171001, 53.031080862316486 ], [ -6.230625601924893, 53.031079255878275 ] ], [ [ -6.230656304404005, 53.031567076615538 ], [ -6.230658724220456, 53.03156660656132 ], [ -6.230661005767923, 53.03156616321327 ], [ -6.230627908405292, 53.031572591982908 ], [ -6.230656304404005, 53.031567076615538 ] ] ], [ [ [ -6.230495674670986, 53.032738800055355 ], [ -6.230416639555104, 53.032671736776194 ], [ -6.230272586748026, 53.032549683590098 ], [ -6.230451142783086, 53.032543891382211 ], [ -6.230699453100364, 53.032555495957524 ], [ -6.230964092293832, 53.032567792348246 ], [ -6.231379697189235, 53.032602377991736 ], [ -6.231588476335633, 53.032612315050329 ], [ -6.231727052507158, 53.032618869959663 ], [ -6.231833415912971, 53.032613170712303 ], [ -6.231962706147364, 53.032606193389526 ], [ -6.231999830950742, 53.03260054320841 ], [ -6.232076184443394, 53.03258891454545 ], [ -6.232157083158774, 53.032835959452903 ], [ -6.232157884123853, 53.032858442818878 ], [ -6.232251341014543, 53.032864924114726 ], [ -6.2323547206744, 53.032856834024372 ], [ -6.23258168106733, 53.032860414089356 ], [ -6.232820277231339, 53.032798594918809 ], [ -6.232932537965099, 53.032749432637893 ], [ -6.233000738376574, 53.032682735026881 ], [ -6.233049802395874, 53.032623105707131 ], [ -6.233014928369068, 53.032537717337114 ], [ -6.232868965948693, 53.032364909198542 ], [ -6.233008138762996, 53.03232968805564 ], [ -6.234163919013056, 53.032036924019522 ], [ -6.234277029440435, 53.032136940416819 ], [ -6.23456854540305, 53.032364278771183 ], [ -6.235081155376499, 53.032772875350176 ], [ -6.23491416351033, 53.032814710590372 ], [ -6.234662874315381, 53.032894036846066 ], [ -6.234214895248042, 53.033064733327528 ], [ -6.234296592998283, 53.033155506792845 ], [ -6.234324770401772, 53.033186813514689 ], [ -6.234473908113721, 53.03335028554875 ], [ -6.234749476025056, 53.033661161945801 ], [ -6.234959201990344, 53.033867869781957 ], [ -6.234981789297793, 53.033877912684318 ], [ -6.23544299937499, 53.033832082994955 ], [ -6.235458574353326, 53.033787999505847 ], [ -6.236148656109071, 53.033648664153439 ], [ -6.236218162601255, 53.033633066184329 ], [ -6.236527382470108, 53.033873066359824 ], [ -6.236778556153361, 53.034061869061951 ], [ -6.23689897784274, 53.034148777156695 ], [ -6.23708471469409, 53.034286631651398 ], [ -6.237522087895673, 53.034644393344259 ], [ -6.237706405666216, 53.034808112891405 ], [ -6.238036952799478, 53.035029189484007 ], [ -6.2380937152639, 53.035072816961268 ], [ -6.238284435047484, 53.035224405965735 ], [ -6.238714088237711, 53.035563801935403 ], [ -6.239006845210453, 53.035810113251657 ], [ -6.239183833418473, 53.035960778336879 ], [ -6.239342310788939, 53.036076831865962 ], [ -6.2399760303583, 53.036554884277656 ], [ -6.23992663742635, 53.036574826991405 ], [ -6.239649296602338, 53.036686496651683 ], [ -6.23933428948249, 53.03681396813365 ], [ -6.239102776319369, 53.036887483473691 ], [ -6.238824619225643, 53.036961746697799 ], [ -6.238686369034044, 53.037004192692827 ], [ -6.238632938905393, 53.037020570440227 ], [ -6.238289160711357, 53.037132601252274 ], [ -6.238176079115318, 53.037182161816453 ], [ -6.238067346087076, 53.03724571898281 ], [ -6.238051709686077, 53.037252138865483 ], [ -6.237938770378365, 53.037298195772649 ], [ -6.237783875710774, 53.037356664327092 ], [ -6.237543088095036, 53.037455387899819 ], [ -6.237443753543937, 53.037517645614201 ], [ -6.237177429290556, 53.037678551334793 ], [ -6.236904936945519, 53.037809702743374 ], [ -6.236860560808026, 53.03776086522231 ], [ -6.236609090907253, 53.037584823218488 ], [ -6.236300598627817, 53.03733233934183 ], [ -6.236165255285148, 53.037225164011048 ], [ -6.235865944082375, 53.03700400637382 ], [ -6.235700809140438, 53.036867445360798 ], [ -6.235636461867137, 53.036816783024463 ], [ -6.235378850980747, 53.036601635908127 ], [ -6.235095284865058, 53.03638061999542 ], [ -6.234890999934497, 53.036212015891074 ], [ -6.234699080457781, 53.036071908986052 ], [ -6.23455981065861, 53.035958651126229 ], [ -6.234426836806039, 53.03585690295823 ], [ -6.234325598221569, 53.035776118869734 ], [ -6.233584143253657, 53.035206548944345 ], [ -6.233409707825849, 53.035045126986176 ], [ -6.233247628715961, 53.03491840537184 ], [ -6.233198699003771, 53.034878846890336 ], [ -6.232741760669652, 53.034519159499631 ], [ -6.232698269016779, 53.034484985777546 ], [ -6.232560766258251, 53.034373909000934 ], [ -6.232313957360362, 53.034175005071276 ], [ -6.232226789414138, 53.034087148419111 ], [ -6.232202067214863, 53.034069162403839 ], [ -6.232192596488437, 53.034062251420053 ], [ -6.232019478268074, 53.033935932044571 ], [ -6.231912126349584, 53.033851459500845 ], [ -6.231908196451461, 53.033848344954571 ], [ -6.231770302515217, 53.033752902443986 ], [ -6.231660156002587, 53.03367665760846 ], [ -6.231526176996859, 53.033572732965972 ], [ -6.231461056399035, 53.033511180594772 ], [ -6.23140761771166, 53.03346768920067 ], [ -6.231014612075744, 53.033148227601764 ], [ -6.231008534079953, 53.033143463125811 ], [ -6.230636640876619, 53.0328491218742 ], [ -6.230495674670986, 53.032738800055355 ] ] ], [ [ [ -6.217936282203412, 53.017999350653703 ], [ -6.217953632736594, 53.01800491398302 ], [ -6.218051238799274, 53.018043859367459 ], [ -6.218130334293178, 53.01807551704627 ], [ -6.218251323548754, 53.01812577969946 ], [ -6.21827309475337, 53.018134465356475 ], [ -6.218418491217178, 53.01819210469548 ], [ -6.218441450709465, 53.018201218905894 ], [ -6.218530741353804, 53.018236663170413 ], [ -6.218548160185276, 53.018243575728221 ], [ -6.218559613323537, 53.018249050610336 ], [ -6.218622541242842, 53.018279296307256 ], [ -6.218681492064513, 53.018307595676461 ], [ -6.218855574676296, 53.018391102022193 ], [ -6.218890776823588, 53.018407989528065 ], [ -6.218923792647776, 53.01842385552554 ], [ -6.218998310656588, 53.018459667802077 ], [ -6.219121441877205, 53.018523624340361 ], [ -6.219254102999817, 53.018577116900097 ], [ -6.219286392866874, 53.018590094665072 ], [ -6.219405876771931, 53.01863817630781 ], [ -6.219392722623384, 53.01865308020394 ], [ -6.219184832731256, 53.018888888843755 ], [ -6.218958205102504, 53.019125853738508 ], [ -6.218921203292766, 53.019164580658085 ], [ -6.218488868995497, 53.019607991522356 ], [ -6.218310791627416, 53.019812244941726 ], [ -6.218293810702734, 53.019831732201759 ], [ -6.218239042263249, 53.019894585109007 ], [ -6.218043539162029, 53.020118891294416 ], [ -6.218029513368225, 53.020134052536918 ], [ -6.217455211016754, 53.020755107117694 ], [ -6.217351427636109, 53.020874810412558 ], [ -6.217278502575586, 53.02095875033536 ], [ -6.217267718060507, 53.020971173612772 ], [ -6.217217577827662, 53.021028937776848 ], [ -6.217208022770119, 53.021040031189457 ], [ -6.217172004625645, 53.021081647781791 ], [ -6.217054156159254, 53.02121740933692 ], [ -6.216884610019097, 53.021405248618017 ], [ -6.216861027276734, 53.021479232654322 ], [ -6.216723891718652, 53.021629445990754 ], [ -6.216723492908973, 53.021680855813536 ], [ -6.216636367973416, 53.021673795531449 ], [ -6.216628270224685, 53.021673404422671 ], [ -6.216525097765274, 53.021667901998953 ], [ -6.21630012766041, 53.021667313948889 ], [ -6.21586996049185, 53.021642793183283 ], [ -6.215840657030167, 53.02164082543208 ], [ -6.215715953343181, 53.021632752078233 ], [ -6.215515341605122, 53.021613921607987 ], [ -6.215510687479505, 53.021613492216566 ], [ -6.215493276305681, 53.021612332055518 ], [ -6.21520107367447, 53.021593383965303 ], [ -6.215091709799814, 53.021585989636719 ], [ -6.215001770503758, 53.021576988408846 ], [ -6.214977594395245, 53.021574568883779 ], [ -6.21492592455981, 53.021569388782105 ], [ -6.214893109585843, 53.021566109673252 ], [ -6.214779363754283, 53.021554694277576 ], [ -6.214518035296385, 53.021532432811448 ], [ -6.214406411438011, 53.021523206190309 ], [ -6.214331790964959, 53.021517051979046 ], [ -6.214298383066274, 53.021513224483854 ], [ -6.214243924401551, 53.021507103340525 ], [ -6.214165288734009, 53.021493967483515 ], [ -6.214074175076927, 53.021467429985179 ], [ -6.213971898152181, 53.021437309961286 ], [ -6.21366839853902, 53.021340705564519 ], [ -6.213019015644623, 53.021108116483894 ], [ -6.212832295999679, 53.021047782114451 ], [ -6.212626690491697, 53.020980332204175 ], [ -6.212475950549333, 53.020924043666795 ], [ -6.21235972913415, 53.020874386161324 ], [ -6.212254872260601, 53.02082939371985 ], [ -6.212103744280259, 53.020749818323942 ], [ -6.211932109003348, 53.020720180777865 ], [ -6.211765415176044, 53.020695921486713 ], [ -6.211568951812211, 53.020660157295666 ], [ -6.211506998115226, 53.020636124672848 ], [ -6.211391341253829, 53.020614519218292 ], [ -6.211341813188658, 53.020611077604066 ], [ -6.211227559685719, 53.020597134332576 ], [ -6.211166168509327, 53.020580300895418 ], [ -6.211135737330125, 53.020566989340011 ], [ -6.211068839690691, 53.020534701555889 ], [ -6.210993032734847, 53.020482954134579 ], [ -6.210946757060052, 53.02043362849475 ], [ -6.210888749843336, 53.020403362882845 ], [ -6.210822765231693, 53.020372796534097 ], [ -6.210722994738876, 53.020356463995874 ], [ -6.210654668774416, 53.020340874230321 ], [ -6.210583769440978, 53.020336930917011 ], [ -6.21051264361067, 53.020320668830685 ], [ -6.210430764198146, 53.020282043838478 ], [ -6.210412532692104, 53.020244285958491 ], [ -6.210371310108343, 53.020191710345522 ], [ -6.210360268022139, 53.020164397588687 ], [ -6.210371897673628, 53.020132932647371 ], [ -6.210482332298263, 53.02004902118248 ], [ -6.210556920417602, 53.019999446938129 ], [ -6.21060395144157, 53.019968155193723 ], [ -6.210618079044809, 53.019956502807347 ], [ -6.210805427664257, 53.019829163987943 ], [ -6.21087233124099, 53.019781091870094 ], [ -6.211127468634797, 53.019590144283924 ], [ -6.211269564197726, 53.01948378741681 ], [ -6.211298107931454, 53.019462463426962 ], [ -6.211298342039396, 53.019462065156937 ], [ -6.211303133412735, 53.019453909941511 ], [ -6.211410498087641, 53.019396558690381 ], [ -6.211793972764733, 53.019116663270935 ], [ -6.212188646590898, 53.018818507433934 ], [ -6.212450302536833, 53.018615339745281 ], [ -6.212485376477029, 53.018593665115226 ], [ -6.212575266780004, 53.0185247244547 ], [ -6.212679358810933, 53.018433434846166 ], [ -6.212899862391406, 53.01823827666874 ], [ -6.213076851856418, 53.018081655469615 ], [ -6.213332581136167, 53.017837228879422 ], [ -6.213770392163109, 53.017419805951505 ], [ -6.213816976703781, 53.017375381951354 ], [ -6.21396545874884, 53.017221207561292 ], [ -6.214020047700752, 53.017164499409269 ], [ -6.214029307633607, 53.017172458607213 ], [ -6.214305435613163, 53.017255437972416 ], [ -6.214309695351843, 53.017256490695452 ], [ -6.214495829715307, 53.017303870457518 ], [ -6.214902990881572, 53.017414074073891 ], [ -6.215422139336526, 53.017548338813405 ], [ -6.21543005853816, 53.01755007562398 ], [ -6.216293200423607, 53.017740645125457 ], [ -6.216666657680146, 53.017812763672232 ], [ -6.216881915057771, 53.017842689090436 ], [ -6.217143794660355, 53.017874930246784 ], [ -6.217277020935937, 53.017881782561922 ], [ -6.217433923982257, 53.017889887651918 ], [ -6.217590850601914, 53.017909318553698 ], [ -6.217619105508393, 53.017912798238306 ], [ -6.217801232360143, 53.017956157709335 ], [ -6.217933123957927, 53.017998403557939 ], [ -6.217936282203412, 53.017999350653703 ] ], [ [ -6.216482195448044, 53.019695712258596 ], [ -6.216742385334894, 53.019712259993533 ], [ -6.216460930734815, 53.019694359603207 ], [ -6.216482195448044, 53.019695712258596 ] ], [ [ -6.216512101152737, 53.019623377957565 ], [ -6.216467720014295, 53.019684941590192 ], [ -6.216460930734815, 53.019694359603207 ], [ -6.216512101152737, 53.019623377957565 ] ], [ [ -6.215995028460882, 53.020606729302848 ], [ -6.215906432297665, 53.020584008889877 ], [ -6.21609202365453, 53.020631604389735 ], [ -6.215995028460882, 53.020606729302848 ] ] ] ] } },
{ "type": "Feature", "properties": { "cdRbapsId": "AVO_2025_21", "color_id": 28 }, "geometry": { "type": "MultiPolygon", "coordinates": [ [ [ [ -6.206952246892842, 53.00353232306518 ], [ -6.207442301888658, 53.003423937486062 ], [ -6.207715715168657, 53.003365318012534 ], [ -6.207876024287231, 53.003328453372156 ], [ -6.208277010095466, 53.003242991939707 ], [ -6.20891936692823, 53.003074242847816 ], [ -6.209428211623681, 53.002927301226826 ], [ -6.20963064282118, 53.002864371447338 ], [ -6.210196644454608, 53.002681432940683 ], [ -6.210510137614537, 53.002580623592017 ], [ -6.210638262752045, 53.002739406830443 ], [ -6.210775423547247, 53.002988752662162 ], [ -6.211033222207936, 53.003509668585579 ], [ -6.21114771435287, 53.003757504285808 ], [ -6.211260214909231, 53.003994074977193 ], [ -6.21133630353953, 53.004154231712413 ], [ -6.211437733613475, 53.004355398341438 ], [ -6.211459094065189, 53.004397607704796 ], [ -6.211481246964447, 53.004441446942423 ], [ -6.211521802263157, 53.004512798626507 ], [ -6.211587350199078, 53.00464556099584 ], [ -6.211592010058097, 53.004654709630877 ], [ -6.211637917639066, 53.004745287609104 ], [ -6.211579440559388, 53.004771464680594 ], [ -6.211442303247869, 53.004854255383371 ], [ -6.211327864556491, 53.004899275561904 ], [ -6.211235960682864, 53.00491056770813 ], [ -6.211123275026684, 53.004913186739586 ], [ -6.211052198662995, 53.004929015899428 ], [ -6.211021438249103, 53.004992283457113 ], [ -6.210972011338114, 53.004995764347079 ], [ -6.210916460472859, 53.004977939844231 ], [ -6.210852503056231, 53.004993965902621 ], [ -6.210718871218813, 53.004991954774589 ], [ -6.210714032594928, 53.004993796534208 ], [ -6.21065456439544, 53.005016425698955 ], [ -6.210569831809472, 53.005023689588171 ], [ -6.210358971614077, 53.005073279903193 ], [ -6.209432615059642, 53.005383377828245 ], [ -6.209165639497629, 53.005458367735734 ], [ -6.208843181563449, 53.005573240656958 ], [ -6.208565185122284, 53.005650221361869 ], [ -6.208493306413412, 53.00567349749528 ], [ -6.208387728847296, 53.005700311546597 ], [ -6.2083142855497, 53.005696058716396 ], [ -6.208270880581615, 53.005720303144571 ], [ -6.208235412800592, 53.005701251985222 ], [ -6.208200858088569, 53.005719517486924 ], [ -6.207998679565588, 53.005826403227083 ], [ -6.207936563090317, 53.005863220165971 ], [ -6.20785857223094, 53.005909415638349 ], [ -6.207844209499267, 53.005917918123615 ], [ -6.207806587515798, 53.005947913309804 ], [ -6.207754601881379, 53.005977511279333 ], [ -6.207688993456117, 53.006012567604955 ], [ -6.207657590949131, 53.006028902968765 ], [ -6.207657193331982, 53.006029616066577 ], [ -6.20763808733283, 53.006039844748706 ], [ -6.207621145162364, 53.006048308319507 ], [ -6.207378933017741, 53.006169151974383 ], [ -6.207195330878537, 53.006263642463466 ], [ -6.207146776344401, 53.006320168884685 ], [ -6.207076394569091, 53.006378433507017 ], [ -6.207060230272408, 53.006391852489536 ], [ -6.207032061807361, 53.006422079888353 ], [ -6.20700337433468, 53.006452927760151 ], [ -6.20698483834291, 53.006470176085244 ], [ -6.206973072451349, 53.006481235353043 ], [ -6.206913499914979, 53.006536696645327 ], [ -6.206838600828766, 53.006567566592167 ], [ -6.206753301480508, 53.006591359256205 ], [ -6.206684293062286, 53.006610542821704 ], [ -6.206639033037841, 53.006623163316966 ], [ -6.206569123702166, 53.006678917947212 ], [ -6.206382659608081, 53.006895701406059 ], [ -6.206277230516569, 53.007019595106549 ], [ -6.206272560230696, 53.007084783170292 ], [ -6.20623882244365, 53.007080319141139 ], [ -6.206233443967284, 53.007079608786299 ], [ -6.206143112697127, 53.007067639243274 ], [ -6.206123785293109, 53.007056560335869 ], [ -6.206096893240736, 53.00704114351452 ], [ -6.205976678902951, 53.007052067371305 ], [ -6.205925530256636, 53.00705671568943 ], [ -6.205795027892027, 53.00708279089239 ], [ -6.205680607951571, 53.00713005314077 ], [ -6.205493915170178, 53.007115190552639 ], [ -6.205195994714194, 53.007091366864955 ], [ -6.205102119436084, 53.007075927337787 ], [ -6.205007638104446, 53.00706029881259 ], [ -6.204799630379836, 53.00702596657738 ], [ -6.204780830224186, 53.007019929956712 ], [ -6.204560103845136, 53.006948551756132 ], [ -6.204436581950899, 53.007043316135501 ], [ -6.204304635684465, 53.007113053669983 ], [ -6.204210162774593, 53.007257065873539 ], [ -6.204150329931088, 53.007348296724842 ], [ -6.204120147786541, 53.007385504181187 ], [ -6.204079088418005, 53.007436030305421 ], [ -6.204184895020858, 53.007510437569941 ], [ -6.204172473970366, 53.007652722844867 ], [ -6.204131842039594, 53.00771071602739 ], [ -6.204117053725527, 53.0077471672587 ], [ -6.204102411412453, 53.007783080475349 ], [ -6.204036793651106, 53.008087619063737 ], [ -6.204001270677924, 53.008188296503654 ], [ -6.204000016415582, 53.008191873018461 ], [ -6.203422829224922, 53.008301444912846 ], [ -6.203377688335624, 53.008018154920663 ], [ -6.202562837756968, 53.008200625288389 ], [ -6.202561223199141, 53.008195117797712 ], [ -6.202380199885001, 53.007987526651391 ], [ -6.202162562537078, 53.007767875160802 ], [ -6.201932213113582, 53.007514052964041 ], [ -6.201703918139875, 53.007228621285975 ], [ -6.201580430854156, 53.007056325676622 ], [ -6.201552035076787, 53.006976614350108 ], [ -6.201555821013021, 53.006918064655544 ], [ -6.201654706311896, 53.006780414206439 ], [ -6.201702712037592, 53.006749139817778 ], [ -6.201905188385647, 53.00661485286539 ], [ -6.202104307310525, 53.006481504452033 ], [ -6.202136292871122, 53.00646005582167 ], [ -6.202182878692274, 53.006377163960536 ], [ -6.202336292210358, 53.00639125891999 ], [ -6.202757021468072, 53.00642611483309 ], [ -6.203114176136544, 53.006446973941138 ], [ -6.203134282327654, 53.006448176692615 ], [ -6.203443633381548, 53.006451143959609 ], [ -6.203726468533578, 53.006453350249984 ], [ -6.203816099889462, 53.006458479689144 ], [ -6.203822577189918, 53.006441588985631 ], [ -6.203824074383025, 53.006435139771618 ], [ -6.203826435611489, 53.006425646568928 ], [ -6.20382877293181, 53.006416693223336 ], [ -6.203731516953479, 53.006408751996055 ], [ -6.203384430946286, 53.006405844443869 ], [ -6.203376199152115, 53.006405809932559 ], [ -6.203145796055263, 53.006404754814838 ], [ -6.203126541713458, 53.006403744713211 ], [ -6.202764994648891, 53.006385066404732 ], [ -6.202354061882021, 53.00635107863728 ], [ -6.202182936486288, 53.006328445396129 ], [ -6.202182728096819, 53.006327543378831 ], [ -6.202161746245208, 53.006243900307894 ], [ -6.201978788428663, 53.00605057024088 ], [ -6.201829341285293, 53.005947005936754 ], [ -6.201735333462724, 53.005878707489281 ], [ -6.201286291691198, 53.005552452062076 ], [ -6.200991539486909, 53.005367047714365 ], [ -6.200909816007141, 53.005301900737926 ], [ -6.200829613933977, 53.00521196711631 ], [ -6.200681724525792, 53.005011974727992 ], [ -6.200635383402, 53.004920576832035 ], [ -6.200529652664997, 53.00482099828487 ], [ -6.200470027601877, 53.004774162801517 ], [ -6.200624258250479, 53.004597080786716 ], [ -6.200658359337315, 53.004545461758418 ], [ -6.200832988860264, 53.004300462448981 ], [ -6.200877268169812, 53.004252323198017 ], [ -6.200897916723063, 53.004207961112236 ], [ -6.20087740615616, 53.004184010532406 ], [ -6.200612223377246, 53.003929118994797 ], [ -6.200557135211616, 53.0038737230904 ], [ -6.200569394734579, 53.003868515450669 ], [ -6.200798823580728, 53.003804032635934 ], [ -6.200809888441727, 53.003800964171432 ], [ -6.200983355746073, 53.003752263104907 ], [ -6.201249271404008, 53.003708735827793 ], [ -6.201416599002648, 53.003692391218443 ], [ -6.201574736628158, 53.003684266811739 ], [ -6.201813137588366, 53.003690659467921 ], [ -6.202179589992761, 53.003703122945304 ], [ -6.202188670798082, 53.003703440041839 ], [ -6.202359792947415, 53.003823511316007 ], [ -6.202415139516361, 53.003831359348766 ], [ -6.202660036640446, 53.0037997356931 ], [ -6.202744325715301, 53.003785369700381 ], [ -6.20295152779686, 53.003749939662377 ], [ -6.203152985800827, 53.00378768184661 ], [ -6.203333419155311, 53.003796071671808 ], [ -6.203559522117274, 53.00382043295869 ], [ -6.20367981265425, 53.003844722234852 ], [ -6.203761714955825, 53.003861240455024 ], [ -6.203839261157759, 53.00384353589056 ], [ -6.203909256608514, 53.0038448630498 ], [ -6.204314634237805, 53.003852245143214 ], [ -6.204883015513897, 53.003852739051695 ], [ -6.205226995901106, 53.003835190319982 ], [ -6.205491615825367, 53.00381985930332 ], [ -6.205786680143529, 53.003772716985189 ], [ -6.206103987237239, 53.003728606167371 ], [ -6.20633746979853, 53.003660937967936 ], [ -6.206598434421746, 53.003609234268822 ], [ -6.206952246892842, 53.00353232306518 ] ], [ [ -6.20738594653402, 53.005799368326578 ], [ -6.207486038282835, 53.005879521513926 ], [ -6.207145018570709, 53.005606430646708 ], [ -6.20738594653402, 53.005799368326578 ] ], [ [ -6.206981063096822, 53.005997440886055 ], [ -6.2069894814442, 53.005957884736659 ], [ -6.206948424441556, 53.006150794849617 ], [ -6.206981063096822, 53.005997440886055 ] ], [ [ -6.206838428026153, 53.00634731409869 ], [ -6.206897453201022, 53.006241891041455 ], [ -6.206828033402471, 53.006365878887195 ], [ -6.206838428026153, 53.00634731409869 ] ], [ [ -6.208833566630524, 53.005068266088536 ], [ -6.208901726331245, 53.004969625890688 ], [ -6.208766547952781, 53.005165253347585 ], [ -6.208833566630524, 53.005068266088536 ] ] ], [ [ [ -6.19895836803977, 53.008431202226333 ], [ -6.198649892394847, 53.00811470669494 ], [ -6.198560185338351, 53.008002155911448 ], [ -6.198410322926545, 53.007828917996214 ], [ -6.198315864766012, 53.007727171302633 ], [ -6.198199184015629, 53.007607200299937 ], [ -6.198197765758132, 53.007605830506201 ], [ -6.198166522044203, 53.007520861752326 ], [ -6.198162136419231, 53.007505155009639 ], [ -6.198127162460616, 53.007379950378557 ], [ -6.198041951997813, 53.00699133014119 ], [ -6.198011172009143, 53.006850998183523 ], [ -6.197964690708767, 53.006639146306497 ], [ -6.197960724487647, 53.006616344864305 ], [ -6.197954577007654, 53.006347935509929 ], [ -6.197946957843591, 53.006283009940567 ], [ -6.197945148022663, 53.006267432115287 ], [ -6.197918635051101, 53.00604239986712 ], [ -6.197912784960617, 53.005905501886353 ], [ -6.197947201028043, 53.005828719226791 ], [ -6.198043397331751, 53.005723390142784 ], [ -6.1982187287144, 53.005556428655943 ], [ -6.19845108765685, 53.005383499710497 ], [ -6.198473604159904, 53.005359300953543 ], [ -6.198498185863842, 53.005332707445525 ], [ -6.198572433525544, 53.005252663048651 ], [ -6.198573341423994, 53.005251508278924 ], [ -6.198587052047107, 53.005235086994972 ], [ -6.198587697012305, 53.005234377674391 ], [ -6.198632978782721, 53.005179962366832 ], [ -6.198670113367879, 53.005135221245581 ], [ -6.198726444037437, 53.005069288045412 ], [ -6.198884247276146, 53.004942420032528 ], [ -6.199146561083978, 53.004714032256778 ], [ -6.1991735226566, 53.004730621160569 ], [ -6.199469610915649, 53.004913173976085 ], [ -6.199717036522754, 53.004735347238594 ], [ -6.199818911572356, 53.004679450513038 ], [ -6.200025551064924, 53.004577950325867 ], [ -6.200074817013024, 53.004622650796911 ], [ -6.200318062706838, 53.004793345378019 ], [ -6.200458350952084, 53.004936683585619 ], [ -6.20056397527818, 53.005094957460358 ], [ -6.200666941576211, 53.005237370055923 ], [ -6.200805693847935, 53.005346796419218 ], [ -6.200894312818296, 53.005423464318113 ], [ -6.201080448102189, 53.00555203414384 ], [ -6.201546167177548, 53.005870273075445 ], [ -6.201871494646688, 53.006103779242338 ], [ -6.201959994964216, 53.006180443621808 ], [ -6.201980818850584, 53.006205747933954 ], [ -6.20199362614479, 53.006237672498514 ], [ -6.202004602656347, 53.006298872407683 ], [ -6.202002240865129, 53.006334971105247 ], [ -6.201983474597114, 53.006393204372152 ], [ -6.201954746967088, 53.006430882722356 ], [ -6.201906639893674, 53.006479413906455 ], [ -6.201636780609102, 53.006655827181127 ], [ -6.201525587743639, 53.006752482915445 ], [ -6.201488654434059, 53.006801272849884 ], [ -6.201437255967018, 53.006899372361993 ], [ -6.201430881642748, 53.006940355008126 ], [ -6.201428326238254, 53.006978158610593 ], [ -6.201464025270626, 53.007062564668146 ], [ -6.201521853908149, 53.007149731518069 ], [ -6.201690052733842, 53.007381760791411 ], [ -6.201830250393484, 53.007583791813126 ], [ -6.201959687991311, 53.007722379766015 ], [ -6.202150644917845, 53.007909717543768 ], [ -6.201906435603375, 53.007962653807532 ], [ -6.201921508568159, 53.008028489090499 ], [ -6.201927342889646, 53.008093624653661 ], [ -6.20196424717143, 53.008276776587856 ], [ -6.201976861709091, 53.008444524936074 ], [ -6.201977321820907, 53.008690496623906 ], [ -6.201980068869243, 53.008691165576714 ], [ -6.201982724714087, 53.008720485394697 ], [ -6.201979392565679, 53.009119988003967 ], [ -6.202013803582858, 53.009182171490195 ], [ -6.202050420324023, 53.009232703068008 ], [ -6.202074183241627, 53.009296792897693 ], [ -6.202070651965343, 53.009340335379072 ], [ -6.202044812360826, 53.00939127074534 ], [ -6.201909923939731, 53.009389590342707 ], [ -6.201508131696232, 53.009407063319415 ], [ -6.201220930493441, 53.00939112305997 ], [ -6.20096440415841, 53.009364679212197 ], [ -6.200800796971436, 53.009347192375394 ], [ -6.200628887002793, 53.009343152527769 ], [ -6.20044815551659, 53.009359113503521 ], [ -6.200261050207998, 53.009356910516182 ], [ -6.200049344816104, 53.009331503610198 ], [ -6.200004666733753, 53.009327051962458 ], [ -6.199811266853341, 53.009307764400312 ], [ -6.199513152065777, 53.009264687877931 ], [ -6.199455361906899, 53.009256352102284 ], [ -6.199329081470866, 53.009239788067362 ], [ -6.199249010893383, 53.009223383592811 ], [ -6.199240738585832, 53.009174089426459 ], [ -6.199218170538008, 53.009134557041698 ], [ -6.199242950646076, 53.009079651209106 ], [ -6.199333605879163, 53.008945113019877 ], [ -6.199372628194789, 53.008902377784494 ], [ -6.199353516625918, 53.008868380855887 ], [ -6.199334040118452, 53.008843186385434 ], [ -6.199297763544013, 53.008796344447944 ], [ -6.19922070466555, 53.008710593098399 ], [ -6.199073225013739, 53.008562650300959 ], [ -6.19895836803977, 53.008431202226333 ] ] ] ] } },
{ "type": "Feature", "properties": { "cdRbapsId": "AVO_2025_22", "color_id": 4 }, "geometry": { "type": "MultiPolygon", "coordinates": [ [ [ [ -6.215908016566144, 53.01072721345421 ], [ -6.215997562656842, 53.010388961069097 ], [ -6.216037830235189, 53.010244126449258 ], [ -6.216058166365242, 53.010171263187338 ], [ -6.216081962742065, 53.010086046623329 ], [ -6.216139238327345, 53.009934097377268 ], [ -6.216217718046754, 53.009592891390852 ], [ -6.21625291258747, 53.0094756664786 ], [ -6.216300358847997, 53.009278895252912 ], [ -6.216416813141996, 53.00925070926391 ], [ -6.21653209072404, 53.009233202887081 ], [ -6.216698223200979, 53.009228323302587 ], [ -6.216920650386047, 53.009232378450363 ], [ -6.216955041743747, 53.009232984115648 ], [ -6.216968174152845, 53.009233450723343 ], [ -6.217077644173607, 53.009237520234862 ], [ -6.21723565284641, 53.009241867153669 ], [ -6.217324843375104, 53.00923996860832 ], [ -6.217377617382524, 53.009238871382038 ], [ -6.217415015416924, 53.009238083813393 ], [ -6.21769174555091, 53.009529065341596 ], [ -6.217776903233777, 53.009614490809412 ], [ -6.217828193500438, 53.009665942067976 ], [ -6.217913061035385, 53.009751079941736 ], [ -6.218078869626252, 53.009906284731301 ], [ -6.218247390857528, 53.010085170036767 ], [ -6.218389878063653, 53.010245597820621 ], [ -6.218288725957575, 53.010588531829846 ], [ -6.218205102546574, 53.010837167125615 ], [ -6.218174519996629, 53.010997697904052 ], [ -6.218089932782553, 53.011275621609393 ], [ -6.218067187851807, 53.01135033669869 ], [ -6.218011506234289, 53.011508423868221 ], [ -6.217996426868305, 53.011573096679804 ], [ -6.21799255613812, 53.011589488760151 ], [ -6.21798464670281, 53.011623347240871 ], [ -6.217978778021808, 53.011648404977493 ], [ -6.217976591385922, 53.011657743751243 ], [ -6.217936842566176, 53.011805013669118 ], [ -6.217871599894219, 53.0119385973722 ], [ -6.217870929228561, 53.011939935614265 ], [ -6.217810267382539, 53.012180105025358 ], [ -6.217749772429547, 53.012383333628975 ], [ -6.217661853813824, 53.012646555599964 ], [ -6.21762310774827, 53.012772446595449 ], [ -6.217554425532164, 53.012959552594296 ], [ -6.217543981446313, 53.013001194051434 ], [ -6.217510404514716, 53.013135881472849 ], [ -6.217487614405084, 53.013220574043999 ], [ -6.217527399989859, 53.013236722635185 ], [ -6.217741023951247, 53.013323429416197 ], [ -6.21798649622227, 53.013419063359969 ], [ -6.218268015191854, 53.013543821709987 ], [ -6.218544191732189, 53.013658072525217 ], [ -6.218761139425165, 53.013762896180047 ], [ -6.218981836141802, 53.013908045538258 ], [ -6.21907677390532, 53.013969782201016 ], [ -6.219088671013854, 53.013977841630933 ], [ -6.219250179044151, 53.014087255892704 ], [ -6.219440856668944, 53.014212178889956 ], [ -6.219728015984162, 53.01441216488162 ], [ -6.220207929497382, 53.014743574780773 ], [ -6.220703535048711, 53.01509112736985 ], [ -6.220572110902515, 53.015175093605279 ], [ -6.220474487961455, 53.015244194148508 ], [ -6.220337865941596, 53.015340936065677 ], [ -6.22032697882562, 53.015348593211534 ], [ -6.22014179447836, 53.015479885672583 ], [ -6.219784134796398, 53.015733455677342 ], [ -6.219715566276955, 53.015828339435984 ], [ -6.219699267106579, 53.015851016378569 ], [ -6.21963644857665, 53.015982391011853 ], [ -6.219527106802505, 53.01612106883335 ], [ -6.219495849602493, 53.016121859175513 ], [ -6.219477791959255, 53.016169318356575 ], [ -6.219402429087192, 53.016241089315805 ], [ -6.219374421703554, 53.016267455985322 ], [ -6.219322536046219, 53.016372117298943 ], [ -6.219195234427069, 53.016540907396127 ], [ -6.219138727830237, 53.016689095143278 ], [ -6.219103163495516, 53.016749686004069 ], [ -6.219071033279248, 53.016804485686272 ], [ -6.219043106801617, 53.016876607380901 ], [ -6.218964873841249, 53.01684792945953 ], [ -6.218961851424752, 53.016857003144715 ], [ -6.218907076787795, 53.017021445684833 ], [ -6.218698978292785, 53.017250508907907 ], [ -6.218693956717497, 53.017256006624436 ], [ -6.218694357017061, 53.017308956510426 ], [ -6.218694803918354, 53.017354805183082 ], [ -6.21869482196484, 53.017356320935299 ], [ -6.21869496764215, 53.017368740900402 ], [ -6.218695487572789, 53.017388973091343 ], [ -6.218552943385543, 53.01739942157969 ], [ -6.218402509413237, 53.017410381781552 ], [ -6.21802019084976, 53.017475753505479 ], [ -6.217488614982598, 53.017517493591818 ], [ -6.217452506632186, 53.017451064753459 ], [ -6.217387606668805, 53.017331529114436 ], [ -6.217290253938137, 53.017155327963209 ], [ -6.217271608888005, 53.017121520841265 ], [ -6.217181971089639, 53.016951996059888 ], [ -6.217104205931157, 53.016828493020157 ], [ -6.21704908224137, 53.016734272817452 ], [ -6.217043797364654, 53.016725294829385 ], [ -6.217032620324633, 53.01671613859957 ], [ -6.216967214215421, 53.016662573427993 ], [ -6.216958650452223, 53.016655613649824 ], [ -6.216838619007569, 53.01641830797994 ], [ -6.216815545858942, 53.01636969212268 ], [ -6.216765863615165, 53.016283643145385 ], [ -6.216694685314581, 53.01629857626731 ], [ -6.216673430131365, 53.016262481838368 ], [ -6.216627247454202, 53.016184035734355 ], [ -6.216522696439758, 53.016072491679417 ], [ -6.216427542925221, 53.015970973289917 ], [ -6.216343030668321, 53.015868042342277 ], [ -6.216184356858508, 53.015706380722428 ], [ -6.216179997456427, 53.015701821005244 ], [ -6.216158110651953, 53.015684053802723 ], [ -6.215955523974606, 53.015520115080179 ], [ -6.215984707999591, 53.015045137167391 ], [ -6.216001496166045, 53.014858691624667 ], [ -6.215705555718982, 53.014856947446361 ], [ -6.215640573996331, 53.014998804291707 ], [ -6.215622268941204, 53.01499852957933 ], [ -6.215533805654753, 53.014982550462669 ], [ -6.214957866900026, 53.014878713810468 ], [ -6.214791388575042, 53.01504924818434 ], [ -6.214675373651003, 53.015212270530739 ], [ -6.214880255205554, 53.015275841133246 ], [ -6.21490901928906, 53.01528481218562 ], [ -6.215502663821466, 53.015469095148866 ], [ -6.215884122587292, 53.015558324914572 ], [ -6.215956444313187, 53.015587185860859 ], [ -6.215983971017747, 53.015611238980277 ], [ -6.216102590111504, 53.015736614173079 ], [ -6.21622305501733, 53.015870916573128 ], [ -6.216242581730201, 53.015892242908365 ], [ -6.216389109898726, 53.016044374071804 ], [ -6.216487769625916, 53.01615300025783 ], [ -6.216567642515309, 53.016237254147079 ], [ -6.216615471706658, 53.016293701934359 ], [ -6.21624123509002, 53.016309302237509 ], [ -6.216241905553145, 53.016522526138012 ], [ -6.216295156485974, 53.016566740970305 ], [ -6.216377748208459, 53.016564204729029 ], [ -6.216391720005924, 53.016636773665667 ], [ -6.216425465106691, 53.016635302366829 ], [ -6.216465115731928, 53.016830413722431 ], [ -6.216825580172753, 53.016725527958762 ], [ -6.216869676677828, 53.016786054422269 ], [ -6.216972891677599, 53.016912456980656 ], [ -6.217018413827111, 53.01696824079179 ], [ -6.217098867200944, 53.017142840485818 ], [ -6.217191030444009, 53.01730772820703 ], [ -6.217308479187904, 53.017491511522387 ], [ -6.217432242393774, 53.017677187999716 ], [ -6.217495378464693, 53.017815662258563 ], [ -6.217176615726443, 53.01779749009863 ], [ -6.21699924032426, 53.017773077922449 ], [ -6.216659953506949, 53.017724933240103 ], [ -6.216045297449757, 53.017596162273946 ], [ -6.215434908480417, 53.017459361483176 ], [ -6.214861049616526, 53.017313309277533 ], [ -6.214203403739111, 53.017124376741251 ], [ -6.214000100250761, 53.017061098403133 ], [ -6.213991246285699, 53.01705817893329 ], [ -6.213807933886715, 53.016999065656385 ], [ -6.21369504275142, 53.016946403263049 ], [ -6.213535198610936, 53.016866788508104 ], [ -6.21333779182331, 53.016776900484231 ], [ -6.213195061776904, 53.016693677313718 ], [ -6.21303012148623, 53.016597625072272 ], [ -6.212907778581718, 53.016538707593178 ], [ -6.212847754661015, 53.016509760877753 ], [ -6.21283764490149, 53.016504484501866 ], [ -6.2129411957068, 53.01644105219416 ], [ -6.213029235575307, 53.016387004518641 ], [ -6.212987492091231, 53.016335141040685 ], [ -6.212540221800721, 53.016098215463487 ], [ -6.212400837544108, 53.016067984654455 ], [ -6.212352393724614, 53.016044425188042 ], [ -6.21237041754068, 53.016030673904858 ], [ -6.212286525750041, 53.015948692856675 ], [ -6.21212883107072, 53.015790456130752 ], [ -6.212109474229542, 53.015771019273387 ], [ -6.212103457939969, 53.015764906421566 ], [ -6.212096610393293, 53.015758061979014 ], [ -6.212024804482716, 53.015767319134511 ], [ -6.21202344601269, 53.015767478478942 ], [ -6.211748520153719, 53.015896558165721 ], [ -6.211673497072975, 53.01585875526721 ], [ -6.211580589844224, 53.01583128990746 ], [ -6.211504211766604, 53.015796523553625 ], [ -6.2113188771309, 53.015712206873523 ], [ -6.211042993732847, 53.015579157428014 ], [ -6.210784040041102, 53.015473687545239 ], [ -6.210657855569371, 53.015430529891056 ], [ -6.210626583007035, 53.015419812212649 ], [ -6.210661145006325, 53.015407478598775 ], [ -6.210674911038399, 53.015401573493286 ], [ -6.211212102962554, 53.015170104898033 ], [ -6.211513776975521, 53.015039182548833 ], [ -6.211623388119054, 53.015001550043756 ], [ -6.211653940581126, 53.014991043449626 ], [ -6.211658429908432, 53.014989493018767 ], [ -6.211709873482854, 53.015011839490747 ], [ -6.211895397025336, 53.014913146213445 ], [ -6.212116047726214, 53.014803295639382 ], [ -6.212545316117752, 53.014606963503894 ], [ -6.212618115096078, 53.014573630533526 ], [ -6.21272774863363, 53.014523503155296 ], [ -6.212740068779729, 53.01453771062117 ], [ -6.212841635431205, 53.014528091406646 ], [ -6.213270771926404, 53.014397282743104 ], [ -6.213320819305757, 53.014382034147516 ], [ -6.213360118805303, 53.014311523698176 ], [ -6.213560415909794, 53.014081184788751 ], [ -6.213832806629676, 53.01387619792802 ], [ -6.213965826703684, 53.013747858290031 ], [ -6.21400040611817, 53.013669546503444 ], [ -6.214037126228707, 53.013584075055839 ], [ -6.214051432685851, 53.013481727836073 ], [ -6.214159494523123, 53.013225463459918 ], [ -6.214264346627689, 53.012996295554771 ], [ -6.21431226255412, 53.012886722858447 ], [ -6.2143780891269, 53.012736341069605 ], [ -6.214713463872923, 53.012788928148417 ], [ -6.214722744253247, 53.012790415792985 ], [ -6.214878439706135, 53.012472932513646 ], [ -6.214999017582005, 53.01228552847207 ], [ -6.215042792540467, 53.012180926952844 ], [ -6.215058707904185, 53.01206332308282 ], [ -6.215058212836806, 53.011905562404671 ], [ -6.21509068366608, 53.011741285492228 ], [ -6.215117610688875, 53.011618993057304 ], [ -6.21515205720091, 53.011522970428189 ], [ -6.215184870400011, 53.011451642917272 ], [ -6.215331919671361, 53.011319647266099 ], [ -6.215550806187505, 53.011180371110434 ], [ -6.215572014533315, 53.011163879770997 ], [ -6.215740127387963, 53.011033728722126 ], [ -6.215828431509356, 53.010913345958073 ], [ -6.215951637767929, 53.010778205275599 ], [ -6.215942829410325, 53.010774207988909 ], [ -6.215934006079046, 53.010770176320058 ], [ -6.215900725502165, 53.01075496971589 ], [ -6.215908016566144, 53.01072721345421 ] ], [ [ -6.218485646222693, 53.016201074624959 ], [ -6.218310080875616, 53.015767329705092 ], [ -6.21830277441277, 53.015749279820909 ], [ -6.218485646222693, 53.016201074624959 ] ] ] ] } },
{ "type": "Feature", "properties": { "cdRbapsId": "AVO_2025_25", "color_id": 9 }, "geometry": { "type": "MultiPolygon", "coordinates": [ [ [ [ -6.231250475644977, 53.018078421503716 ], [ -6.231452955255702, 53.018393972504086 ], [ -6.231486313379687, 53.018428985801059 ], [ -6.23154253105434, 53.018446181201632 ], [ -6.232896718570832, 53.01853894316497 ], [ -6.232937674124175, 53.018541529316401 ], [ -6.233989460435973, 53.018618638477193 ], [ -6.234079029332232, 53.018625992019111 ], [ -6.234101450819433, 53.018627853075401 ], [ -6.234185626899091, 53.018634766002492 ], [ -6.234187516241863, 53.018642704029077 ], [ -6.234195407065124, 53.018675270061031 ], [ -6.234215166172361, 53.018757361556233 ], [ -6.234230903847502, 53.018817550129796 ], [ -6.234272207982252, 53.019019331966703 ], [ -6.234314153319256, 53.019142201600239 ], [ -6.234433216047972, 53.019508104020886 ], [ -6.234568108287085, 53.019859768774182 ], [ -6.234059463784462, 53.019968889469681 ], [ -6.233878386914541, 53.020004582263191 ], [ -6.233758097990211, 53.02002688497975 ], [ -6.233621477952026, 53.020045709975996 ], [ -6.23354762964197, 53.020038680438901 ], [ -6.233490450452722, 53.02002389774767 ], [ -6.233338281198764, 53.019953862021502 ], [ -6.233058369051951, 53.019826826879473 ], [ -6.232884646096911, 53.019754762435703 ], [ -6.232783277668081, 53.019735277800862 ], [ -6.232599059322128, 53.019712495151367 ], [ -6.232425093375018, 53.019715572021596 ], [ -6.231787534312415, 53.019754182651795 ], [ -6.231386298461968, 53.019756035371017 ], [ -6.230911433144915, 53.019751577898965 ], [ -6.230505870539371, 53.019769004341626 ], [ -6.230359889420871, 53.019782202338476 ], [ -6.230303991332561, 53.019787212998814 ], [ -6.230290913004986, 53.019788366640654 ], [ -6.230296098870477, 53.019583589937582 ], [ -6.230297985032626, 53.019510449871092 ], [ -6.230366912760142, 53.019445408584843 ], [ -6.230541954348513, 53.019379968028382 ], [ -6.230425420423985, 53.019232436829327 ], [ -6.230368174326198, 53.01919832612446 ], [ -6.230068930454467, 53.019036299212225 ], [ -6.229935425732116, 53.018955031472473 ], [ -6.229876315688833, 53.018717207369548 ], [ -6.229826691874623, 53.018722132329508 ], [ -6.229649281494734, 53.01873737833904 ], [ -6.22966951752328, 53.018807611886118 ], [ -6.229688129360134, 53.018872517969022 ], [ -6.229699554061251, 53.018929766613702 ], [ -6.229705308817764, 53.018963380692483 ], [ -6.229734335847448, 53.019002105215677 ], [ -6.229743787504778, 53.01905348188555 ], [ -6.229697060658935, 53.019056741190013 ], [ -6.229674934064115, 53.019086703358731 ], [ -6.229454385645548, 53.019359733728017 ], [ -6.229374468129932, 53.019467936822828 ], [ -6.22968638029893, 53.019467727289239 ], [ -6.229685328312399, 53.019493419936865 ], [ -6.229726722393337, 53.01949430588374 ], [ -6.229733790394254, 53.019712028838079 ], [ -6.229783540535152, 53.019713039169062 ], [ -6.22976286466386, 53.019770618866502 ], [ -6.229697672436764, 53.019825468414361 ], [ -6.229678341520216, 53.019826169353856 ], [ -6.229085224361942, 53.019848258044441 ], [ -6.228711351506202, 53.019839363396258 ], [ -6.228220186198822, 53.01979159693331 ], [ -6.228145882291838, 53.019783748267997 ], [ -6.228090065187563, 53.019777792096157 ], [ -6.227509969648667, 53.019716112476871 ], [ -6.227323518057176, 53.019715289758267 ], [ -6.227295843552781, 53.019715167505986 ], [ -6.227274087729851, 53.019715023826613 ], [ -6.227237329749534, 53.019717981362177 ], [ -6.227078335816073, 53.019730711666178 ], [ -6.226514735499649, 53.019875385529382 ], [ -6.226182357146593, 53.019975865784872 ], [ -6.226021422990581, 53.020017868605677 ], [ -6.225758468741457, 53.020074260601966 ], [ -6.225499029641971, 53.020119916349529 ], [ -6.22530891913411, 53.020162831982113 ], [ -6.224930544794251, 53.020242577654194 ], [ -6.224832076301317, 53.020254320893763 ], [ -6.224710276846674, 53.020265356172729 ], [ -6.224691703762763, 53.020250607206776 ], [ -6.224891429774217, 53.020144195839919 ], [ -6.225007362997246, 53.020081387397319 ], [ -6.225232249240528, 53.01996699164139 ], [ -6.225392439521057, 53.019877247463491 ], [ -6.225493971419428, 53.019829773914537 ], [ -6.225518820411894, 53.019820437052182 ], [ -6.225597438047181, 53.01978008199908 ], [ -6.225676277526082, 53.019743325649188 ], [ -6.225754462780663, 53.019674560032897 ], [ -6.225804087088091, 53.019642671839087 ], [ -6.225862724839805, 53.019624849558774 ], [ -6.225957954379549, 53.019590136194722 ], [ -6.226030828830519, 53.019536931344781 ], [ -6.226074481609152, 53.019524727992248 ], [ -6.226203289533705, 53.019438650202453 ], [ -6.226333562225417, 53.019352862884226 ], [ -6.226389725075793, 53.019323409021624 ], [ -6.226405805688942, 53.019315018918782 ], [ -6.226467218850303, 53.019280429940508 ], [ -6.226552197011031, 53.019261831685334 ], [ -6.226650838650775, 53.019236786476498 ], [ -6.226676497573631, 53.019222697491287 ], [ -6.226731433718839, 53.019184145779654 ], [ -6.226791813637642, 53.019141810123472 ], [ -6.227019181541193, 53.018975672750919 ], [ -6.227126860703168, 53.018955076442772 ], [ -6.227143251805449, 53.018924129461126 ], [ -6.227162045117962, 53.0188885442168 ], [ -6.227182887742924, 53.018874922630232 ], [ -6.227202343863065, 53.018862179228925 ], [ -6.227351036305083, 53.018764800475452 ], [ -6.227392531169196, 53.018766228059199 ], [ -6.227542596723634, 53.018671296464298 ], [ -6.227591177013488, 53.018670852105046 ], [ -6.227720895640675, 53.018583437979018 ], [ -6.227738965661945, 53.018547482320493 ], [ -6.227791064522638, 53.01850915749516 ], [ -6.227913029104531, 53.018433941986288 ], [ -6.228105171319791, 53.018332176231539 ], [ -6.228341013059998, 53.018199060955276 ], [ -6.228513819389254, 53.018098085075714 ], [ -6.228734397233681, 53.017980382696848 ], [ -6.228782045968006, 53.017942620354034 ], [ -6.228809549048196, 53.017931434740959 ], [ -6.228889900629767, 53.017890653938949 ], [ -6.229003868175115, 53.017833475196646 ], [ -6.229163152941648, 53.017729420634296 ], [ -6.229213498843326, 53.017697811443199 ], [ -6.229276650242492, 53.017674751440993 ], [ -6.229342930565341, 53.017650300722039 ], [ -6.22936990556556, 53.017624994103031 ], [ -6.229407150460961, 53.017571076862183 ], [ -6.229529185653166, 53.017515006506329 ], [ -6.229594607207378, 53.017469509518527 ], [ -6.229640225147666, 53.01739423320425 ], [ -6.229653614122937, 53.017352454855107 ], [ -6.229745288539162, 53.017314269892637 ], [ -6.229857110851145, 53.017237372454439 ], [ -6.230090668651074, 53.01707266974087 ], [ -6.230104495125456, 53.017065235236601 ], [ -6.230291661844907, 53.016964650341222 ], [ -6.230309828456558, 53.016977325006721 ], [ -6.230510778207924, 53.017116675571842 ], [ -6.230532550916421, 53.017131381361381 ], [ -6.230553193234726, 53.017164677640999 ], [ -6.230554927121417, 53.017167400026132 ], [ -6.230761017014969, 53.017316353670779 ], [ -6.230765080358875, 53.017322725932118 ], [ -6.231041624950245, 53.017756393429273 ], [ -6.231132485221707, 53.017894374657757 ], [ -6.231250475644977, 53.018078421503716 ] ] ], [ [ [ -6.234598510655476, 53.019621029965776 ], [ -6.234591496303399, 53.019597105137329 ], [ -6.234553652414683, 53.019467105635535 ], [ -6.234632088846939, 53.019449034596271 ], [ -6.234934782149341, 53.019379460413589 ], [ -6.23545023239038, 53.019226841419666 ], [ -6.236267947103719, 53.019002929362436 ], [ -6.236424465052147, 53.019150239683135 ], [ -6.23678142482788, 53.019486319247342 ], [ -6.237178363683849, 53.020045102169952 ], [ -6.236781602447938, 53.020145196710729 ], [ -6.236540285138992, 53.020204988541856 ], [ -6.236075557027027, 53.020319533111341 ], [ -6.235636134800516, 53.020422496543397 ], [ -6.235543815144696, 53.020443329373578 ], [ -6.235129084862356, 53.020537667852203 ], [ -6.235061284036037, 53.020545111676455 ], [ -6.234998335797807, 53.020475862178913 ], [ -6.234872440282328, 53.020259072409594 ], [ -6.234784959673647, 53.02005597703814 ], [ -6.234699698126876, 53.019864778586133 ], [ -6.234680205415597, 53.019821253134815 ], [ -6.234598510655476, 53.019621029965776 ] ] ], [ [ [ -6.222846052918717, 53.021698721318501 ], [ -6.22286919839352, 53.021668056532683 ], [ -6.222959509798181, 53.021564687129931 ], [ -6.22297267105733, 53.021549602283081 ], [ -6.222982865850414, 53.021537889673446 ], [ -6.222984805022727, 53.021538547856366 ], [ -6.223048236611865, 53.021463990562935 ], [ -6.223171234710256, 53.021325154124639 ], [ -6.223308118770134, 53.021192458427329 ], [ -6.223335781590306, 53.021168511723538 ], [ -6.223760500284446, 53.020801913206199 ], [ -6.22388095905155, 53.020697825837409 ], [ -6.224083547078727, 53.02052485115162 ], [ -6.224106355648592, 53.020505326975403 ], [ -6.224164461779941, 53.020473565235676 ], [ -6.224289498810316, 53.020440556763404 ], [ -6.224412920240288, 53.020407972567035 ], [ -6.224614210987873, 53.020365315175802 ], [ -6.224803398103757, 53.020335960560814 ], [ -6.224924847416936, 53.020309458649294 ], [ -6.225142137726945, 53.020263353886918 ], [ -6.225183063722314, 53.020254706498058 ], [ -6.22567644162768, 53.020155732718493 ], [ -6.225737326537621, 53.020143068435416 ], [ -6.226006665480177, 53.020086862524373 ], [ -6.226062949780536, 53.020075476829845 ], [ -6.226467188085566, 53.019973551942357 ], [ -6.226706301144207, 53.019922826100483 ], [ -6.226976523277861, 53.019857013367236 ], [ -6.227204371517465, 53.019808185937286 ], [ -6.227268620640748, 53.019803391122423 ], [ -6.227398229393781, 53.019793728057756 ], [ -6.227411301916651, 53.019792754419342 ], [ -6.227798836154642, 53.019822260914545 ], [ -6.228527535135613, 53.019902782946708 ], [ -6.228851447610038, 53.019930798816354 ], [ -6.229023001426611, 53.019941623581865 ], [ -6.229054224478565, 53.019941729070005 ], [ -6.228764833075317, 53.02062856415462 ], [ -6.228630409055401, 53.020794741184986 ], [ -6.228337005975737, 53.021045111507433 ], [ -6.228083489579185, 53.02125814269246 ], [ -6.227945780907923, 53.02141734878925 ], [ -6.227828087172827, 53.021610110868032 ], [ -6.227752830595976, 53.021733394222792 ], [ -6.227559467918351, 53.022080443885201 ], [ -6.227506920167751, 53.022174582059108 ], [ -6.227506358720127, 53.022175913890862 ], [ -6.227462654522983, 53.022279629995161 ], [ -6.227407618573883, 53.022338494805936 ], [ -6.227407101153662, 53.022339116294951 ], [ -6.227404656122918, 53.022341776427588 ], [ -6.227382155511558, 53.022365800120959 ], [ -6.227308032737099, 53.022524335427661 ], [ -6.227247345606027, 53.022595070760957 ], [ -6.227207121574277, 53.02264948312834 ], [ -6.227181613000985, 53.022683888719975 ], [ -6.227138974669837, 53.022791207948522 ], [ -6.227127497729474, 53.022789239112441 ], [ -6.227126557054225, 53.022791202580336 ], [ -6.227112928986061, 53.022817696444719 ], [ -6.227112404187864, 53.022818497594542 ], [ -6.227101672745829, 53.02283433730743 ], [ -6.227040952284954, 53.022923859121583 ], [ -6.227018048100345, 53.022957674308294 ], [ -6.22699698029907, 53.022988731303819 ], [ -6.226962711791298, 53.023047815679043 ], [ -6.226899880460792, 53.023155822471374 ], [ -6.226846145014474, 53.023248864012714 ], [ -6.226823060809282, 53.023242137873901 ], [ -6.226770183627044, 53.023218337631015 ], [ -6.226704235449557, 53.023189489489283 ], [ -6.226597396887265, 53.023174322462886 ], [ -6.226463527151488, 53.023176730279388 ], [ -6.22633643402517, 53.023208722548524 ], [ -6.226295658004785, 53.023225642100599 ], [ -6.226234951438094, 53.023203882994551 ], [ -6.226144368947664, 53.023167115740421 ], [ -6.226048843729529, 53.02316092672028 ], [ -6.225899633040004, 53.023201577165466 ], [ -6.225809618274018, 53.023213896809189 ], [ -6.225733732595696, 53.023223460968943 ], [ -6.225660641380705, 53.023233876652277 ], [ -6.225602339852392, 53.023246399696205 ], [ -6.225563374240394, 53.023270087468717 ], [ -6.225551139631897, 53.023271612730753 ], [ -6.225464376142425, 53.023267621369811 ], [ -6.225378134587889, 53.023253930040525 ], [ -6.22531592597351, 53.023235833374102 ], [ -6.225283365424503, 53.023211346935824 ], [ -6.225224526989341, 53.023177031143405 ], [ -6.225094018668869, 53.023169420349589 ], [ -6.225055284940993, 53.023166505143301 ], [ -6.22500453617626, 53.02316278136999 ], [ -6.22493854636497, 53.023128986986201 ], [ -6.224870512172958, 53.023094083412673 ], [ -6.22475236544267, 53.023009983063808 ], [ -6.224695290084551, 53.022986658527607 ], [ -6.224601933995582, 53.022963602143776 ], [ -6.224555882792677, 53.022965251593448 ], [ -6.22454369101926, 53.02296569875822 ], [ -6.224523254125359, 53.02295739374749 ], [ -6.224515670249817, 53.022959437775015 ], [ -6.224474772362949, 53.022934377190431 ], [ -6.224361483251824, 53.022860775761401 ], [ -6.224348141440164, 53.022838374668709 ], [ -6.224270501011766, 53.022812855219129 ], [ -6.224249949254472, 53.022819289762275 ], [ -6.224168226494021, 53.022779418292487 ], [ -6.224219871279632, 53.022716459436189 ], [ -6.223889972178857, 53.022567352280589 ], [ -6.223806145319754, 53.022533830140105 ], [ -6.223751030971666, 53.022516647587125 ], [ -6.223563850311557, 53.022458031174367 ], [ -6.223301466826297, 53.022404403076962 ], [ -6.223268069956283, 53.022400308619417 ], [ -6.223163253730339, 53.022398832288161 ], [ -6.222997766429703, 53.022410741080911 ], [ -6.222942249769893, 53.022400383481084 ], [ -6.222856670993036, 53.022391554058963 ], [ -6.222688250914437, 53.022367104601898 ], [ -6.222615531622736, 53.022356488821515 ], [ -6.222461636194632, 53.02232866070436 ], [ -6.222451750774751, 53.02232689497815 ], [ -6.222452573180338, 53.022324839891674 ], [ -6.222475437408185, 53.022265136864263 ], [ -6.222531556786601, 53.022186065215166 ], [ -6.222547372928857, 53.022156560121729 ], [ -6.222552063186855, 53.022147810607095 ], [ -6.222641797051592, 53.021980791643088 ], [ -6.22274828398083, 53.021827957158344 ], [ -6.222846052918717, 53.021698721318501 ] ], [ [ -6.225137580245334, 53.022940946492874 ], [ -6.225120935568475, 53.022986565111118 ], [ -6.225055284940993, 53.023166505143301 ], [ -6.225137580245334, 53.022940946492874 ] ], [ [ -6.225161956404103, 53.02287425443037 ], [ -6.225198389520873, 53.022774483578559 ], [ -6.225186352177928, 53.022807445803551 ], [ -6.225161956404103, 53.02287425443037 ] ], [ [ -6.225445242291275, 53.022212146225684 ], [ -6.225439744372083, 53.022224352500828 ], [ -6.225414398259637, 53.022280629428813 ], [ -6.225445242291275, 53.022212146225684 ] ] ], [ [ [ -6.224894844501216, 53.014293460323771 ], [ -6.225298800964493, 53.014304974503723 ], [ -6.225669975143068, 53.014315547771474 ], [ -6.226014792937336, 53.014327344591038 ], [ -6.226010791447992, 53.014337981342685 ], [ -6.226005618923902, 53.014353184816905 ], [ -6.225953736721592, 53.014505262147146 ], [ -6.225869662883873, 53.014751696215818 ], [ -6.225701848019516, 53.015252472822297 ], [ -6.225667763445715, 53.015394076008221 ], [ -6.225664582663894, 53.015408680885045 ], [ -6.225655613065626, 53.015450523869923 ], [ -6.225652066547211, 53.015465033402315 ], [ -6.22565161753115, 53.015467004197184 ], [ -6.225694547490995, 53.015472318916188 ], [ -6.225979643492219, 53.015507763472151 ], [ -6.226317543442963, 53.015556580012905 ], [ -6.226161089414328, 53.015882335865285 ], [ -6.22598440607416, 53.016401497929543 ], [ -6.225873481992828, 53.016375482832771 ], [ -6.22568621179149, 53.016331610445732 ], [ -6.225185546841191, 53.01623478951079 ], [ -6.224769382315231, 53.016610059910761 ], [ -6.224295402030627, 53.017045858603886 ], [ -6.224285178754674, 53.01705532374568 ], [ -6.223920890378176, 53.017391366608877 ], [ -6.223952814085639, 53.017419258738052 ], [ -6.224131556409839, 53.017491231613306 ], [ -6.224439246060876, 53.017647377472862 ], [ -6.22447829247777, 53.017666477989337 ], [ -6.224614668972478, 53.017719390824212 ], [ -6.224650552161214, 53.017728735448856 ], [ -6.224152645964787, 53.018312760836508 ], [ -6.224117860397356, 53.018303611331824 ], [ -6.223447001355809, 53.018835881926357 ], [ -6.223093969133742, 53.019091910240299 ], [ -6.223055863127541, 53.019073812977908 ], [ -6.222812522377733, 53.018967164829697 ], [ -6.222795096558774, 53.018909556110174 ], [ -6.222709672896686, 53.01890908826347 ], [ -6.2226419971027, 53.018931447074493 ], [ -6.222466847843339, 53.018849728120216 ], [ -6.222339206441238, 53.018778696539108 ], [ -6.222271772289272, 53.018618766916468 ], [ -6.222038594529665, 53.018061752407668 ], [ -6.222032093790369, 53.018046463538923 ], [ -6.221909314165488, 53.017806425566029 ], [ -6.221796339227586, 53.017528331552221 ], [ -6.221886043547064, 53.017358886613799 ], [ -6.221485854286135, 53.017123597148725 ], [ -6.221471547673837, 53.017115742824821 ], [ -6.221175027999797, 53.016951396868556 ], [ -6.220994256169923, 53.016842265227552 ], [ -6.220591579727307, 53.016598936482907 ], [ -6.220008823009141, 53.016232909786282 ], [ -6.219852061184437, 53.016127447204525 ], [ -6.21963644857665, 53.015982391011853 ], [ -6.219699267106579, 53.015851016378569 ], [ -6.219715566276955, 53.015828339435984 ], [ -6.219784134796398, 53.015733455677342 ], [ -6.22032697882562, 53.015348593211534 ], [ -6.220337865941596, 53.015340936065677 ], [ -6.220474487961455, 53.015244194148508 ], [ -6.220572110902515, 53.015175093605279 ], [ -6.220703535048711, 53.01509112736985 ], [ -6.220888927844301, 53.014971205078545 ], [ -6.220958285445398, 53.014949681426735 ], [ -6.221112055359589, 53.014902184259668 ], [ -6.221384563793611, 53.014825091979226 ], [ -6.221622131038643, 53.014781544244975 ], [ -6.221819682411708, 53.014754476872689 ], [ -6.221950280382915, 53.014738361918397 ], [ -6.222272835282191, 53.014708668761777 ], [ -6.222550174270878, 53.014651511804807 ], [ -6.222596170014217, 53.014642041358208 ], [ -6.222924068331928, 53.014569010380512 ], [ -6.223081471533547, 53.014525789640906 ], [ -6.223336344517185, 53.014455890812705 ], [ -6.223362431140073, 53.014449269490193 ], [ -6.223473846318079, 53.014421270910049 ], [ -6.223743123175344, 53.014374777072383 ], [ -6.224118507498165, 53.014315755377503 ], [ -6.224307796522375, 53.0142922458177 ], [ -6.224417113293435, 53.014288394407032 ], [ -6.224894844501216, 53.014293460323771 ] ] ] ] } },
{ "type": "Feature", "properties": { "cdRbapsId": "AVO_2025_18", "color_id": 20 }, "geometry": { "type": "MultiPolygon", "coordinates": [ [ [ [ -6.332725681416304, 53.059116591819993 ], [ -6.332607156633011, 53.059053538761063 ], [ -6.332395076481437, 53.05892769243475 ], [ -6.332236093503139, 53.058822544437469 ], [ -6.332121518194638, 53.058698693767269 ], [ -6.332112290036078, 53.058689126541118 ], [ -6.331974553301891, 53.058546883354488 ], [ -6.331798073055337, 53.058423332794099 ], [ -6.331736046895589, 53.058369430374846 ], [ -6.331690807865579, 53.058330054941479 ], [ -6.331651996658111, 53.058296343358528 ], [ -6.331623903608621, 53.058271859491008 ], [ -6.331619662048323, 53.058257418532065 ], [ -6.331593199633979, 53.058168419779065 ], [ -6.331534404637222, 53.057922657116521 ], [ -6.33148704888652, 53.057778894559263 ], [ -6.331437680778937, 53.057674473929616 ], [ -6.331530451426752, 53.057655551224755 ], [ -6.331553694071878, 53.057652731277571 ], [ -6.331701810569527, 53.057650404317286 ], [ -6.331914382158228, 53.05765823910307 ], [ -6.331980406444474, 53.057653232573408 ], [ -6.332054579892161, 53.057615621526885 ], [ -6.332153198052697, 53.057560016796479 ], [ -6.332225617734648, 53.057532807621676 ], [ -6.332394136854343, 53.057486452044238 ], [ -6.332458398459679, 53.057482499150574 ], [ -6.332608059648196, 53.057484776812728 ], [ -6.332783872069659, 53.057498117929107 ], [ -6.33287727115317, 53.057513898281869 ], [ -6.333086396806034, 53.057553592464785 ], [ -6.333388942432451, 53.057465069369883 ], [ -6.33346691080072, 53.057447105369889 ], [ -6.333513963539088, 53.057436259384083 ], [ -6.333703014600819, 53.05740627976607 ], [ -6.333951097779057, 53.057367508145049 ], [ -6.334030079474315, 53.057355131687871 ], [ -6.334093037716436, 53.057344194534792 ], [ -6.334122492923772, 53.057339077363025 ], [ -6.33419111991592, 53.057327184978085 ], [ -6.334232608725393, 53.057307452145267 ], [ -6.3343627351175, 53.057267477242561 ], [ -6.334502305467662, 53.057330373825053 ], [ -6.334615024634234, 53.05740035470938 ], [ -6.334668729126085, 53.057478678396492 ], [ -6.334772229904274, 53.057634551009464 ], [ -6.334895714473701, 53.057770028998512 ], [ -6.334988394982709, 53.05786193130109 ], [ -6.334991524237118, 53.057917973826513 ], [ -6.335030469221807, 53.057935507033001 ], [ -6.335107603866004, 53.057935957437913 ], [ -6.335149106416101, 53.05796377409235 ], [ -6.335180813693153, 53.058025429852627 ], [ -6.335189480192586, 53.058142132678476 ], [ -6.335167927668904, 53.058251131963623 ], [ -6.335165334831283, 53.0582641288769 ], [ -6.335147012973478, 53.058381892133141 ], [ -6.335141970383614, 53.058413731329054 ], [ -6.335120913889893, 53.058506648283483 ], [ -6.335112635786128, 53.058622394880842 ], [ -6.335195545190277, 53.058674160901248 ], [ -6.335251843490522, 53.058698049009237 ], [ -6.335287801123146, 53.058713293214225 ], [ -6.335406443028751, 53.058738324236508 ], [ -6.335492563056742, 53.058751483896259 ], [ -6.335522850582361, 53.058747862906039 ], [ -6.335562037574976, 53.05874319793579 ], [ -6.335627096960083, 53.058763253546722 ], [ -6.335632204504837, 53.058767998983228 ], [ -6.335655496623197, 53.058789448539322 ], [ -6.335674461015874, 53.058827375322608 ], [ -6.335667222046788, 53.058871497932785 ], [ -6.33568799028666, 53.058885001467729 ], [ -6.335707137172259, 53.058915021893576 ], [ -6.335750141772009, 53.059092248557043 ], [ -6.335823588457841, 53.059415066629626 ], [ -6.335890408741986, 53.059574649569853 ], [ -6.335907666191642, 53.059644102653067 ], [ -6.335913235716756, 53.059710336172493 ], [ -6.335981844556842, 53.059753272693037 ], [ -6.336044807249666, 53.059821387631573 ], [ -6.336085266792244, 53.059853953205028 ], [ -6.336110807293664, 53.059874534372469 ], [ -6.33612836027473, 53.059917206086659 ], [ -6.33611089051599, 53.059945815433259 ], [ -6.33608542493327, 53.059987166364465 ], [ -6.335999476047252, 53.060033333059103 ], [ -6.335986904992298, 53.060097695801311 ], [ -6.335891680733426, 53.060160991320963 ], [ -6.335763198324527, 53.060266697105597 ], [ -6.335677920026738, 53.060340108736867 ], [ -6.335674646693239, 53.060342040390772 ], [ -6.335671874355517, 53.060343709401643 ], [ -6.335664239596798, 53.060350254009009 ], [ -6.335658912359227, 53.060357549973119 ], [ -6.335656849523097, 53.06036318470985 ], [ -6.335656190124896, 53.060364343977682 ], [ -6.335586341840504, 53.060462060364848 ], [ -6.335555081372563, 53.060513217356693 ], [ -6.335476972330232, 53.06067592115653 ], [ -6.335471454832948, 53.060687414734467 ], [ -6.335420166865812, 53.060785660379757 ], [ -6.335464926089935, 53.060869521160221 ], [ -6.335510290421844, 53.060954486974474 ], [ -6.335518064969323, 53.060969049120054 ], [ -6.335588086503769, 53.061039240498609 ], [ -6.335642938742039, 53.061094298841525 ], [ -6.335804570213105, 53.061217366132311 ], [ -6.335901850087118, 53.061269961828593 ], [ -6.33609070205705, 53.061325366340832 ], [ -6.336155438182541, 53.061369866479176 ], [ -6.336236318063968, 53.061468074297927 ], [ -6.336300947311423, 53.061604794828533 ], [ -6.336320370596831, 53.061697918523492 ], [ -6.336272387868161, 53.061755133715373 ], [ -6.336180774924428, 53.061791694519506 ], [ -6.336178150521794, 53.061792736422696 ], [ -6.336104757219801, 53.061819573961699 ], [ -6.336053079924047, 53.061838536655351 ], [ -6.335961004615637, 53.061871135026074 ], [ -6.335935683351313, 53.061915094577849 ], [ -6.335919334486418, 53.061943360036246 ], [ -6.335898056734425, 53.062061171873616 ], [ -6.335893533870811, 53.062085916611451 ], [ -6.335898951158009, 53.062120958198832 ], [ -6.335912572679963, 53.062208157433858 ], [ -6.335983087156728, 53.062300737480157 ], [ -6.336046874117262, 53.062347561371801 ], [ -6.336055448355487, 53.062353851844414 ], [ -6.336069732526734, 53.062364329884645 ], [ -6.336176153767501, 53.062419300292895 ], [ -6.336224369822923, 53.06243588502592 ], [ -6.336262017586412, 53.062448905442665 ], [ -6.336264597266411, 53.062455413174085 ], [ -6.33628465342138, 53.062506568951711 ], [ -6.336300189146426, 53.062601615715366 ], [ -6.336281216330561, 53.062643685772031 ], [ -6.336290214865217, 53.062739090530009 ], [ -6.336278861590795, 53.062797357293789 ], [ -6.336292720092493, 53.062830539460514 ], [ -6.336297171343046, 53.062877881630001 ], [ -6.336275045706577, 53.063040085283156 ], [ -6.336270959184822, 53.063053510741234 ], [ -6.336270293944452, 53.063057995640783 ], [ -6.336261400090166, 53.063113150854406 ], [ -6.336254922229708, 53.0631535089856 ], [ -6.336194400654648, 53.063178369387366 ], [ -6.336155910906837, 53.063215942804767 ], [ -6.336098588694359, 53.063231230310919 ], [ -6.336091379389989, 53.063271398434793 ], [ -6.336064998915352, 53.063345993659105 ], [ -6.33604484169251, 53.063402788995191 ], [ -6.336000155599989, 53.063415917112138 ], [ -6.335982820868352, 53.063441021944961 ], [ -6.336003257622511, 53.063469532301752 ], [ -6.336037657983925, 53.063487001562088 ], [ -6.33605648660386, 53.063496612864192 ], [ -6.336119237654015, 53.063500097192303 ], [ -6.336171561835325, 53.063489953046982 ], [ -6.33619016126628, 53.063486348165625 ], [ -6.336243951188077, 53.063470112372499 ], [ -6.336292489251691, 53.063446431715768 ], [ -6.336304655188109, 53.063440489741616 ], [ -6.336351844677532, 53.063458227650443 ], [ -6.336387875840284, 53.063471675731172 ], [ -6.336456435087345, 53.063525666958995 ], [ -6.336506685607502, 53.063569334217441 ], [ -6.33663530418302, 53.063715848682776 ], [ -6.336656409951547, 53.063787692388708 ], [ -6.336669136591571, 53.063891778089577 ], [ -6.336706837372433, 53.06405355988727 ], [ -6.336704712006034, 53.064108719873246 ], [ -6.33669672545517, 53.064194629035434 ], [ -6.336756061925454, 53.064251637066782 ], [ -6.336854392203509, 53.064328335518901 ], [ -6.336939466117971, 53.064442420995242 ], [ -6.337156927571275, 53.064496695610728 ], [ -6.337283284361718, 53.064535944264243 ], [ -6.337454374634815, 53.064605569563547 ], [ -6.337478412201201, 53.064646084550034 ], [ -6.337548207427385, 53.064706384273599 ], [ -6.337564947231076, 53.064719112080681 ], [ -6.337499208949008, 53.064825067321138 ], [ -6.337512680655257, 53.064855547399539 ], [ -6.337519471743075, 53.064870922586593 ], [ -6.33748347241734, 53.064914104038031 ], [ -6.337528678949697, 53.064945026702674 ], [ -6.33760456586744, 53.064949412871869 ], [ -6.337693598688126, 53.065031104968945 ], [ -6.337724292353672, 53.065074589195198 ], [ -6.337686515611717, 53.065160710431066 ], [ -6.337502458832544, 53.065050635344569 ], [ -6.337310580845494, 53.06497748377064 ], [ -6.337065154369133, 53.064914279569244 ], [ -6.336882755156457, 53.064885842272957 ], [ -6.336717365190865, 53.064882271633067 ], [ -6.336508051634505, 53.064900738257528 ], [ -6.336451495290899, 53.064905699987712 ], [ -6.336223248863686, 53.064930012576745 ], [ -6.336178092902697, 53.064929740574712 ], [ -6.336080275958078, 53.064929181432824 ], [ -6.335703271910046, 53.064898380714979 ], [ -6.335332384461851, 53.064887708531714 ], [ -6.335297997337442, 53.064882643260468 ], [ -6.335211359172781, 53.064869835831594 ], [ -6.335091753472399, 53.064847038353037 ], [ -6.335000992523147, 53.064826263274512 ], [ -6.334914255032824, 53.064806442382441 ], [ -6.334809894777557, 53.064771275131513 ], [ -6.33470675272617, 53.064736483478001 ], [ -6.334563571240606, 53.064670840278851 ], [ -6.334348953727801, 53.064552512488618 ], [ -6.334168889746544, 53.064450847288214 ], [ -6.333905326981281, 53.06430612644953 ], [ -6.33381406342972, 53.06425055737698 ], [ -6.33376115668352, 53.064205592493764 ], [ -6.333571209087932, 53.064009407845951 ], [ -6.333464134677499, 53.063904359638194 ], [ -6.333352084332665, 53.063803915589929 ], [ -6.33323134371583, 53.063648070955864 ], [ -6.333096187300018, 53.063444923131264 ], [ -6.333009428205647, 53.063333327955128 ], [ -6.332862676932251, 53.063181881393625 ], [ -6.33280883325769, 53.06311344318329 ], [ -6.332713754568929, 53.062987889028904 ], [ -6.332711413391156, 53.062984800156791 ], [ -6.332656631677533, 53.062880124529656 ], [ -6.332611152212139, 53.062783129522167 ], [ -6.332612704239721, 53.06267924344138 ], [ -6.332617507292297, 53.062580346552394 ], [ -6.332613351494324, 53.062547750253515 ], [ -6.332607594203721, 53.062502456947904 ], [ -6.332571566235761, 53.062348786728286 ], [ -6.332526111557784, 53.062235253344603 ], [ -6.332495861275397, 53.062091281679791 ], [ -6.332483256099433, 53.061946119196662 ], [ -6.332473553785719, 53.061818166166894 ], [ -6.332431568389257, 53.061646705199657 ], [ -6.332397296800266, 53.061520834615884 ], [ -6.332372459792643, 53.061450195252142 ], [ -6.332342226678676, 53.061309011072048 ], [ -6.332334295483696, 53.061272226259618 ], [ -6.332311942133798, 53.061076771726562 ], [ -6.332268661734375, 53.060891089925498 ], [ -6.332221954631765, 53.060762258522558 ], [ -6.332219730107877, 53.060756115213223 ], [ -6.332213051125064, 53.060737864078476 ], [ -6.332171497807701, 53.060657193824746 ], [ -6.332147574158014, 53.060610746940078 ], [ -6.332116602149624, 53.060539662854005 ], [ -6.332093890387053, 53.06048730059436 ], [ -6.332052568193245, 53.060110819382473 ], [ -6.331998105694138, 53.059876982511788 ], [ -6.331953632639135, 53.059699912702733 ], [ -6.331900416483003, 53.059373330981536 ], [ -6.33185398436158, 53.059180145276166 ], [ -6.331820263666353, 53.059001877908628 ], [ -6.331794256559501, 53.058917021171936 ], [ -6.331723801141355, 53.058746868386471 ], [ -6.33166395842466, 53.058579111497266 ], [ -6.331631424348314, 53.058462523044014 ], [ -6.331621808948696, 53.058427961644576 ], [ -6.331614614576186, 53.058403951548328 ], [ -6.331592517408089, 53.058329395491441 ], [ -6.331665002709448, 53.058389646684006 ], [ -6.331778026814867, 53.058483544625794 ], [ -6.331799261808518, 53.058507212307674 ], [ -6.331921846265192, 53.058643490641636 ], [ -6.332071292907275, 53.058788413933414 ], [ -6.332217473121124, 53.058906416763698 ], [ -6.332454144605538, 53.059058225124282 ], [ -6.332616864625312, 53.059152639098954 ], [ -6.332653838831785, 53.059182999789975 ], [ -6.332672532485939, 53.059231080180282 ], [ -6.332811951704833, 53.059132273182058 ], [ -6.332725681416304, 53.059116591819993 ] ], [ [ -6.33317946494106, 53.058737085568417 ], [ -6.333159278982925, 53.058738317269096 ], [ -6.333322214210595, 53.058728375988458 ], [ -6.33317946494106, 53.058737085568417 ] ], [ [ -6.333096537129045, 53.06048319506889 ], [ -6.333068016377378, 53.060439203409274 ], [ -6.333100302532558, 53.060489003112856 ], [ -6.333096537129045, 53.06048319506889 ] ], [ [ -6.333728774089295, 53.059283578290696 ], [ -6.333676898793429, 53.05907778634942 ], [ -6.333737405550814, 53.059317820115439 ], [ -6.333728774089295, 53.059283578290696 ] ], [ [ -6.333958828280558, 53.061184696773324 ], [ -6.333960770919758, 53.061183072808888 ], [ -6.334131845912958, 53.061040022619942 ], [ -6.333958828280558, 53.061184696773324 ] ], [ [ -6.334356505430163, 53.060869684028425 ], [ -6.334347669544862, 53.060870730601017 ], [ -6.33488731621373, 53.060806838358104 ], [ -6.334356505430163, 53.060869684028425 ] ] ], [ [ [ -6.336599027251654, 53.058352588004517 ], [ -6.336847839296455, 53.058298180683352 ], [ -6.336980654651618, 53.058271454378335 ], [ -6.337059775615522, 53.058255481589178 ], [ -6.337146353405694, 53.058240782377162 ], [ -6.337176081451216, 53.058235715001899 ], [ -6.337338246558898, 53.058277621504473 ], [ -6.337629955950086, 53.058336258950611 ], [ -6.33764041153326, 53.058339551006988 ], [ -6.338001079181461, 53.058454430800879 ], [ -6.338453172597518, 53.05863970829796 ], [ -6.338531001928343, 53.058670098480583 ], [ -6.339011799738692, 53.058857842064413 ], [ -6.339234297609347, 53.05894687956112 ], [ -6.339341547469167, 53.058989813394994 ], [ -6.339423972341807, 53.059118332466845 ], [ -6.339609824789808, 53.059408380480207 ], [ -6.339943761714188, 53.060020397552137 ], [ -6.339949046265223, 53.060030178776003 ], [ -6.339774389721444, 53.060015247451652 ], [ -6.339627651908486, 53.060042322771871 ], [ -6.339426634315279, 53.060005719574306 ], [ -6.339342157483353, 53.06001370848351 ], [ -6.339297943764793, 53.06001785510788 ], [ -6.339206257031417, 53.060005339584052 ], [ -6.339020195980238, 53.059979821377041 ], [ -6.338773702194605, 53.060009007321533 ], [ -6.338760968804115, 53.060010537299412 ], [ -6.338652717633821, 53.06001594660966 ], [ -6.338487757061116, 53.060024070142852 ], [ -6.338367461358763, 53.060073894367349 ], [ -6.338285816857894, 53.060126595376936 ], [ -6.338184923959354, 53.060155027490282 ], [ -6.338175220410132, 53.060157768224748 ], [ -6.338129069396071, 53.060205841566621 ], [ -6.338128045197364, 53.060206905867346 ], [ -6.337999619277629, 53.060234504659164 ], [ -6.337784398498145, 53.06024722727588 ], [ -6.337649624648699, 53.060318240888606 ], [ -6.337625885078906, 53.060330762569315 ], [ -6.337567668265759, 53.060340646116252 ], [ -6.337524374286889, 53.06037203981527 ], [ -6.337465763549156, 53.06041454573073 ], [ -6.337273828183753, 53.060394515512982 ], [ -6.337180915634203, 53.060359509374699 ], [ -6.337146710623354, 53.060346627243625 ], [ -6.336963114909976, 53.060250669355263 ], [ -6.336910252681986, 53.06020462784857 ], [ -6.336770589342504, 53.060083127566628 ], [ -6.336763409313748, 53.060081049727863 ], [ -6.336636461138998, 53.060044758319101 ], [ -6.336532531754115, 53.060043394939996 ], [ -6.336510515737318, 53.060043087074419 ], [ -6.336356809722019, 53.060104038019617 ], [ -6.336134807512882, 53.06008196664699 ], [ -6.336198095359117, 53.060010763881998 ], [ -6.336228063753222, 53.059977116053759 ], [ -6.336264559721204, 53.059924144544915 ], [ -6.33626782949024, 53.059884012079273 ], [ -6.336263182783043, 53.059875394618054 ], [ -6.336285107435884, 53.059807565502545 ], [ -6.336213097501047, 53.059698435873614 ], [ -6.336082291665635, 53.059647729121927 ], [ -6.335963536969925, 53.059475739383032 ], [ -6.335928087376353, 53.059457085102132 ], [ -6.335921474856378, 53.059439086785581 ], [ -6.335886145923413, 53.059273382859786 ], [ -6.335839961906579, 53.05904775321828 ], [ -6.335801368580675, 53.058928474578657 ], [ -6.335763548350986, 53.058830599161595 ], [ -6.33574400504634, 53.058788529623818 ], [ -6.335723094413312, 53.058743653645649 ], [ -6.335687151761298, 53.058702432370119 ], [ -6.335636456709264, 53.058680061013014 ], [ -6.335598529494596, 53.058677552903156 ], [ -6.335510667116509, 53.058690435338647 ], [ -6.335457061819796, 53.058692471667769 ], [ -6.335401105542442, 53.058669306617858 ], [ -6.335259654673119, 53.058597576174975 ], [ -6.335249943524523, 53.058549441242434 ], [ -6.335276648836702, 53.058434491820698 ], [ -6.335272356328972, 53.058351108251529 ], [ -6.335268605110136, 53.058276090582538 ], [ -6.335875381081089, 53.05830121002365 ], [ -6.336066270790404, 53.058306576825345 ], [ -6.336394158558702, 53.058333184408397 ], [ -6.336599027251654, 53.058352588004517 ] ] ], [ [ [ -6.336041821607747, 53.06223917858938 ], [ -6.335993485648519, 53.062149066026947 ], [ -6.335992475111101, 53.062069953001895 ], [ -6.336007681269209, 53.062071334195736 ], [ -6.336351532348282, 53.062428494361903 ], [ -6.336309935848986, 53.062406160690472 ], [ -6.336211211679609, 53.062365409853761 ], [ -6.33610476046019, 53.062314393955944 ], [ -6.336041821607747, 53.06223917858938 ] ] ], [ [ [ -6.336547533687678, 53.063266182685233 ], [ -6.336588250104566, 53.063327334770108 ], [ -6.336633735299832, 53.063395654358608 ], [ -6.336642930001387, 53.06340935541342 ], [ -6.336690968275497, 53.06348166647291 ], [ -6.337244781729567, 53.064279861320308 ], [ -6.337729088187607, 53.064579297278165 ], [ -6.337830194708531, 53.064772525185774 ], [ -6.337896231641429, 53.064898478304855 ], [ -6.337905178711432, 53.064915412518211 ], [ -6.337879497697031, 53.064933569823943 ], [ -6.337872912259309, 53.064922422080549 ], [ -6.337849921958858, 53.064883449839286 ], [ -6.337808909594574, 53.06481393487195 ], [ -6.337772376702627, 53.064771897105011 ], [ -6.337729127053328, 53.064722125331969 ], [ -6.337623503315403, 53.064617460759059 ], [ -6.337496231136215, 53.064573256955747 ], [ -6.337180631968217, 53.064450016694046 ], [ -6.33698237980837, 53.064408235780363 ], [ -6.336947829455262, 53.064346720628762 ], [ -6.336900697440156, 53.064295546008559 ], [ -6.336764419366096, 53.064168879028927 ], [ -6.336766373139862, 53.064150120579932 ], [ -6.33677675730573, 53.064053099313007 ], [ -6.336744672042234, 53.063927620220724 ], [ -6.336743350405138, 53.063872501923392 ], [ -6.336731368889287, 53.063720337784289 ], [ -6.336680212123949, 53.063649062650981 ], [ -6.336620640882741, 53.063591781636042 ], [ -6.336597380357769, 53.063569433904817 ], [ -6.336591209101616, 53.063563505151215 ], [ -6.336499150662222, 53.063490219870857 ], [ -6.336490434553705, 53.063483266801462 ], [ -6.336452726463107, 53.063459009215578 ], [ -6.336411415421534, 53.063432455030664 ], [ -6.336404407103907, 53.063429121199029 ], [ -6.336341330305214, 53.063398936001263 ], [ -6.336320567399515, 53.063404398215248 ], [ -6.336228562850454, 53.063428729359217 ], [ -6.336184134375585, 53.06344473653909 ], [ -6.336164164157542, 53.063452007493751 ], [ -6.336105082347124, 53.063461877350584 ], [ -6.336060753570345, 53.063456133936498 ], [ -6.336060990977052, 53.063434025778065 ], [ -6.336112468045552, 53.063410745838659 ], [ -6.336110182434748, 53.063390220304619 ], [ -6.336113057118755, 53.063379474424529 ], [ -6.336121796078761, 53.063347507144343 ], [ -6.336140732779351, 53.063277661535672 ], [ -6.336171140469282, 53.063251840681239 ], [ -6.336216217112245, 53.063215797527349 ], [ -6.336250652917657, 53.063190841047053 ], [ -6.336301773204236, 53.063183196763035 ], [ -6.336327980059426, 53.063113093262473 ], [ -6.336349102223481, 53.063056760793678 ], [ -6.336361856102793, 53.063022782309766 ], [ -6.336371963026635, 53.062875511988004 ], [ -6.336386486985065, 53.062699808385389 ], [ -6.336386140850452, 53.062686410818813 ], [ -6.33638256005168, 53.06253346524575 ], [ -6.336351532348282, 53.062428494361903 ], [ -6.336444815667415, 53.062514651233343 ], [ -6.336526605010249, 53.063113084440495 ], [ -6.336537157019253, 53.063190533180951 ], [ -6.336547533687678, 53.063266182685233 ] ] ], [ [ [ -6.255412899289102, 53.025196167387627 ], [ -6.255442214718815, 53.025188777424994 ], [ -6.255554789770824, 53.025177933947703 ], [ -6.255643476817851, 53.025164853248967 ], [ -6.255742808849293, 53.025156153254073 ], [ -6.255857306493779, 53.025143361107595 ], [ -6.255946423482319, 53.025131813646709 ], [ -6.25605243094821, 53.025119166446963 ], [ -6.256258981802736, 53.025092173698411 ], [ -6.25644804532269, 53.02503535001933 ], [ -6.256586831574624, 53.024999543040437 ], [ -6.256682014368352, 53.025014421348565 ], [ -6.25687599026893, 53.024991288030044 ], [ -6.257025771044892, 53.024951146528778 ], [ -6.257128359235544, 53.02492873971034 ], [ -6.25730101507147, 53.024922011940845 ], [ -6.257367180802395, 53.024924689427735 ], [ -6.257486104589739, 53.02491187069716 ], [ -6.257515382273048, 53.02506402932422 ], [ -6.257536540400371, 53.025204113277105 ], [ -6.257556617333986, 53.025538787301628 ], [ -6.257563827223675, 53.025600915809619 ], [ -6.257574261714019, 53.025689786689917 ], [ -6.25758288228956, 53.025887754798369 ], [ -6.257607810437547, 53.025980074822684 ], [ -6.257495193163182, 53.02600413191773 ], [ -6.257475729463015, 53.026008071327617 ], [ -6.257131723790201, 53.026077366173091 ], [ -6.256909084158512, 53.026122102644379 ], [ -6.256766960873647, 53.026152109315298 ], [ -6.256599263977463, 53.026191268758915 ], [ -6.256431097862849, 53.026242016330855 ], [ -6.256302607776882, 53.026275457328509 ], [ -6.255865892052434, 53.026350670677409 ], [ -6.255431329354179, 53.026485238523378 ], [ -6.255443224598331, 53.026510402135237 ], [ -6.254431507177658, 53.026790384574653 ], [ -6.25438125861551, 53.026804568869402 ], [ -6.254205793246507, 53.026713184182789 ], [ -6.254202183221645, 53.026711243585474 ], [ -6.253830748447605, 53.026509565994886 ], [ -6.254104022180988, 53.026392500759663 ], [ -6.254281040845686, 53.026308358180501 ], [ -6.254512665424876, 53.026150860345822 ], [ -6.254618529996743, 53.026038257691354 ], [ -6.254749572344297, 53.02589896889635 ], [ -6.25484316164526, 53.025770634771654 ], [ -6.254799910665372, 53.025611528949021 ], [ -6.254748440956237, 53.025491493518125 ], [ -6.254783962121013, 53.025415701040949 ], [ -6.254849839571933, 53.025358510960608 ], [ -6.25497184566723, 53.025321200291771 ], [ -6.255009202440458, 53.025318692378967 ], [ -6.255051681703741, 53.025283720123696 ], [ -6.255103289085263, 53.025263264398134 ], [ -6.255131996167681, 53.025264854148304 ], [ -6.255275874351948, 53.025230920219926 ], [ -6.255412899289102, 53.025196167387627 ] ] ], [ [ [ -6.247573755970402, 53.026230467011935 ], [ -6.248112800205501, 53.026185286304816 ], [ -6.248341526503438, 53.026160520651636 ], [ -6.248401220191976, 53.026122659212895 ], [ -6.248442543349296, 53.026086054312472 ], [ -6.248480775287824, 53.026086257907274 ], [ -6.248608986778077, 53.026123562178384 ], [ -6.248687405329317, 53.026139458377806 ], [ -6.24873066179926, 53.026140095433952 ], [ -6.248807717356927, 53.026131971996548 ], [ -6.248852996489071, 53.026109986698138 ], [ -6.248875292692027, 53.026048292997899 ], [ -6.248906453549971, 53.025962011262862 ], [ -6.248936161061578, 53.02593287542873 ], [ -6.249166684554019, 53.02589402260719 ], [ -6.249343330677655, 53.025864803804431 ], [ -6.249577895129035, 53.02584155990742 ], [ -6.249725072708281, 53.025817389782723 ], [ -6.249816204291456, 53.025826011847549 ], [ -6.250088254500848, 53.025851767949646 ], [ -6.25026006751883, 53.025838656090649 ], [ -6.250467771531256, 53.025816723031006 ], [ -6.25051119357498, 53.02581933936235 ], [ -6.250599217550678, 53.02584094942933 ], [ -6.250623856611269, 53.025824593167897 ], [ -6.250636546597797, 53.025778397940421 ], [ -6.25073065531406, 53.025737804845647 ], [ -6.250947828876757, 53.025697583687226 ], [ -6.251365943409941, 53.025608092688927 ], [ -6.251446674148284, 53.025597235137333 ], [ -6.251571941740327, 53.025631346921188 ], [ -6.251796467035549, 53.025655591357328 ], [ -6.252287862172714, 53.025657331566478 ], [ -6.252581086699466, 53.025644923899954 ], [ -6.252628425458051, 53.025642921161726 ], [ -6.252739405774518, 53.025619832455575 ], [ -6.252830934183665, 53.025597357600276 ], [ -6.252879489953314, 53.025570295443181 ], [ -6.253045609037571, 53.025536781753161 ], [ -6.25314138653441, 53.025518682696763 ], [ -6.253248612271008, 53.025521606102295 ], [ -6.253344740049425, 53.025482659454788 ], [ -6.253501107720972, 53.025447023514786 ], [ -6.253558076544557, 53.025418646477085 ], [ -6.253623300692783, 53.025392908349069 ], [ -6.253726546482268, 53.025390829164152 ], [ -6.253785415557415, 53.025370210090529 ], [ -6.253854737445335, 53.025346509495485 ], [ -6.254077415660749, 53.02536775627626 ], [ -6.254338257678513, 53.02532088936384 ], [ -6.254351972096412, 53.025349675227019 ], [ -6.254344847673691, 53.025361705201959 ], [ -6.254302269496046, 53.025396046556722 ], [ -6.25428271499253, 53.025423534150178 ], [ -6.254251696948567, 53.025457865425274 ], [ -6.254231986696872, 53.025492271918608 ], [ -6.254197059335018, 53.025528972699149 ], [ -6.254158264388893, 53.025570110969362 ], [ -6.254123309058158, 53.025604474291214 ], [ -6.254045465165079, 53.025696094250577 ], [ -6.254025843821138, 53.025728255773352 ], [ -6.253998918805372, 53.025746466765604 ], [ -6.253964118935547, 53.025773911129448 ], [ -6.253933291818659, 53.025785233502489 ], [ -6.253687113302007, 53.025901258076026 ], [ -6.253640975885803, 53.025926288706749 ], [ -6.253632915222904, 53.025949270939044 ], [ -6.253559350552737, 53.026011021510271 ], [ -6.253447740936687, 53.026067898744557 ], [ -6.253366899309387, 53.026108868618813 ], [ -6.253235762911558, 53.026195571432098 ], [ -6.253011158752112, 53.026392270204212 ], [ -6.252864022047386, 53.026524939671553 ], [ -6.252798296105958, 53.026575209700276 ], [ -6.252493444991226, 53.027010907364961 ], [ -6.252488054859271, 53.027016490950167 ], [ -6.252411718432769, 53.027107144167651 ], [ -6.252391097470692, 53.02713809705353 ], [ -6.252313930373823, 53.027253930251277 ], [ -6.252226723922049, 53.027458310504734 ], [ -6.252186510119981, 53.027580055609107 ], [ -6.252140842334576, 53.027812372455173 ], [ -6.252110828873691, 53.028019390954931 ], [ -6.252094199045295, 53.028102201747629 ], [ -6.252066485933414, 53.028164175929966 ], [ -6.252007244323154, 53.028288158076975 ], [ -6.251948380152283, 53.028384550852778 ], [ -6.251900854591374, 53.028492435870064 ], [ -6.251870808083409, 53.028697206671332 ], [ -6.251849708713178, 53.028823637036695 ], [ -6.251866571174111, 53.028938761453894 ], [ -6.251858719977584, 53.028944398717861 ], [ -6.251845231892975, 53.029082104762722 ], [ -6.251841752374368, 53.029117631241391 ], [ -6.251819282212535, 53.029147232827576 ], [ -6.251810322601955, 53.029158966915283 ], [ -6.251839419300671, 53.029333415923546 ], [ -6.251659070428995, 53.029341371053746 ], [ -6.25115510983543, 53.029336117952568 ], [ -6.250991110919006, 53.029325975848032 ], [ -6.250727870542179, 53.029312935550422 ], [ -6.2506990118346, 53.029311971722763 ], [ -6.250563808573094, 53.029307376095296 ], [ -6.250301126420427, 53.029304859683656 ], [ -6.249937769863932, 53.029301400462309 ], [ -6.249914942947809, 53.029130189207997 ], [ -6.249909662337735, 53.029090560908507 ], [ -6.249872251320975, 53.028833112635553 ], [ -6.249834178857377, 53.028467520355356 ], [ -6.249813349737082, 53.028253102553599 ], [ -6.249776307035909, 53.02802001954494 ], [ -6.249734871371839, 53.02802768365693 ], [ -6.249369812144157, 53.028095204554695 ], [ -6.248880144538265, 53.028180667905218 ], [ -6.248390790377603, 53.028273505391766 ], [ -6.248262597733151, 53.028296246649994 ], [ -6.247975834742446, 53.02835404406418 ], [ -6.247518662244214, 53.028429463967171 ], [ -6.247495029327423, 53.028375453026548 ], [ -6.247387906040294, 53.028248571812306 ], [ -6.247249060873741, 53.028103424670022 ], [ -6.247114895564191, 53.027961133695889 ], [ -6.24760991784926, 53.027807351701405 ], [ -6.24736550726603, 53.027518178333551 ], [ -6.247362707523401, 53.027514865229719 ], [ -6.247307191651034, 53.027449183668736 ], [ -6.247298979627474, 53.02743944486042 ], [ -6.247261413462063, 53.027395475466612 ], [ -6.246764500558711, 53.02754140806568 ], [ -6.246664548714325, 53.027362137730748 ], [ -6.24660722757016, 53.027253517772536 ], [ -6.246593182959444, 53.027226883383854 ], [ -6.246449967758624, 53.026971380126064 ], [ -6.246358801913029, 53.026818036267187 ], [ -6.246279087915759, 53.026667378021166 ], [ -6.246252253934169, 53.026616555480601 ], [ -6.246234412775896, 53.02658348406424 ], [ -6.24621667912223, 53.026544750530178 ], [ -6.246368263481636, 53.026532746351741 ], [ -6.246401346150408, 53.02653012597046 ], [ -6.246546671689916, 53.026442561206586 ], [ -6.246560065343417, 53.026438376773399 ], [ -6.246739832785889, 53.026382218752254 ], [ -6.246916178878996, 53.026327111122811 ], [ -6.247208453170221, 53.026269577331909 ], [ -6.247573755970402, 53.026230467011935 ] ], [ [ -6.252028183830367, 53.027064483179196 ], [ -6.252108105782058, 53.027080694923633 ], [ -6.252391097470692, 53.02713809705353 ], [ -6.252028183830367, 53.027064483179196 ] ], [ [ -6.250890243510798, 53.027531110003444 ], [ -6.25088813011663, 53.027418427016329 ], [ -6.250887834507623, 53.027402668408257 ], [ -6.250890243510798, 53.027531110003444 ] ], [ [ -6.249704888633479, 53.02749991097383 ], [ -6.249674302327921, 53.027316022981879 ], [ -6.249685202330419, 53.02738155547636 ], [ -6.249704888633479, 53.02749991097383 ] ], [ [ -6.249526856592852, 53.027283035312905 ], [ -6.249349806487368, 53.027327388815344 ], [ -6.249502765442751, 53.027289070653076 ], [ -6.249526856592852, 53.027283035312905 ] ] ] ] } },
{ "type": "Feature", "properties": { "cdRbapsId": "AVO_2025_41", "color_id": 1 }, "geometry": { "type": "MultiPolygon", "coordinates": [ [ [ [ -6.246098278058292, 53.043322051256929 ], [ -6.245776580109986, 53.043201622351894 ], [ -6.245726350637031, 53.043160252329109 ], [ -6.24570760196894, 53.043113054648323 ], [ -6.245720274116298, 53.043055444278785 ], [ -6.245856922167166, 53.04290734825819 ], [ -6.245953807794289, 53.042820598586985 ], [ -6.245922144610504, 53.042758198692766 ], [ -6.245872013273983, 53.042766136874135 ], [ -6.245618331853287, 53.042806301487254 ], [ -6.245278999915793, 53.042656757820062 ], [ -6.245042953007878, 53.042568870685493 ], [ -6.24480619345248, 53.042501557244165 ], [ -6.244812718060713, 53.042495361545463 ], [ -6.244522364512326, 53.042439301256096 ], [ -6.244401076447966, 53.042436342445832 ], [ -6.244203573773556, 53.042462459931187 ], [ -6.24373192872786, 53.042303048464014 ], [ -6.243348537811179, 53.042160398073925 ], [ -6.243289400800474, 53.042035660498506 ], [ -6.243450708562479, 53.041834808159614 ], [ -6.243678482578298, 53.041551162916299 ], [ -6.244102590075673, 53.041070237312539 ], [ -6.244172861143423, 53.040978511070378 ], [ -6.244203643447622, 53.040962606344088 ], [ -6.244373787413306, 53.04083469142784 ], [ -6.244487531451051, 53.040802213914397 ], [ -6.245025331169476, 53.040983003636448 ], [ -6.245663149093841, 53.041196817006053 ], [ -6.246190171303711, 53.041385801762587 ], [ -6.246728655970539, 53.041571267819016 ], [ -6.246892028757937, 53.04180109006716 ], [ -6.24716228180486, 53.042191857928941 ], [ -6.247268086000815, 53.042330853962333 ], [ -6.247316595934611, 53.042402489409902 ], [ -6.247397755046435, 53.042533482759126 ], [ -6.247493149041686, 53.042665314101114 ], [ -6.247591582207514, 53.042785954453663 ], [ -6.247909430162953, 53.043262184654814 ], [ -6.248028019694706, 53.043371166783139 ], [ -6.248025584038256, 53.043388748458554 ], [ -6.248001822965758, 53.043443858681414 ], [ -6.247964627450126, 53.043499579965641 ], [ -6.247942753568733, 53.043532426378299 ], [ -6.247806848480899, 53.04365626571655 ], [ -6.247750240099339, 53.043708375172677 ], [ -6.24762975268051, 53.043797835547792 ], [ -6.247580559101687, 53.043830908565788 ], [ -6.247567535954127, 53.043839615341064 ], [ -6.247507975150406, 53.043879636527379 ], [ -6.247458023785541, 53.043873776118915 ], [ -6.247182454085532, 53.043759244141661 ], [ -6.247178722902429, 53.043757211672151 ], [ -6.24706485966287, 53.043695489135686 ], [ -6.2467839934732, 53.043538720959219 ], [ -6.246575588240385, 53.043439380406276 ], [ -6.246334703834282, 53.043318975906239 ], [ -6.246098278058292, 53.043322051256929 ] ] ], [ [ [ -6.249260479432497, 53.043594976756026 ], [ -6.249148723628165, 53.04365418499583 ], [ -6.249075307578544, 53.04371135088639 ], [ -6.249027537001448, 53.043830736386127 ], [ -6.249024920908791, 53.043837619052191 ], [ -6.2490133489157, 53.04386819041369 ], [ -6.248987581527876, 53.043936394562849 ], [ -6.24891823078165, 53.043975193690102 ], [ -6.248841420746482, 53.043997702668172 ], [ -6.248673233571115, 53.044010597536243 ], [ -6.248594070459136, 53.044026579279432 ], [ -6.248573640205311, 53.044030703489099 ], [ -6.248542735044609, 53.044046607533836 ], [ -6.248454131789907, 53.044099055123858 ], [ -6.248400191861626, 53.044121811635691 ], [ -6.248173812133684, 53.044189487870263 ], [ -6.248075577243773, 53.044224625190694 ], [ -6.24805735441942, 53.044231098176432 ], [ -6.248027775028334, 53.044241628489729 ], [ -6.24797713825143, 53.044301196624914 ], [ -6.24796531960002, 53.04432870814837 ], [ -6.247934505091425, 53.044342366235782 ], [ -6.247911564988549, 53.044346882113395 ], [ -6.247854292229766, 53.044339566637831 ], [ -6.247793355628997, 53.044334624065087 ], [ -6.247746914374098, 53.04436656829062 ], [ -6.247673715751971, 53.044412231192148 ], [ -6.247604490987135, 53.044441773215297 ], [ -6.247550836539561, 53.04444835326877 ], [ -6.247462836523024, 53.044461618053418 ], [ -6.247324360520353, 53.04451836350546 ], [ -6.247209418999537, 53.044540759841382 ], [ -6.247163356174357, 53.044554282896769 ], [ -6.246890905603343, 53.044635570415586 ], [ -6.246821714773361, 53.044658190407198 ], [ -6.246598472970806, 53.044769685052508 ], [ -6.246317509934073, 53.044896957926902 ], [ -6.246303402062994, 53.044905109259112 ], [ -6.246124628598085, 53.045008989232585 ], [ -6.246221163458955, 53.044921873731504 ], [ -6.246370308395427, 53.044787265359638 ], [ -6.246496141151765, 53.044693570544851 ], [ -6.246875380347192, 53.044402803343807 ], [ -6.247337324517106, 53.044098783080862 ], [ -6.24755792470973, 53.043955248019508 ], [ -6.247626531208425, 53.043910596156337 ], [ -6.247646874743582, 53.043897323186378 ], [ -6.247652180195131, 53.043893895821533 ], [ -6.247893948940706, 53.043737908296528 ], [ -6.248133412941561, 53.043568942830717 ], [ -6.248175928559995, 53.043530647753649 ], [ -6.248305456101894, 53.043591341531616 ], [ -6.24844264035292, 53.043587609259475 ], [ -6.248474970052666, 53.043585119155551 ], [ -6.248517170882803, 53.043581875554999 ], [ -6.249086303399084, 53.043538126402851 ], [ -6.249186460420508, 53.04353042712593 ], [ -6.249412993470031, 53.043504368213164 ], [ -6.249406765120225, 53.043524501665836 ], [ -6.24936797986374, 53.04355880633981 ], [ -6.249260479432497, 53.043594976756026 ] ] ], [ [ [ -6.246821048207537, 53.046832635775296 ], [ -6.246455161048039, 53.046566659532878 ], [ -6.24637151104269, 53.046518145574694 ], [ -6.246233876272102, 53.046384252434102 ], [ -6.246151605124449, 53.046313916479782 ], [ -6.245993717012141, 53.046163813765574 ], [ -6.245775479219272, 53.045976147468465 ], [ -6.245745646689647, 53.04595044874376 ], [ -6.24562454079242, 53.045857966200877 ], [ -6.245446866040412, 53.045698403444064 ], [ -6.245400580244525, 53.045656821836403 ], [ -6.245564484181998, 53.045537532948167 ], [ -6.245742147270975, 53.045373233482415 ], [ -6.245749718835814, 53.045365651860507 ], [ -6.245753560559631, 53.045361805696054 ], [ -6.245835475367299, 53.045280318320096 ], [ -6.245862268677377, 53.045253657055227 ], [ -6.245872906041514, 53.045243117567551 ], [ -6.245943440630933, 53.045229020206264 ], [ -6.245997299017583, 53.045218256114204 ], [ -6.246026869113392, 53.04518983805351 ], [ -6.246196112807278, 53.045026851926288 ], [ -6.246348195973455, 53.044934982511315 ], [ -6.246361061000734, 53.044927172390821 ], [ -6.24636193316435, 53.044926777170218 ], [ -6.246639517181955, 53.0448010318676 ], [ -6.246859116975666, 53.044691371056523 ], [ -6.246921328027339, 53.044670984287066 ], [ -6.246975369271284, 53.044654882356149 ], [ -6.247192530766237, 53.04459012863434 ], [ -6.247234237131472, 53.044577888749423 ], [ -6.247353766591824, 53.044554572155995 ], [ -6.247490367504005, 53.044498608009469 ], [ -6.247565493844396, 53.044487310771586 ], [ -6.247615564626599, 53.044481127337363 ], [ -6.24763138824347, 53.044479203228185 ], [ -6.247657176203451, 53.044468166824963 ], [ -6.247793475790805, 53.044425681613234 ], [ -6.247871542562901, 53.044423774692454 ], [ -6.247915059585439, 53.04438810203667 ], [ -6.247965026354136, 53.044378411390788 ], [ -6.248023523540271, 53.044352486327547 ], [ -6.248039539777245, 53.044315508771028 ], [ -6.248078040692549, 53.04427005453713 ], [ -6.248205475933329, 53.044224650937792 ], [ -6.248434100636824, 53.044156197836266 ], [ -6.248496550544965, 53.044129882226493 ], [ -6.248587547820732, 53.044076031691432 ], [ -6.248606896323592, 53.044066069668425 ], [ -6.248618676966676, 53.044063726351879 ], [ -6.248700236882132, 53.044209285181104 ], [ -6.248691021710483, 53.04426603440097 ], [ -6.248687612560833, 53.044287031780655 ], [ -6.248721986964044, 53.044367626776157 ], [ -6.248742691557965, 53.044454672903626 ], [ -6.248749352378677, 53.044599847901011 ], [ -6.248765925895631, 53.044731147619437 ], [ -6.248784730791398, 53.044837760789626 ], [ -6.248836681795607, 53.044970299568398 ], [ -6.248884827179841, 53.045108715627457 ], [ -6.248927617183725, 53.045151682564033 ], [ -6.24897130526433, 53.045172460103096 ], [ -6.249071773806793, 53.045209714499222 ], [ -6.249262842743497, 53.045263672882029 ], [ -6.24970353566152, 53.045423235704291 ], [ -6.249956186154453, 53.045514863225506 ], [ -6.250210814171584, 53.045597170312284 ], [ -6.250496960027664, 53.045709244004939 ], [ -6.250922613968812, 53.045408001890152 ], [ -6.251154085379481, 53.04525104739205 ], [ -6.251280208408781, 53.045162115773195 ], [ -6.251052405081218, 53.044997598928674 ], [ -6.250886317746, 53.044864371433832 ], [ -6.250875994032799, 53.044809478489015 ], [ -6.250819713632443, 53.044835346764621 ], [ -6.250735897795479, 53.044857664946989 ], [ -6.250612022874851, 53.044863752901556 ], [ -6.250546947743798, 53.044863784459039 ], [ -6.250495141444273, 53.044855112503463 ], [ -6.250250681217385, 53.044758752780332 ], [ -6.250174838654996, 53.044726985154774 ], [ -6.250247267397305, 53.044706388337254 ], [ -6.250320658050589, 53.044677175726491 ], [ -6.250410364134633, 53.044621776760778 ], [ -6.250564473710999, 53.044531281002563 ], [ -6.250802544537728, 53.044402648285249 ], [ -6.250846532849478, 53.044367430930357 ], [ -6.250873997074137, 53.044345362579477 ], [ -6.250823727972548, 53.04431999467969 ], [ -6.250823951134343, 53.044284132776326 ], [ -6.250847764459112, 53.044236752932036 ], [ -6.250854289966799, 53.044230556920489 ], [ -6.250891010370553, 53.044195591305566 ], [ -6.251003344774531, 53.044231400644172 ], [ -6.250991109564657, 53.044244973190388 ], [ -6.251022088514919, 53.044254597960062 ], [ -6.251078960297, 53.044277905616767 ], [ -6.251083545872266, 53.044274018087691 ], [ -6.251162811021122, 53.044294149458388 ], [ -6.25119887565032, 53.0442632198504 ], [ -6.251266957161908, 53.044298287460769 ], [ -6.251295945558518, 53.044317590516634 ], [ -6.251434151025061, 53.044230903752471 ], [ -6.251450117606492, 53.044222419602612 ], [ -6.251646736173556, 53.044127063494649 ], [ -6.25178339196416, 53.044066511106351 ], [ -6.251959243933444, 53.044131656950874 ], [ -6.25206918798214, 53.044144508466452 ], [ -6.252285322923362, 53.044220403783108 ], [ -6.252399002733286, 53.044308185331978 ], [ -6.252473960574792, 53.04438614053398 ], [ -6.252489718542056, 53.044385832752504 ], [ -6.252514017551931, 53.044385430240766 ], [ -6.252538588212316, 53.044385022726708 ], [ -6.252726277206556, 53.044267061398358 ], [ -6.252952870956388, 53.044123964930435 ], [ -6.253148092039465, 53.043999192408741 ], [ -6.253284152348018, 53.043916787411305 ], [ -6.253354592839535, 53.043911799576293 ], [ -6.253536274719214, 53.044003185345609 ], [ -6.253645379377267, 53.044058090341537 ], [ -6.253763218602995, 53.044088674651022 ], [ -6.253938612838975, 53.044104372963645 ], [ -6.253966453196253, 53.044112511820806 ], [ -6.254041987181614, 53.044139778220448 ], [ -6.254180516149389, 53.044188012814182 ], [ -6.254311050106551, 53.044245388990497 ], [ -6.254369093187951, 53.044303679465806 ], [ -6.254444243401868, 53.044376961287909 ], [ -6.254700929878275, 53.044594119731691 ], [ -6.25490602725013, 53.044760723274941 ], [ -6.255238443353575, 53.044988249824392 ], [ -6.255423211418194, 53.045134419894957 ], [ -6.255456271352752, 53.045217420472547 ], [ -6.255447733494565, 53.045279586691009 ], [ -6.255376068599199, 53.045461006364732 ], [ -6.255290688016031, 53.045543438098171 ], [ -6.25524384135865, 53.0456098961469 ], [ -6.255275656541175, 53.045702407254751 ], [ -6.255298550642578, 53.045769079379525 ], [ -6.255408783316611, 53.046036851343231 ], [ -6.255544949657511, 53.046159027064036 ], [ -6.255592253969874, 53.046215270902181 ], [ -6.255645457316207, 53.046286882642384 ], [ -6.255707740261704, 53.046340829318574 ], [ -6.25576832056606, 53.046418660490701 ], [ -6.255902259287224, 53.046492443905457 ], [ -6.255983123898605, 53.046537135063957 ], [ -6.256164363924854, 53.046612421621226 ], [ -6.25624046621768, 53.046656232910514 ], [ -6.256325026207361, 53.046670327113389 ], [ -6.256561885874923, 53.046784899358173 ], [ -6.256632156077186, 53.046961028671625 ], [ -6.256629052357993, 53.047037925907617 ], [ -6.256655220135523, 53.047160735058682 ], [ -6.256606471471109, 53.047252963730735 ], [ -6.25659341565482, 53.047277761376037 ], [ -6.256570256233533, 53.04732730915206 ], [ -6.256546433233275, 53.047356711987874 ], [ -6.256393135904825, 53.047546014006812 ], [ -6.256311035900468, 53.047662921525259 ], [ -6.256214280133451, 53.047740602996178 ], [ -6.255964389705197, 53.048012621827127 ], [ -6.255943791158461, 53.048071824761138 ], [ -6.255943512543305, 53.048072629643521 ], [ -6.255955916338388, 53.048124945901527 ], [ -6.255902686587288, 53.048133154803132 ], [ -6.255812726405835, 53.048155205809266 ], [ -6.255769238099029, 53.048165893622368 ], [ -6.255676099834025, 53.04815697737272 ], [ -6.255593220143433, 53.048149039348395 ], [ -6.255571933747182, 53.048147000458918 ], [ -6.255537497235582, 53.048143708949993 ], [ -6.255162037280905, 53.048107868008309 ], [ -6.254972297153834, 53.048089755356507 ], [ -6.254830509791907, 53.048076169725647 ], [ -6.254710779647936, 53.048064705293442 ], [ -6.254299735761734, 53.048028830242039 ], [ -6.254215309883254, 53.048023546244401 ], [ -6.254023708021169, 53.048070621053029 ], [ -6.253846394779975, 53.048114130141812 ], [ -6.253839809839262, 53.048115741290118 ], [ -6.253798128803613, 53.048127353771008 ], [ -6.253791784705456, 53.048129058337935 ], [ -6.2537869576113, 53.04812585496547 ], [ -6.25366227260416, 53.048043113161015 ], [ -6.253624050714781, 53.048017832595491 ], [ -6.253235751604139, 53.047760267404826 ], [ -6.253068382901655, 53.047649225989346 ], [ -6.252980862796711, 53.047693063850609 ], [ -6.252938173824584, 53.047714369742025 ], [ -6.252252597997576, 53.048057372703326 ], [ -6.251745566708022, 53.048311042616682 ], [ -6.251763652133073, 53.048320117210359 ], [ -6.251821894946445, 53.048349198174392 ], [ -6.251974879417557, 53.048447894515213 ], [ -6.252223379391242, 53.048590961240116 ], [ -6.252204122950496, 53.048604700389923 ], [ -6.252109114608706, 53.048687618496409 ], [ -6.251527254313717, 53.048656144714641 ], [ -6.251060023949103, 53.048616287422547 ], [ -6.250882722646039, 53.048592556242632 ], [ -6.250716570158637, 53.048557843877674 ], [ -6.250616438844884, 53.048524191324219 ], [ -6.250222006399605, 53.048351559386028 ], [ -6.250077697998229, 53.048299998464813 ], [ -6.24985725967727, 53.048229699644367 ], [ -6.249712730640123, 53.048189640357371 ], [ -6.249873866330819, 53.047953452046222 ], [ -6.249432580250884, 53.047440625431143 ], [ -6.249345074420352, 53.047408146340821 ], [ -6.249344370787434, 53.04740732701547 ], [ -6.249203971088699, 53.047456675757431 ], [ -6.248944943500568, 53.047540322875335 ], [ -6.248805688562664, 53.047585732148086 ], [ -6.248706370716335, 53.04758975371989 ], [ -6.248152098236553, 53.047576107283113 ], [ -6.247693180672747, 53.047562156214916 ], [ -6.247182713253934, 53.047545286441249 ], [ -6.24716403899095, 53.047544651694452 ], [ -6.247167446479464, 53.047521331698441 ], [ -6.247220013192833, 53.047159682002828 ], [ -6.247245039856788, 53.047124994593283 ], [ -6.247168251645523, 53.047083144867685 ], [ -6.247158068168996, 53.047075512726806 ], [ -6.246969710474981, 53.046934331980204 ], [ -6.246821048207537, 53.046832635775296 ] ], [ [ -6.24613601134779, 53.045357755448762 ], [ -6.246296061716084, 53.045269382377654 ], [ -6.246349974192348, 53.04523961353857 ], [ -6.24613601134779, 53.045357755448762 ] ] ], [ [ [ -6.252017190866445, 53.04875206457865 ], [ -6.252114365247481, 53.048773716837204 ], [ -6.252216344793304, 53.048813417594047 ], [ -6.252632658676228, 53.049084071451304 ], [ -6.252771501606905, 53.049176627440609 ], [ -6.252873447809218, 53.049244551126826 ], [ -6.252999582774954, 53.049325863379444 ], [ -6.253130248682728, 53.049425939086326 ], [ -6.253215180914814, 53.049482646579001 ], [ -6.253221167485004, 53.049486689452067 ], [ -6.253314950857596, 53.049534448440731 ], [ -6.25335445337563, 53.04954941018709 ], [ -6.253384744665898, 53.049560911799361 ], [ -6.253501034124738, 53.049593629839748 ], [ -6.253494086119066, 53.049677212849417 ], [ -6.253470524522901, 53.049727473211355 ], [ -6.253418940016028, 53.049837905680619 ], [ -6.253332540076906, 53.049984769735218 ], [ -6.253190999729971, 53.050232576817557 ], [ -6.253081751321545, 53.050381622821988 ], [ -6.252961004093027, 53.050525914783421 ], [ -6.252906046964657, 53.050801779053259 ], [ -6.252902807078751, 53.050818001604853 ], [ -6.252870294596189, 53.05114722875539 ], [ -6.252812804619094, 53.05127276483163 ], [ -6.252683419400719, 53.051581872760281 ], [ -6.252580037380847, 53.051813789747207 ], [ -6.252461020987814, 53.052067230086038 ], [ -6.252459647976569, 53.052198444249854 ], [ -6.252468776020438, 53.052273904036397 ], [ -6.252528967073198, 53.052473886967761 ], [ -6.252573557453688, 53.052566856045786 ], [ -6.25262547558368, 53.05267943786113 ], [ -6.252685684639657, 53.052784770850245 ], [ -6.252720979507007, 53.052906816031339 ], [ -6.252753094648014, 53.052979737125 ], [ -6.252646953525678, 53.053021322867799 ], [ -6.252441100314335, 53.053076365446323 ], [ -6.252191217836384, 53.053133997479179 ], [ -6.252188024412568, 53.053222039037209 ], [ -6.252179617922836, 53.053274679074391 ], [ -6.252162123157857, 53.053384713047976 ], [ -6.25206719190589, 53.05374205653019 ], [ -6.252077328766906, 53.053832091672611 ], [ -6.252079465561454, 53.053900887110615 ], [ -6.25208343745429, 53.054024629420134 ], [ -6.251744852568827, 53.054139652132626 ], [ -6.251591617677303, 53.054201668712309 ], [ -6.251464741321167, 53.054244747234627 ], [ -6.251375494320492, 53.054239749971188 ], [ -6.251358843318386, 53.05423770748164 ], [ -6.251355415313192, 53.054237297545612 ], [ -6.251350276197787, 53.054236592798638 ], [ -6.251315997462494, 53.054232313680323 ], [ -6.251240092057049, 53.054225984402862 ], [ -6.251128677544422, 53.05420862720419 ], [ -6.251094837389923, 53.054203354945784 ], [ -6.2510338479504, 53.054196345095015 ], [ -6.250881128352201, 53.054187897374959 ], [ -6.250768814902856, 53.054190380482467 ], [ -6.250494822287597, 53.054235519018484 ], [ -6.250173276501322, 53.054282114633985 ], [ -6.249891767311013, 53.054324444652629 ], [ -6.24987555006539, 53.054326902602334 ], [ -6.249386262659145, 53.054401679723171 ], [ -6.249311194291264, 53.054417203664187 ], [ -6.249166821908331, 53.054381910107722 ], [ -6.248942862542898, 53.054303648110753 ], [ -6.248589441198811, 53.054177457345816 ], [ -6.248301916464892, 53.054048992008575 ], [ -6.248295898640598, 53.054046303902233 ], [ -6.248227551527741, 53.05405383735949 ], [ -6.248143635738424, 53.054063028176351 ], [ -6.248001968066494, 53.054024806808926 ], [ -6.247819282983046, 53.054036227863151 ], [ -6.247599467671647, 53.053998473651106 ], [ -6.247463002590614, 53.053889677506639 ], [ -6.247410219074125, 53.053850248199666 ], [ -6.247253979252076, 53.053819452374618 ], [ -6.247024224566522, 53.053865952968245 ], [ -6.246955444980185, 53.053893254097332 ], [ -6.246917006020854, 53.053906619806419 ], [ -6.246691242415107, 53.053985089680566 ], [ -6.24666414555471, 53.053997903410426 ], [ -6.246625139232261, 53.05396766536834 ], [ -6.246581854188624, 53.053936735941107 ], [ -6.246458603799859, 53.053872268033274 ], [ -6.246398563284098, 53.053820686648848 ], [ -6.246395018912644, 53.053820095083012 ], [ -6.24636739398316, 53.053815642971614 ], [ -6.246158350695022, 53.05375503333866 ], [ -6.246121869816084, 53.053744427372621 ], [ -6.246076442893127, 53.053738993617607 ], [ -6.245838506413869, 53.053653688321226 ], [ -6.245618899124282, 53.053550315371183 ], [ -6.245544562314952, 53.053523601600261 ], [ -6.245454736247644, 53.053487490098753 ], [ -6.245391180472517, 53.053461923097956 ], [ -6.24539843849418, 53.05344072732845 ], [ -6.245440853062281, 53.053317399254134 ], [ -6.245442384147101, 53.053313017455423 ], [ -6.245488556266508, 53.053218328340499 ], [ -6.245587892809454, 53.053014311988662 ], [ -6.245614733044626, 53.052959337577121 ], [ -6.24572280520267, 53.052776484035377 ], [ -6.245766274353567, 53.052702878012127 ], [ -6.245778827474198, 53.052681580541204 ], [ -6.24603795231697, 53.052187518638931 ], [ -6.246165604567997, 53.051961717654152 ], [ -6.246245915936266, 53.05180793671154 ], [ -6.246326624140441, 53.051653442482426 ], [ -6.24634090068345, 53.051626057256698 ], [ -6.246362338976806, 53.051585924905922 ], [ -6.246445050702575, 53.051430561281222 ], [ -6.246511643287806, 53.051305521002469 ], [ -6.246554222507808, 53.051268936151828 ], [ -6.246601946995812, 53.051154045276057 ], [ -6.246618835695939, 53.051144136289835 ], [ -6.24664265447201, 53.051130195628936 ], [ -6.24664945869668, 53.051126251087602 ], [ -6.24667554405246, 53.051053468001555 ], [ -6.246743919186788, 53.050863286060746 ], [ -6.246797344809398, 53.05079584964318 ], [ -6.24686922989966, 53.050552507210554 ], [ -6.246923210633506, 53.050244091672198 ], [ -6.246924770381053, 53.050242047296841 ], [ -6.246927099395319, 53.050239205290943 ], [ -6.246944733190969, 53.050216992941827 ], [ -6.246951346198474, 53.050208641180902 ], [ -6.246957915610939, 53.050028604964382 ], [ -6.247011391943398, 53.049556767568809 ], [ -6.247009898022108, 53.049181377784038 ], [ -6.247037161154627, 53.048897647301395 ], [ -6.24703842989584, 53.048884542729319 ], [ -6.247046541593768, 53.048799898533403 ], [ -6.247099247271371, 53.048374251673877 ], [ -6.247123822529529, 53.048035470749909 ], [ -6.247129549492284, 53.047609401134224 ], [ -6.247129642570991, 53.047601043160675 ], [ -6.247129771882343, 53.047594842971471 ], [ -6.247152965339835, 53.047593207303066 ], [ -6.247214522323952, 53.047595103210412 ], [ -6.247302993348442, 53.047597665351411 ], [ -6.247693856472663, 53.047609177148047 ], [ -6.247950935284602, 53.047619166440391 ], [ -6.248598477465717, 53.047644434193899 ], [ -6.248720633709215, 53.047656659605188 ], [ -6.248796507403725, 53.047684742375822 ], [ -6.249006904066897, 53.047850894779039 ], [ -6.249224587205628, 53.048025513393284 ], [ -6.249363367319059, 53.048131465445138 ], [ -6.249467267260255, 53.048184410008112 ], [ -6.249572030843241, 53.048222086671643 ], [ -6.249692786901201, 53.048259818814302 ], [ -6.249875943858862, 53.048308984725082 ], [ -6.249996776843822, 53.048347886197192 ], [ -6.250170498740029, 53.048417407594101 ], [ -6.250424761247198, 53.048524338189267 ], [ -6.250611259645238, 53.048597373525872 ], [ -6.250830794325956, 53.048653634619001 ], [ -6.250998599026031, 53.048674889210091 ], [ -6.251264393898316, 53.048694617192425 ], [ -6.251637292452567, 53.048721672549142 ], [ -6.252017190866445, 53.04875206457865 ] ], [ [ -6.249171219745801, 53.050263556141587 ], [ -6.249176856501717, 53.050280342512245 ], [ -6.249169940704705, 53.050259745949297 ], [ -6.249171219745801, 53.050263556141587 ] ] ], [ [ [ -6.232137064926658, 53.012973498979363 ], [ -6.232134251988065, 53.013042310813098 ], [ -6.232133091534168, 53.0130706984678 ], [ -6.232129624923096, 53.013155500308308 ], [ -6.232122184802408, 53.013337502529247 ], [ -6.232242715464233, 53.013359968433335 ], [ -6.232281510477348, 53.013367196799294 ], [ -6.23236037093525, 53.013458796452781 ], [ -6.232416586502453, 53.0135239915368 ], [ -6.232412341952688, 53.013627838562741 ], [ -6.232491296794684, 53.01404501234591 ], [ -6.232556116594347, 53.014254605127334 ], [ -6.23255199846245, 53.014259128101131 ], [ -6.232569122087204, 53.014453719058665 ], [ -6.232573157710014, 53.0144993521914 ], [ -6.232572886322462, 53.014527033969735 ], [ -6.232572421742628, 53.014592554916817 ], [ -6.232558816204234, 53.014639723534486 ], [ -6.232642072777197, 53.014665949449132 ], [ -6.232745841142063, 53.01469859333509 ], [ -6.232696953960124, 53.014730764996635 ], [ -6.232674996772739, 53.014757892530639 ], [ -6.232641024800136, 53.014799866826294 ], [ -6.232570683571093, 53.014866686117998 ], [ -6.232519932083344, 53.014968493503446 ], [ -6.232489342105347, 53.015034195821315 ], [ -6.232451450869918, 53.015046935679571 ], [ -6.232422102812683, 53.015058184580859 ], [ -6.232396944440403, 53.015111293685351 ], [ -6.232380810499514, 53.015145121553651 ], [ -6.232360629995058, 53.015187698096568 ], [ -6.232322562605116, 53.015310008220467 ], [ -6.232314756350784, 53.015344589089061 ], [ -6.232313416070529, 53.015350321871921 ], [ -6.232314589583511, 53.015384765685212 ], [ -6.232324164088067, 53.015424189142266 ], [ -6.232328889164303, 53.015443945338482 ], [ -6.232327159846347, 53.015480233602581 ], [ -6.232285688976279, 53.015550449076443 ], [ -6.232268127345832, 53.015595131018941 ], [ -6.232226945036186, 53.015640271649524 ], [ -6.232196179736676, 53.015668129248105 ], [ -6.232112053444439, 53.01571424929211 ], [ -6.232033399152384, 53.015773843667297 ], [ -6.231976704835108, 53.015816505508248 ], [ -6.23190118622417, 53.015883607867124 ], [ -6.231826129311152, 53.015936424260232 ], [ -6.231722933992007, 53.015991878265382 ], [ -6.231643437177084, 53.01605703279337 ], [ -6.231518016148164, 53.016144965384434 ], [ -6.231402464229089, 53.016220010264398 ], [ -6.231193731148752, 53.016379152336512 ], [ -6.231182947256191, 53.01638735131688 ], [ -6.230912276557843, 53.016539908656554 ], [ -6.23088787307894, 53.016553477905887 ], [ -6.230790912375443, 53.016624754839874 ], [ -6.230745967348976, 53.016656624826197 ], [ -6.230660253103942, 53.016717461546072 ], [ -6.230538499785278, 53.016793762507611 ], [ -6.230497876015995, 53.01681913502555 ], [ -6.230487006029435, 53.016814389067093 ], [ -6.230482898974512, 53.016812620109668 ], [ -6.230462730152046, 53.016803780773969 ], [ -6.230373936787686, 53.016858728870631 ], [ -6.230249689406626, 53.016935891281868 ], [ -6.230118073367912, 53.017021841704413 ], [ -6.230079803226238, 53.017046800584254 ], [ -6.230054644254661, 53.017063774090161 ], [ -6.22998405432591, 53.017113611390869 ], [ -6.229822725200842, 53.01722751238399 ], [ -6.229731997094103, 53.017290610838032 ], [ -6.229628582250141, 53.017333295959091 ], [ -6.229602220317114, 53.01738863371596 ], [ -6.229576427005777, 53.017433103717536 ], [ -6.22941121228552, 53.017540935623224 ], [ -6.229374084844854, 53.017561955408958 ], [ -6.22934356602208, 53.017610759409479 ], [ -6.229314423029678, 53.017634955104086 ], [ -6.229253300623946, 53.017656516380342 ], [ -6.22917174879819, 53.017690627978858 ], [ -6.229136671368078, 53.017715633210244 ], [ -6.228946906130306, 53.017819503393824 ], [ -6.228862814133683, 53.017873621544581 ], [ -6.228804464745765, 53.017902505570675 ], [ -6.228765379916062, 53.017926282480119 ], [ -6.228721842003558, 53.017956735395501 ], [ -6.228715641967875, 53.017961047452658 ], [ -6.22850203913194, 53.018079572804069 ], [ -6.228307921432689, 53.018190568023016 ], [ -6.228142611154031, 53.018282576816027 ], [ -6.228085625070966, 53.01831417739232 ], [ -6.22795139484905, 53.018391727088691 ], [ -6.227757917792085, 53.018493023271837 ], [ -6.227708211258349, 53.018535967931903 ], [ -6.227598413254523, 53.018602286096204 ], [ -6.227512190565579, 53.018654304164883 ], [ -6.227366395731501, 53.018743996110665 ], [ -6.227320792825415, 53.018746821805443 ], [ -6.227179262807827, 53.018834418941779 ], [ -6.227159806713259, 53.018811207901237 ], [ -6.226912787116126, 53.018548198719344 ], [ -6.226907487311224, 53.018542546750226 ], [ -6.226861317675501, 53.018532117301405 ], [ -6.226819296686996, 53.018522625193029 ], [ -6.226820185703179, 53.018521919361895 ], [ -6.226837183252013, 53.018506172215567 ], [ -6.226872198968358, 53.018473706186121 ], [ -6.226904662415105, 53.018443538226826 ], [ -6.226892038109161, 53.018436608513831 ], [ -6.226798357875767, 53.018385683357558 ], [ -6.226773939404911, 53.018372555375933 ], [ -6.226717897433561, 53.01834214617044 ], [ -6.226381185041912, 53.018158967106594 ], [ -6.226342969397392, 53.018155520700603 ], [ -6.226124880914634, 53.0179846269994 ], [ -6.226089952601933, 53.017961005175984 ], [ -6.226116513296686, 53.017933895379578 ], [ -6.226509146582182, 53.017532921466987 ], [ -6.226795235902221, 53.017249061032629 ], [ -6.226881400646556, 53.017275358601459 ], [ -6.22693034212949, 53.01726632230109 ], [ -6.226959423761439, 53.01724902952175 ], [ -6.227245694848448, 53.016935275507507 ], [ -6.226734170379624, 53.016701311002457 ], [ -6.226615671336882, 53.016647139162401 ], [ -6.226656851454429, 53.01660523630725 ], [ -6.226805925017338, 53.016387504597667 ], [ -6.226929745236384, 53.016173980316303 ], [ -6.226943865955445, 53.01614138244684 ], [ -6.227008300295889, 53.015934073505598 ], [ -6.227028795411903, 53.015841974370225 ], [ -6.227038574781329, 53.015798345644264 ], [ -6.227066235880657, 53.015648375895957 ], [ -6.227075094086474, 53.015600238224664 ], [ -6.227087665068756, 53.015437549283554 ], [ -6.227067766874585, 53.015272218921204 ], [ -6.227093215955978, 53.015254170835256 ], [ -6.227068828118171, 53.015111425731256 ], [ -6.227044352074633, 53.014970835671576 ], [ -6.227034023172031, 53.014841962885477 ], [ -6.227025754423653, 53.014737839508221 ], [ -6.227032158395551, 53.014689575351582 ], [ -6.22733055805868, 53.014772227329203 ], [ -6.227419629313582, 53.014797464977683 ], [ -6.227517566166601, 53.014825351534583 ], [ -6.227815757219232, 53.014910156437878 ], [ -6.22793964316569, 53.014592811801926 ], [ -6.227927005741361, 53.014589207780425 ], [ -6.227550247955201, 53.014477884058635 ], [ -6.227204341389645, 53.014375648199838 ], [ -6.227140455213425, 53.01435680828434 ], [ -6.22713809246262, 53.014336458782331 ], [ -6.227141510296937, 53.014304059942582 ], [ -6.22716718236701, 53.014061656614679 ], [ -6.227205310597608, 53.013950224265869 ], [ -6.227212302561433, 53.013929564813736 ], [ -6.227251612230532, 53.013858241091469 ], [ -6.227258011787725, 53.013759100384966 ], [ -6.227228452489843, 53.013523603736949 ], [ -6.22719976972294, 53.013389692412701 ], [ -6.227180141990687, 53.013202793365139 ], [ -6.227172200956995, 53.013126629458931 ], [ -6.227478074025737, 53.013146651141177 ], [ -6.22771575448566, 53.013177969078441 ], [ -6.228101025703345, 53.013222273381366 ], [ -6.228489653061015, 53.013271660059587 ], [ -6.22867714194269, 53.013294947446127 ], [ -6.22882218915566, 53.013313018108633 ], [ -6.229056678135573, 53.013343301555508 ], [ -6.229271435944037, 53.013371035441224 ], [ -6.22937348394927, 53.013388555821415 ], [ -6.229382994369796, 53.013372427160235 ], [ -6.229403130513036, 53.013327962828079 ], [ -6.229466062379124, 53.013337080518504 ], [ -6.229486836353765, 53.013340086451969 ], [ -6.229587553230683, 53.013354080368082 ], [ -6.229741436967668, 53.013375517383501 ], [ -6.229755915862112, 53.013340138048093 ], [ -6.229807849321187, 53.013212551165246 ], [ -6.229903560266884, 53.013141616872268 ], [ -6.229912153736094, 53.013132846080715 ], [ -6.230076671400013, 53.012963520128899 ], [ -6.230202486120561, 53.012847819201234 ], [ -6.23024950188037, 53.01279530553655 ], [ -6.23027394460395, 53.012759714903183 ], [ -6.230313295710272, 53.012702233276919 ], [ -6.230402569382014, 53.012554258442556 ], [ -6.230471601764659, 53.012447330816457 ], [ -6.230527680819614, 53.012458682103279 ], [ -6.230759551999318, 53.012505728369014 ], [ -6.230844209030802, 53.0125216395192 ], [ -6.231211868961263, 53.012590749935519 ], [ -6.231266030017262, 53.012600904716983 ], [ -6.231660104872723, 53.012679395300864 ], [ -6.231829583842357, 53.012713196195087 ], [ -6.231989091242538, 53.012754935621402 ], [ -6.232235312442018, 53.012819364213883 ], [ -6.23226213450997, 53.012827762866586 ], [ -6.232206250295149, 53.012892820293729 ], [ -6.232137064926658, 53.012973498979363 ] ], [ [ -6.230204351352031, 53.014437887605482 ], [ -6.230195498966911, 53.014442819123204 ], [ -6.230019440498234, 53.014540903177831 ], [ -6.230204351352031, 53.014437887605482 ] ], [ [ -6.229389949288803, 53.014186325649341 ], [ -6.229576570705078, 53.014213871853528 ], [ -6.229364574418786, 53.014182579736051 ], [ -6.229389949288803, 53.014186325649341 ] ] ], [ [ [ -6.224928239981652, 53.032865625318173 ], [ -6.225228497881754, 53.033022735743373 ], [ -6.22563439495941, 53.033248836968646 ], [ -6.225918568646826, 53.033402469729694 ], [ -6.226092139301697, 53.033500249023326 ], [ -6.226137696141878, 53.033525917749934 ], [ -6.226059328982943, 53.033547579802075 ], [ -6.224866138751371, 53.033877460164057 ], [ -6.224419180432453, 53.033977214363972 ], [ -6.223965924971567, 53.034053591496622 ], [ -6.22317542991384, 53.034178232829134 ], [ -6.222920588276496, 53.034223593460787 ], [ -6.222845015527202, 53.03423702566095 ], [ -6.222805784121038, 53.034243001060808 ], [ -6.222096154551365, 53.034350955491746 ], [ -6.222035017172655, 53.034360288463702 ], [ -6.22169865385877, 53.034414135344775 ], [ -6.221307344077382, 53.034473272616246 ], [ -6.220869640871681, 53.034521107107864 ], [ -6.220067480707121, 53.034635934664564 ], [ -6.219227472716367, 53.034755852916454 ], [ -6.218365972373935, 53.034868972384011 ], [ -6.217709471400783, 53.034960739692252 ], [ -6.217710004638658, 53.034947811290536 ], [ -6.217635510710228, 53.034946693933058 ], [ -6.217637362926391, 53.034901788579262 ], [ -6.217562866099754, 53.034900671132284 ], [ -6.217564719841469, 53.034855766700566 ], [ -6.217490224587323, 53.034854649231107 ], [ -6.217492078438463, 53.034809743902493 ], [ -6.217417581776346, 53.034808626365859 ], [ -6.217419434172571, 53.034763721914651 ], [ -6.217344940536109, 53.034762605276185 ], [ -6.217346793078824, 53.03471769902977 ], [ -6.217272296544165, 53.034716582301805 ], [ -6.217281562365328, 53.034492055609221 ], [ -6.217207069202638, 53.034490938888368 ], [ -6.217208921870325, 53.034446032643267 ], [ -6.217134427299658, 53.034444915855239 ], [ -6.217136280002658, 53.034400010509856 ], [ -6.217061785514246, 53.034398893677015 ], [ -6.217063639816892, 53.034353987457109 ], [ -6.216989143920522, 53.034352870557107 ], [ -6.217002494907581, 53.0340294037494 ], [ -6.217043055323644, 53.034024518031984 ], [ -6.217485689720107, 53.033982344477948 ], [ -6.217959194198257, 53.03394009255679 ], [ -6.218191080226386, 53.033753634404526 ], [ -6.218370295286422, 53.033573938048541 ], [ -6.21862801937127, 53.033354248782587 ], [ -6.218833343492068, 53.033283975466247 ], [ -6.218822821625923, 53.033252807198785 ], [ -6.218824915229922, 53.033237827592743 ], [ -6.219105247965107, 53.032982700404823 ], [ -6.219287150089846, 53.032839087220772 ], [ -6.21930689624818, 53.032822484327994 ], [ -6.219457812942506, 53.032717508225886 ], [ -6.219527034378387, 53.032676117533356 ], [ -6.219719821292285, 53.032596577413457 ], [ -6.220022677947483, 53.03253486312358 ], [ -6.220235740371966, 53.032488523930844 ], [ -6.220283147790004, 53.032475121321141 ], [ -6.22067136853511, 53.032380076779013 ], [ -6.220898099390153, 53.032351199929138 ], [ -6.221006407915672, 53.0323550673792 ], [ -6.221191231614504, 53.032361337675312 ], [ -6.221436603771529, 53.032384512965407 ], [ -6.221667280083881, 53.032409176718751 ], [ -6.2217751639472, 53.032405395909251 ], [ -6.222842606737513, 53.032405622660299 ], [ -6.223035658509235, 53.032379294555426 ], [ -6.22291492792675, 53.03216014260957 ], [ -6.222908043954839, 53.032147300199831 ], [ -6.223156636720397, 53.032103196379403 ], [ -6.223557673478163, 53.032031262968985 ], [ -6.223942342110663, 53.031964396017706 ], [ -6.224128918482019, 53.031942387337523 ], [ -6.224223110358627, 53.031941901803521 ], [ -6.224261993281799, 53.031963366522319 ], [ -6.224387819668936, 53.032028705708235 ], [ -6.224392650757855, 53.032030845218905 ], [ -6.224472684234113, 53.032067366260577 ], [ -6.224473530774257, 53.032067738443629 ], [ -6.224588328765679, 53.032120148049422 ], [ -6.224647599768305, 53.032147190629473 ], [ -6.225041902230344, 53.032343907055996 ], [ -6.225240674118401, 53.032432806437804 ], [ -6.225294652575913, 53.032456982339973 ], [ -6.225547522754556, 53.032570148750061 ], [ -6.225018553527794, 53.032822568800576 ], [ -6.224984686309557, 53.032838693098313 ], [ -6.224928239981652, 53.032865625318173 ] ] ], [ [ [ -6.238824619225643, 53.036961746697799 ], [ -6.239102776319369, 53.036887483473691 ], [ -6.23933428948249, 53.03681396813365 ], [ -6.239649296602338, 53.036686496651683 ], [ -6.23992663742635, 53.036574826991405 ], [ -6.2399760303583, 53.036554884277656 ], [ -6.240110585694048, 53.036500426425803 ], [ -6.240260579521257, 53.036432264586942 ], [ -6.240426620978977, 53.036320384101991 ], [ -6.240492467686162, 53.036267875447081 ], [ -6.240538912557751, 53.036226675865777 ], [ -6.240593905179803, 53.036132658261884 ], [ -6.240652805501726, 53.036036271528907 ], [ -6.24071932540801, 53.035939997485094 ], [ -6.240759328907339, 53.035827421388717 ], [ -6.240810131866364, 53.035751679285951 ], [ -6.240929050232324, 53.035724763888737 ], [ -6.241055437403283, 53.03569562271138 ], [ -6.241247767946575, 53.035611545951802 ], [ -6.241309449115436, 53.035579739738836 ], [ -6.241474782793945, 53.035509285542119 ], [ -6.241690576430837, 53.035483263418271 ], [ -6.24176178649873, 53.035474158263227 ], [ -6.241918118592301, 53.035488874569666 ], [ -6.242185205565028, 53.035501990996323 ], [ -6.242284274214958, 53.035509477619222 ], [ -6.242448350144537, 53.035524306781696 ], [ -6.242577555224538, 53.035561901699388 ], [ -6.242776815782006, 53.035633969093723 ], [ -6.242972253407615, 53.035709305437273 ], [ -6.243047974290043, 53.035746559063504 ], [ -6.243213889837458, 53.035809953488247 ], [ -6.243378994160506, 53.035826774930953 ], [ -6.243669587737699, 53.035803201431847 ], [ -6.243733699185009, 53.035778410381795 ], [ -6.243757804246298, 53.035769088372014 ], [ -6.244046376080544, 53.035625755529438 ], [ -6.244355449170522, 53.035704295439139 ], [ -6.244635799341122, 53.035799669522966 ], [ -6.244882715096248, 53.035879447827007 ], [ -6.245266182168158, 53.036012925622579 ], [ -6.245437096963749, 53.036071446969054 ], [ -6.245672455376758, 53.03616031221565 ], [ -6.246093438446873, 53.03633317219419 ], [ -6.246431261978531, 53.036464175306655 ], [ -6.247000655460329, 53.036692703069299 ], [ -6.247230021934511, 53.036783903769887 ], [ -6.24742529556555, 53.036863635571848 ], [ -6.247656819078657, 53.036950192273821 ], [ -6.248028769541271, 53.037095177350054 ], [ -6.24815754371258, 53.037155770489612 ], [ -6.248374108666269, 53.037226105795355 ], [ -6.248761815262037, 53.03734354507074 ], [ -6.249078828380593, 53.037430009508306 ], [ -6.249290434954888, 53.037480135761236 ], [ -6.249427246042425, 53.037515498090215 ], [ -6.249453906698602, 53.037576923704762 ], [ -6.249452097280426, 53.037648896287827 ], [ -6.249411347294478, 53.037746992584061 ], [ -6.249343285975208, 53.037878664469694 ], [ -6.249188046440592, 53.0381766912692 ], [ -6.249032289454775, 53.038359925520801 ], [ -6.248832541081594, 53.038548173717437 ], [ -6.248664154122183, 53.038706142560486 ], [ -6.248601055145985, 53.038751685074665 ], [ -6.248461249530633, 53.038823512964065 ], [ -6.248301233433646, 53.038893246202058 ], [ -6.248142299253057, 53.038966589686858 ], [ -6.247896459453292, 53.039084135654413 ], [ -6.247669247188242, 53.039218495422105 ], [ -6.247628291155044, 53.039254834918133 ], [ -6.247537527234776, 53.039272823808695 ], [ -6.247530087099037, 53.039274332115546 ], [ -6.247367626944116, 53.039322364783196 ], [ -6.24699424367214, 53.039430568764416 ], [ -6.246692254132643, 53.039537397208285 ], [ -6.246424473369775, 53.03966800965118 ], [ -6.245890556095644, 53.039946247169574 ], [ -6.24586982203947, 53.039957087168723 ], [ -6.24543018035101, 53.040221611432138 ], [ -6.24506417538091, 53.040417378716441 ], [ -6.244755784597825, 53.040590624058098 ], [ -6.244413308412067, 53.040752039887529 ], [ -6.244137951654449, 53.040911389581296 ], [ -6.243997733040493, 53.041089812271117 ], [ -6.243841806464799, 53.04125523910357 ], [ -6.243545389393881, 53.041608702539087 ], [ -6.243501584573722, 53.041596999673061 ], [ -6.243490966758679, 53.041600977594918 ], [ -6.243469532317585, 53.041608871175093 ], [ -6.243415168725205, 53.041628891146786 ], [ -6.243407675417266, 53.041631656811184 ], [ -6.243375257042062, 53.04171198691779 ], [ -6.243209519052706, 53.041943155037735 ], [ -6.243173532603557, 53.041993229936097 ], [ -6.243002355062036, 53.042185666628157 ], [ -6.242900352263202, 53.042259035267698 ], [ -6.242713433799988, 53.042481530430159 ], [ -6.242633938408312, 53.042576085748699 ], [ -6.242539407122534, 53.042698553013722 ], [ -6.242494095974638, 53.042766197375364 ], [ -6.242419030162371, 53.042715561142529 ], [ -6.242266633942339, 53.04260346699558 ], [ -6.24211018867166, 53.042491132129399 ], [ -6.242059392819768, 53.042454696759101 ], [ -6.241856300999251, 53.042321897233627 ], [ -6.241852618221611, 53.042312674463567 ], [ -6.241846811356642, 53.042304229263749 ], [ -6.241699135121027, 53.042203170178531 ], [ -6.241686567364291, 53.042194625017288 ], [ -6.241580775880481, 53.042122230200839 ], [ -6.241424682724956, 53.04201646215445 ], [ -6.241356570349115, 53.041969867729563 ], [ -6.241333492383335, 53.041954080536065 ], [ -6.241214594825951, 53.041862255166428 ], [ -6.241078586464646, 53.041764693596946 ], [ -6.241062585373175, 53.041752861709561 ], [ -6.240852175786516, 53.041597570673623 ], [ -6.240750305907716, 53.041525592640909 ], [ -6.240731847189488, 53.041513724353997 ], [ -6.240659557543027, 53.041467531534799 ], [ -6.24060348324418, 53.041427870542719 ], [ -6.240490859185861, 53.041348182798863 ], [ -6.240157410367468, 53.041112329456041 ], [ -6.240028996780285, 53.041021710331904 ], [ -6.239825442300417, 53.040858339266414 ], [ -6.239610109719818, 53.040715377310967 ], [ -6.239500655584364, 53.040636454602307 ], [ -6.239225582912837, 53.040450361349819 ], [ -6.239114115468879, 53.040360531404779 ], [ -6.238887383038096, 53.040192590873176 ], [ -6.238701364305711, 53.040054826129321 ], [ -6.23834670796777, 53.039778473670445 ], [ -6.238317161823226, 53.039800237770336 ], [ -6.237781231173368, 53.03941180559908 ], [ -6.237058206184063, 53.038894396376271 ], [ -6.236872306375658, 53.038778113113068 ], [ -6.236893762709879, 53.038761711566323 ], [ -6.236690156372231, 53.038612177459065 ], [ -6.236454766198589, 53.038442845357871 ], [ -6.236284092638983, 53.038330292470945 ], [ -6.236180717498689, 53.038247410995631 ], [ -6.236129423765291, 53.038202335692858 ], [ -6.236198967731896, 53.038176940712319 ], [ -6.236323677190444, 53.038116858045605 ], [ -6.236543318506532, 53.038002991315267 ], [ -6.236904936945519, 53.037809702743374 ], [ -6.237177429290556, 53.037678551334793 ], [ -6.237443753543937, 53.037517645614201 ], [ -6.237543088095036, 53.037455387899819 ], [ -6.237783875710774, 53.037356664327092 ], [ -6.237938770378365, 53.037298195772649 ], [ -6.238051709686077, 53.037252138865483 ], [ -6.238067346087076, 53.03724571898281 ], [ -6.238134058308624, 53.037206723470973 ], [ -6.238176079115318, 53.037182161816453 ], [ -6.238289160711357, 53.037132601252274 ], [ -6.238632938905393, 53.037020570440227 ], [ -6.238686369034044, 53.037004192692827 ], [ -6.238824619225643, 53.036961746697799 ] ] ], [ [ [ -6.242730432023053, 53.04294667778742 ], [ -6.24256134730076, 53.042824449144696 ], [ -6.242599795611717, 53.04276829858825 ], [ -6.242682421892351, 53.04263612750357 ], [ -6.242786433494168, 53.042501305205356 ], [ -6.242800716983645, 53.042482820043368 ], [ -6.2428166584001, 53.042465887429387 ], [ -6.242915597230493, 53.042392292923779 ], [ -6.243064330149195, 53.042240604293248 ], [ -6.243209593728657, 53.042083470200645 ], [ -6.243246991629809, 53.042056157187503 ], [ -6.243250960411381, 53.042049294622032 ], [ -6.243298858038655, 53.042160023829581 ], [ -6.243351620068314, 53.04219954471597 ], [ -6.243503493016279, 53.042257967166933 ], [ -6.243666867783898, 53.042311885224734 ], [ -6.244113599246952, 53.042485042067561 ], [ -6.244140654006006, 53.042506384822715 ], [ -6.244209540417623, 53.042506323174116 ], [ -6.244292937206049, 53.042494251256798 ], [ -6.244458554375644, 53.042483932255998 ], [ -6.244548905158421, 53.042491467967537 ], [ -6.244640807622312, 53.042512239685649 ], [ -6.244770066496078, 53.042546057635903 ], [ -6.244859460220112, 53.042568050556632 ], [ -6.245047695135469, 53.042630782802853 ], [ -6.245386348753078, 53.04277276764499 ], [ -6.245509822779156, 53.042840026736926 ], [ -6.245657871337337, 53.04297155769023 ], [ -6.245680667726418, 53.042991759545728 ], [ -6.245649003464817, 53.043026347833241 ], [ -6.245633224905158, 53.043084721343718 ], [ -6.245660268835427, 53.043160895545789 ], [ -6.245660943087959, 53.04316181063848 ], [ -6.245688132791859, 53.043198699822888 ], [ -6.24594191346478, 53.043325587832989 ], [ -6.245978202923051, 53.043343740588455 ], [ -6.246054883819435, 53.043369860509202 ], [ -6.246300957032213, 53.043371511656574 ], [ -6.246679017689107, 53.043579330659959 ], [ -6.24694220636326, 53.04371094024458 ], [ -6.247032712582078, 53.043760183205443 ], [ -6.247095174727566, 53.04379418256925 ], [ -6.247402492896004, 53.043908463506121 ], [ -6.247398089030785, 53.04394120771105 ], [ -6.247096193218127, 53.044138913804524 ], [ -6.247028624048063, 53.044185288479106 ], [ -6.2464439238947, 53.0445859250434 ], [ -6.245956015284843, 53.044995896197179 ], [ -6.245788289046348, 53.045136701755915 ], [ -6.245766506620028, 53.045155077561546 ], [ -6.245689175872389, 53.045096408450661 ], [ -6.245350261561825, 53.0448392765813 ], [ -6.245288324787383, 53.044792340546607 ], [ -6.244947537625399, 53.044554145697191 ], [ -6.244899810221019, 53.044520812070054 ], [ -6.244896357877982, 53.044517974674108 ], [ -6.244668101070904, 53.044335012182238 ], [ -6.244556359107418, 53.044245363249281 ], [ -6.244386417329008, 53.044116743669242 ], [ -6.244330565781207, 53.044074481103067 ], [ -6.244313262112722, 53.044061372043174 ], [ -6.244303492288767, 53.044054857636588 ], [ -6.244211101453796, 53.043993257862134 ], [ -6.243842105593941, 53.043747271786607 ], [ -6.243541883050476, 53.043525311810441 ], [ -6.243219259093801, 53.043294660803255 ], [ -6.242778227125576, 53.042981270814451 ], [ -6.242730432023053, 53.04294667778742 ] ] ] ] } },
{ "type": "Feature", "properties": { "cdRbapsId": "AVO_2025_40", "color_id": 10 }, "geometry": { "type": "MultiPolygon", "coordinates": [ [ [ [ -6.326012518578661, 53.045551572919926 ], [ -6.326275826674551, 53.045489750923245 ], [ -6.326388423706351, 53.045469673183824 ], [ -6.326529189354556, 53.045741761024672 ], [ -6.326605324964929, 53.045935726888075 ], [ -6.326655319533693, 53.046061462187012 ], [ -6.32671053714688, 53.046147630112841 ], [ -6.326782296165474, 53.046330749039406 ], [ -6.326842726368979, 53.046511011119982 ], [ -6.327132418932949, 53.046501782996373 ], [ -6.327286401579246, 53.046493162475443 ], [ -6.327422287366152, 53.046475297935892 ], [ -6.327612745290081, 53.046455504937285 ], [ -6.327705905266634, 53.046425983535599 ], [ -6.327714511285695, 53.046454688673414 ], [ -6.327648307538389, 53.046496542824222 ], [ -6.327600058392959, 53.046538560408464 ], [ -6.327531093026057, 53.046610398853147 ], [ -6.327453220376275, 53.04667402151032 ], [ -6.327393550826122, 53.046728192582172 ], [ -6.327337744411037, 53.046819181571102 ], [ -6.327293496013539, 53.046900804431885 ], [ -6.32721469182472, 53.047020232947425 ], [ -6.327190720963859, 53.047108703408561 ], [ -6.327178260227109, 53.047179537734777 ], [ -6.327090258707686, 53.047304499532167 ], [ -6.326940161097367, 53.047476408129157 ], [ -6.326962652394672, 53.047527779728895 ], [ -6.327033529747384, 53.047625762824225 ], [ -6.327095298979917, 53.047707978785034 ], [ -6.327185862354963, 53.047818643605311 ], [ -6.327339582859922, 53.047991588462082 ], [ -6.327504352258521, 53.048158845984979 ], [ -6.327626833298131, 53.048280835257046 ], [ -6.327788159860949, 53.048381348853567 ], [ -6.327916689315654, 53.048420189019517 ], [ -6.327949333531029, 53.048412738094427 ], [ -6.328101674182847, 53.048414879521964 ], [ -6.328236724984366, 53.048336149668131 ], [ -6.328308766657956, 53.048216625458679 ], [ -6.328374972481162, 53.048174770069458 ], [ -6.328430022596864, 53.048128713071272 ], [ -6.328462000384002, 53.048109837326272 ], [ -6.328499090785352, 53.04819727854278 ], [ -6.328560779708607, 53.048303941132282 ], [ -6.328584925336944, 53.048341222907162 ], [ -6.328635875827104, 53.048420229939097 ], [ -6.328713447652566, 53.048520193627517 ], [ -6.328817616767269, 53.048644981303596 ], [ -6.328950094904995, 53.048804412538715 ], [ -6.329074687024469, 53.048945125874809 ], [ -6.329096101888571, 53.048986235101594 ], [ -6.329186541588525, 53.04910345814865 ], [ -6.329285707394232, 53.049268623060186 ], [ -6.329322930605424, 53.049330447916752 ], [ -6.329473143722932, 53.04959763109408 ], [ -6.329618888486957, 53.049872211708802 ], [ -6.32978429043868, 53.050157135190176 ], [ -6.329822355141151, 53.050222656946197 ], [ -6.329938594464199, 53.050439565603909 ], [ -6.329987464595407, 53.050645641013737 ], [ -6.330033473186671, 53.050788936069779 ], [ -6.330062919996278, 53.05091509943837 ], [ -6.33009072244659, 53.051033641790163 ], [ -6.329922679519156, 53.051035291342153 ], [ -6.329832382885725, 53.050997224860112 ], [ -6.329736449874881, 53.050948807182429 ], [ -6.329832384721023, 53.050997254547703 ], [ -6.329750019752003, 53.051008322277383 ], [ -6.329738911266267, 53.05100924490376 ], [ -6.329589545770074, 53.051022158092749 ], [ -6.329587992582267, 53.051062315468805 ], [ -6.329687777088238, 53.051281599901152 ], [ -6.329653675953836, 53.051301255118801 ], [ -6.329637571777105, 53.051310467722715 ], [ -6.329481289273603, 53.051400405285946 ], [ -6.329424546404232, 53.051496505452505 ], [ -6.329351380984617, 53.051565498626857 ], [ -6.32932770698809, 53.051744938334068 ], [ -6.329250978072775, 53.051823319249195 ], [ -6.329241243820913, 53.051833249563749 ], [ -6.329071363501605, 53.051924794185354 ], [ -6.329013610994003, 53.051999216957391 ], [ -6.328994916119026, 53.052037245944881 ], [ -6.328996318803404, 53.052093174589011 ], [ -6.32900456038166, 53.052344431614806 ], [ -6.328977321474815, 53.052418833598956 ], [ -6.328883438944487, 53.052565287169166 ], [ -6.32882887262234, 53.052649552003025 ], [ -6.328831885298515, 53.052705233611626 ], [ -6.32890602533219, 53.052801913907757 ], [ -6.328737222414936, 53.052833699242875 ], [ -6.328599480610652, 53.052867178276365 ], [ -6.328485716852976, 53.052872411791249 ], [ -6.328403797520539, 53.052840069852991 ], [ -6.328309819045312, 53.052839558093225 ], [ -6.32818936713755, 53.052855482548345 ], [ -6.327667489971404, 53.052924460092854 ], [ -6.327513913235146, 53.052960142124235 ], [ -6.327460567558099, 53.052990582802437 ], [ -6.327408300471741, 53.05306939638519 ], [ -6.327374320408245, 53.053117636772086 ], [ -6.327279617878864, 53.053154866331866 ], [ -6.327185231002999, 53.053174392146914 ], [ -6.327103343838187, 53.053144387655315 ], [ -6.327032571728899, 53.053154627841145 ], [ -6.326977467516282, 53.053160710988244 ], [ -6.32692062245028, 53.053166985346387 ], [ -6.326802621966637, 53.053195797241763 ], [ -6.326757778887481, 53.053181414149712 ], [ -6.326644468160886, 53.053155910045596 ], [ -6.326582004190414, 53.053139031890417 ], [ -6.32647836464612, 53.053124270932621 ], [ -6.326386082101903, 53.053130792493981 ], [ -6.326299281171277, 53.053170469445597 ], [ -6.326184879063156, 53.053211195194613 ], [ -6.326177054628085, 53.053215047193 ], [ -6.326175471487344, 53.053215826683711 ], [ -6.326099953819511, 53.053253235388837 ], [ -6.326028459351562, 53.053310654986014 ], [ -6.325965769667039, 53.053309143551466 ], [ -6.325735847249765, 53.053343210421957 ], [ -6.325648835022228, 53.053394658777236 ], [ -6.325609852623628, 53.053400491837827 ], [ -6.32558794679385, 53.05340377885301 ], [ -6.325552219738874, 53.053427186062926 ], [ -6.325479190471183, 53.05345752764589 ], [ -6.325265180527831, 53.053481031499544 ], [ -6.325117638488501, 53.053513289932248 ], [ -6.325013668266713, 53.05351973574912 ], [ -6.324947175698674, 53.053505226884091 ], [ -6.324893260974603, 53.053451974290482 ], [ -6.324879627991244, 53.053438659189801 ], [ -6.324771871352394, 53.053438040493084 ], [ -6.324573514110924, 53.053464009757029 ], [ -6.324189379318773, 53.053562686415084 ], [ -6.323931706388976, 53.053550876468968 ], [ -6.323910580005981, 53.053549949594554 ], [ -6.323742769760512, 53.053552798202553 ], [ -6.32356490086005, 53.05364997506782 ], [ -6.323559746815686, 53.053652778728029 ], [ -6.323391053317211, 53.053662535489501 ], [ -6.323201749410173, 53.053654923447567 ], [ -6.32311108803794, 53.053651308396944 ], [ -6.322926012362839, 53.05367737317345 ], [ -6.322834855530698, 53.053708715944737 ], [ -6.322831739289001, 53.053709750618857 ], [ -6.322754678802744, 53.053720260041047 ], [ -6.322688186741542, 53.053718423613304 ], [ -6.322642288724723, 53.053693237066817 ], [ -6.322639758712334, 53.053691853124654 ], [ -6.322638071540504, 53.053690930489516 ], [ -6.322490933517726, 53.053681035606594 ], [ -6.322485243506802, 53.053685000158922 ], [ -6.322415300158389, 53.053733990357784 ], [ -6.322364382360599, 53.053755653447773 ], [ -6.322319669154937, 53.053763293079058 ], [ -6.322301473799036, 53.053775620261021 ], [ -6.322274814475112, 53.053793580660731 ], [ -6.322263696352895, 53.053801064016817 ], [ -6.32221382537906, 53.053808450193053 ], [ -6.322177694934314, 53.053813694068069 ], [ -6.322174271578731, 53.053806813669667 ], [ -6.322168688359265, 53.053795319601477 ], [ -6.322096116803883, 53.053645984020584 ], [ -6.322083011703373, 53.053619103500431 ], [ -6.322044048837683, 53.05353891542471 ], [ -6.322024051774798, 53.053518408452426 ], [ -6.321964922925871, 53.053396767928511 ], [ -6.321935843084217, 53.053325918000112 ], [ -6.321910523208683, 53.053264227294093 ], [ -6.321896837250972, 53.053227001851901 ], [ -6.321869231940711, 53.053152186333762 ], [ -6.321833752615593, 53.052966521256259 ], [ -6.321811231268676, 53.052817891579018 ], [ -6.32181110588768, 53.05281159790281 ], [ -6.321808850200504, 53.052682849833211 ], [ -6.321814690107846, 53.052668730491604 ], [ -6.321874351952446, 53.052523327611631 ], [ -6.321874755119413, 53.052522434455575 ], [ -6.321921481524448, 53.05243131989883 ], [ -6.32197052347996, 53.05233754145781 ], [ -6.322032901864275, 53.052252041624563 ], [ -6.322088569607175, 53.052165097932466 ], [ -6.322112724644535, 53.05213236120931 ], [ -6.322322190512082, 53.051848848799672 ], [ -6.322476660790009, 53.051669817758565 ], [ -6.322624632527161, 53.051464807273064 ], [ -6.322772778917539, 53.051258450802237 ], [ -6.322895988415137, 53.051047877521896 ], [ -6.322999106655439, 53.050879447190582 ], [ -6.323105109208263, 53.050674744134376 ], [ -6.323198599794218, 53.050481728443557 ], [ -6.323227523191067, 53.050376879741442 ], [ -6.323277819564398, 53.050199974471184 ], [ -6.323318002715339, 53.050087104986602 ], [ -6.323386061518272, 53.04993750525616 ], [ -6.323348286730368, 53.049896434022173 ], [ -6.323229473809497, 53.049398139692656 ], [ -6.323163972632731, 53.049107963737342 ], [ -6.323026168204181, 53.048585581105897 ], [ -6.322923899825468, 53.048272863996573 ], [ -6.322748339199801, 53.047794712831816 ], [ -6.322526674755612, 53.047220900575553 ], [ -6.322342745305523, 53.046733551422456 ], [ -6.322883278516565, 53.04656257122781 ], [ -6.323228839110302, 53.046451490503408 ], [ -6.323695696342125, 53.046257894813181 ], [ -6.324175867672476, 53.046079316733767 ], [ -6.324478217155357, 53.045981555670018 ], [ -6.324762523503407, 53.045889112550284 ], [ -6.324806802184165, 53.045877147874656 ], [ -6.324952852670644, 53.045837681781293 ], [ -6.326012518578661, 53.045551572919926 ] ] ] ] } },
{ "type": "Feature", "properties": { "cdRbapsId": "AVO_2025_44", "color_id": 23 }, "geometry": { "type": "MultiPolygon", "coordinates": [ [ [ [ -6.258808714798122, 53.003837499651155 ], [ -6.258898767512543, 53.003706953219513 ], [ -6.259001333771576, 53.00353721995409 ], [ -6.259036389571136, 53.003518138189172 ], [ -6.259110133360807, 53.003392746824154 ], [ -6.259305390846302, 53.003054302875142 ], [ -6.259902053935771, 53.003136476088208 ], [ -6.259950009609609, 53.003102211483409 ], [ -6.260518036095985, 53.003175332513514 ], [ -6.261405871405752, 53.003299600008667 ], [ -6.261416618062295, 53.003289060750014 ], [ -6.2615876830452, 53.003120956210097 ], [ -6.261709909893622, 53.003045799314719 ], [ -6.261785892603924, 53.00299909099239 ], [ -6.261792108254804, 53.002997294267146 ], [ -6.261807775055511, 53.00299275847744 ], [ -6.261850789380541, 53.003001927421209 ], [ -6.262287123921261, 53.003141159027734 ], [ -6.262865383000024, 53.003366597794091 ], [ -6.263233721515188, 53.003531349538534 ], [ -6.263746236990384, 53.003744677665331 ], [ -6.263785369024288, 53.003764844259557 ], [ -6.263747169953787, 53.003840870914509 ], [ -6.26373167490583, 53.003883969585395 ], [ -6.263590838787207, 53.004015575597563 ], [ -6.263489319585568, 53.004113688103217 ], [ -6.26302805160701, 53.004007444378693 ], [ -6.262584428003958, 53.0043921515352 ], [ -6.262436895494566, 53.004503702789428 ], [ -6.262372648534103, 53.004542763887464 ], [ -6.262315790788908, 53.004563056030626 ], [ -6.262225297789329, 53.004588520215165 ], [ -6.262097841913714, 53.004628543936185 ], [ -6.261701083902184, 53.004754968244121 ], [ -6.261496605294916, 53.00484303448016 ], [ -6.261468340523263, 53.004855205178579 ], [ -6.261379321020918, 53.004886801609985 ], [ -6.261264547877412, 53.004929257961685 ], [ -6.261130619148087, 53.004952917552522 ], [ -6.261088922787624, 53.00497208257692 ], [ -6.261020386475322, 53.005026091150341 ], [ -6.260788432183678, 53.005161664343802 ], [ -6.260751970149275, 53.005145400018456 ], [ -6.260481047794785, 53.005027459285394 ], [ -6.260255587084995, 53.00492816036062 ], [ -6.259968901496153, 53.004801898040931 ], [ -6.259946088425073, 53.004791586820424 ], [ -6.25985489048792, 53.004742881264299 ], [ -6.259565672217833, 53.004594109417091 ], [ -6.259284678175895, 53.004445636139522 ], [ -6.259153033802751, 53.004378989850068 ], [ -6.258873316654728, 53.00426298397479 ], [ -6.258617706105746, 53.004164858275658 ], [ -6.258563646641477, 53.004146179147405 ], [ -6.258592943145513, 53.004056450934364 ], [ -6.258697135362906, 53.003968538796762 ], [ -6.258808714798122, 53.003837499651155 ] ] ], [ [ [ -6.258138355068167, 53.004059319376644 ], [ -6.258466148214843, 53.004165514612623 ], [ -6.258485864723734, 53.004237443376915 ], [ -6.258482198067283, 53.004316311267722 ], [ -6.258476849975178, 53.004430839221264 ], [ -6.258490766754035, 53.004576659999884 ], [ -6.258512890589504, 53.004814736708681 ], [ -6.258519389850759, 53.004885303333488 ], [ -6.258566711539884, 53.004885187520522 ], [ -6.25859129453935, 53.004885098171236 ], [ -6.258598346859846, 53.004954144831167 ], [ -6.258574252775861, 53.005012308514701 ], [ -6.258456036482841, 53.004966173256761 ], [ -6.25826837114187, 53.004892861874353 ], [ -6.258039928160209, 53.004803673020227 ], [ -6.258011664986772, 53.004791393966592 ], [ -6.25734215094146, 53.004531065678165 ], [ -6.257237432012716, 53.004656361456597 ], [ -6.257176779191574, 53.004789135359026 ], [ -6.257178407862244, 53.004885968136279 ], [ -6.257114870302597, 53.004983552536928 ], [ -6.257104263455459, 53.004999757172612 ], [ -6.257102691389751, 53.005002161045262 ], [ -6.257075731924675, 53.004981900137771 ], [ -6.25686507304592, 53.004844879878348 ], [ -6.2568585834224, 53.004850357653062 ], [ -6.25638183092106, 53.005253523091781 ], [ -6.256346077826744, 53.005283739709242 ], [ -6.256220504895161, 53.005386616824978 ], [ -6.256027412857647, 53.005551604195887 ], [ -6.255983943334322, 53.005575056856941 ], [ -6.255893139332027, 53.005681230124694 ], [ -6.255872570610527, 53.005712837872636 ], [ -6.255868172259445, 53.005788368284797 ], [ -6.255505137029679, 53.006065289040784 ], [ -6.255180668869575, 53.006315267836548 ], [ -6.255400065138146, 53.006479475804561 ], [ -6.255427623821392, 53.006500105422958 ], [ -6.255372925413941, 53.006591706371168 ], [ -6.255226822661747, 53.006773742118384 ], [ -6.255211493416109, 53.006793280364292 ], [ -6.255189649457489, 53.006821121937563 ], [ -6.255074065221844, 53.006968442917312 ], [ -6.255023405679476, 53.00703295834424 ], [ -6.254726660420631, 53.007381500003298 ], [ -6.254669405979861, 53.007454097188059 ], [ -6.254485021241325, 53.007667928969411 ], [ -6.254318793980089, 53.007842926714972 ], [ -6.254203070777372, 53.007929855886054 ], [ -6.254161528129189, 53.007975856197589 ], [ -6.254142343982696, 53.007997099464767 ], [ -6.254109924719683, 53.008032937301309 ], [ -6.254092141037508, 53.008065485400081 ], [ -6.253789589881183, 53.008411332807547 ], [ -6.253633657964148, 53.00858081711138 ], [ -6.253622002758572, 53.00857417412842 ], [ -6.253594016514702, 53.008558033013593 ], [ -6.253583926757178, 53.008552221994556 ], [ -6.253549846492638, 53.008528710596842 ], [ -6.253433024249984, 53.008447983006697 ], [ -6.253383372778107, 53.008353500818586 ], [ -6.253338411744772, 53.008328571108322 ], [ -6.253222900220449, 53.008279323521421 ], [ -6.253164331241001, 53.008262643088088 ], [ -6.25301187677185, 53.008239458725569 ], [ -6.252942794805381, 53.008221365302454 ], [ -6.252888892459216, 53.008159180254971 ], [ -6.252853073567471, 53.008102654077668 ], [ -6.252629315315311, 53.008034287391652 ], [ -6.252613520827446, 53.008029740733441 ], [ -6.252763963515152, 53.007892715769543 ], [ -6.252875613388487, 53.007791075822048 ], [ -6.252895928192708, 53.007771958992471 ], [ -6.253502554351469, 53.007200828153536 ], [ -6.253727948122241, 53.007003330245901 ], [ -6.253777667317562, 53.006977364398871 ], [ -6.253887968028309, 53.006881636169908 ], [ -6.254011769712638, 53.006798412391305 ], [ -6.254056116664258, 53.006768600416088 ], [ -6.254318507938886, 53.00661353245092 ], [ -6.254436312851699, 53.006523666603975 ], [ -6.254568571944847, 53.006407615153478 ], [ -6.254593288200549, 53.006385927201727 ], [ -6.254743918941067, 53.006250071050459 ], [ -6.254746982201861, 53.006247239668944 ], [ -6.254897095106525, 53.006112005825294 ], [ -6.255048673550735, 53.005983084419384 ], [ -6.255124461142515, 53.005917140953201 ], [ -6.255200129745459, 53.005866296524907 ], [ -6.255234229659241, 53.005837494159927 ], [ -6.255329666285624, 53.005756647307116 ], [ -6.255636057187578, 53.005497683052013 ], [ -6.255972227353659, 53.005216323849005 ], [ -6.256088375220296, 53.005124724250997 ], [ -6.256186906372998, 53.005024956187818 ], [ -6.256502079928558, 53.004721625036048 ], [ -6.256694096183263, 53.004564890636019 ], [ -6.257217957892419, 53.004105605768096 ], [ -6.257290419683029, 53.004012196091622 ], [ -6.257338849597402, 53.00384113133785 ], [ -6.257341151872473, 53.003832805695943 ], [ -6.257348461220783, 53.003806935811021 ], [ -6.257383251853645, 53.003815805157338 ], [ -6.257486992777386, 53.003845909436528 ], [ -6.257632830370906, 53.003883552698092 ], [ -6.258008195167188, 53.004026041211709 ], [ -6.258138355068167, 53.004059319376644 ] ] ], [ [ [ -6.258691405784621, 53.004889440848359 ], [ -6.258655979260623, 53.004862765177371 ], [ -6.258641904016945, 53.004852132257085 ], [ -6.258603233217494, 53.004829722673904 ], [ -6.258597825530061, 53.00481750887284 ], [ -6.258585875605689, 53.004790726720046 ], [ -6.258569757983146, 53.00459273901604 ], [ -6.258555812700552, 53.004356040511354 ], [ -6.25855677702855, 53.004347335706356 ], [ -6.258564052365688, 53.004279577535669 ], [ -6.258567290659149, 53.004260209619154 ], [ -6.258585522620141, 53.004246903007548 ], [ -6.258652022397283, 53.004228281926871 ], [ -6.258865948750626, 53.00432390947929 ], [ -6.259079662106751, 53.004421779768172 ], [ -6.259193566463424, 53.004477290192909 ], [ -6.259528156196448, 53.004643806401631 ], [ -6.259908912298749, 53.004838952763308 ], [ -6.25991301511049, 53.004849978887655 ], [ -6.259931416803355, 53.004899686337517 ], [ -6.259625563044099, 53.005164422058414 ], [ -6.259389279118123, 53.005098940799478 ], [ -6.259286253064134, 53.005063184972727 ], [ -6.259100561569336, 53.004998803416562 ], [ -6.258820933351196, 53.004901854559769 ], [ -6.258770672650862, 53.004892579299259 ], [ -6.25872121634879, 53.004909113942269 ], [ -6.258691405784621, 53.004889440848359 ] ] ] ] } },
{ "type": "Feature", "properties": { "cdRbapsId": "AVO_2025_45", "color_id": 2 }, "geometry": { "type": "MultiPolygon", "coordinates": [ [ [ [ -6.232483712852363, 53.006169844103333 ], [ -6.232495243790471, 53.006155364082332 ], [ -6.232586706124162, 53.006040498253824 ], [ -6.232641211539947, 53.005975870473115 ], [ -6.232732286172072, 53.005885539501207 ], [ -6.232801172272524, 53.005823910988468 ], [ -6.232917520286639, 53.005731618505401 ], [ -6.2330084579639, 53.005650632555756 ], [ -6.233107297901356, 53.005538663354798 ], [ -6.233215007818291, 53.005387005403932 ], [ -6.233338065979154, 53.00524474472266 ], [ -6.23340780359376, 53.00515014028209 ], [ -6.233438764920688, 53.005108263043418 ], [ -6.233507572158112, 53.005000341562742 ], [ -6.233524992524951, 53.00492887031433 ], [ -6.233518322872266, 53.004812276896594 ], [ -6.23349540891897, 53.004678183058154 ], [ -6.233484769503086, 53.004442159964654 ], [ -6.233476225059706, 53.004308279626038 ], [ -6.233483078300681, 53.004272876403732 ], [ -6.233435604028831, 53.004255720905974 ], [ -6.233418206370747, 53.004179148094458 ], [ -6.233412989380489, 53.004156419246968 ], [ -6.233389129943778, 53.004015390082166 ], [ -6.233385857754142, 53.003996195694256 ], [ -6.233375039258044, 53.003857877120133 ], [ -6.233393633942852, 53.003697434174086 ], [ -6.233440468765593, 53.00350756862828 ], [ -6.233511651041357, 53.003257120177629 ], [ -6.233615270218792, 53.002916547412156 ], [ -6.233691405828702, 53.002710307478601 ], [ -6.233745571734477, 53.002587606747362 ], [ -6.233749910176317, 53.002577692932398 ], [ -6.233805705092072, 53.002460229776865 ], [ -6.234248573875419, 53.00256955013851 ], [ -6.234426775562743, 53.002635657344065 ], [ -6.234667730697409, 53.002726966304834 ], [ -6.234692903027008, 53.002736508482712 ], [ -6.234944799597709, 53.002830765813158 ], [ -6.235185093934138, 53.002911186767513 ], [ -6.235492822685808, 53.003022631008257 ], [ -6.235818529682033, 53.003139284967766 ], [ -6.23587854596963, 53.003165344588957 ], [ -6.235904390022788, 53.003176514425348 ], [ -6.235985782557155, 53.003211789017897 ], [ -6.236063076193853, 53.003239093651231 ], [ -6.236218870382714, 53.003294259088882 ], [ -6.236318574365205, 53.003323513083046 ], [ -6.236477667788691, 53.003370098047412 ], [ -6.236504630457736, 53.003377958555618 ], [ -6.236592148846518, 53.003404695419476 ], [ -6.23730759903331, 53.003623035931582 ], [ -6.23757501401768, 53.003704663070494 ], [ -6.237870547627455, 53.003801987923381 ], [ -6.238290146996637, 53.003940071260558 ], [ -6.238933737866766, 53.004151943823878 ], [ -6.239043649487729, 53.004175054678868 ], [ -6.239061439755855, 53.004178823747296 ], [ -6.239150083122128, 53.004295732959847 ], [ -6.239264623202781, 53.004446732039263 ], [ -6.23940224296566, 53.004682927989883 ], [ -6.239504475817885, 53.004771003145571 ], [ -6.239483719761417, 53.004864269039949 ], [ -6.239524474835124, 53.004956018870338 ], [ -6.239467149803516, 53.004981506627985 ], [ -6.239467693900895, 53.004983222521496 ], [ -6.23948057326121, 53.00502008767976 ], [ -6.239624983828595, 53.005158944644009 ], [ -6.239730008480446, 53.005272050166248 ], [ -6.239778531208526, 53.00532094844521 ], [ -6.23984700833194, 53.005389917975492 ], [ -6.239959644948282, 53.005503225865162 ], [ -6.240059488752371, 53.005559445463149 ], [ -6.240119692676214, 53.005599167461881 ], [ -6.24022148616364, 53.005667910848125 ], [ -6.240329894454796, 53.005694863329353 ], [ -6.240714768748292, 53.005868469150954 ], [ -6.240774829095431, 53.00591475126835 ], [ -6.240977468740028, 53.006021210284771 ], [ -6.241052223012627, 53.006056742659219 ], [ -6.241120134481797, 53.006079231054009 ], [ -6.241128849875103, 53.006082506004724 ], [ -6.241173765990813, 53.006099260104008 ], [ -6.241209212265664, 53.006119200778002 ], [ -6.241495360245684, 53.006209185791235 ], [ -6.241692154272713, 53.006272051341739 ], [ -6.241903716894561, 53.006317599082131 ], [ -6.241946794686982, 53.006326873246515 ], [ -6.242090559362022, 53.006345807744822 ], [ -6.24222077070864, 53.006338384837797 ], [ -6.242293345651799, 53.006321750279987 ], [ -6.242490012053368, 53.006260747816626 ], [ -6.242693254884385, 53.006219347513046 ], [ -6.242793131988759, 53.006190171711268 ], [ -6.242882809305715, 53.006163991990569 ], [ -6.243105631334537, 53.006115599583758 ], [ -6.24333453084173, 53.006065858383948 ], [ -6.243379879586731, 53.006078033847714 ], [ -6.243605299100472, 53.006138173151555 ], [ -6.243821018938817, 53.00619205649329 ], [ -6.243933287297796, 53.006226973552721 ], [ -6.244066530650199, 53.006302289471492 ], [ -6.244172789637112, 53.006352038628613 ], [ -6.244229839421924, 53.006375712212026 ], [ -6.24437870360847, 53.00640227057071 ], [ -6.244446419089988, 53.006423584737647 ], [ -6.244586943885741, 53.006495143379759 ], [ -6.244672408779737, 53.006536404526678 ], [ -6.244857385564419, 53.006639270273467 ], [ -6.244998652208098, 53.00668045699377 ], [ -6.245009668930187, 53.006684574602318 ], [ -6.245033467232124, 53.006709914212649 ], [ -6.245060971039403, 53.006749960835855 ], [ -6.245133693465811, 53.00676604523661 ], [ -6.245215699015859, 53.00676231191219 ], [ -6.245402259905368, 53.006711042954514 ], [ -6.245411086837799, 53.006708566528815 ], [ -6.245421863562956, 53.006706478421577 ], [ -6.245430009110843, 53.006720800624329 ], [ -6.245436665934549, 53.006732405174361 ], [ -6.245410051792424, 53.006743158270048 ], [ -6.244902923956056, 53.006946639049296 ], [ -6.244788748242364, 53.006995020910615 ], [ -6.24445647039887, 53.00713591187202 ], [ -6.244004513407162, 53.007327439688055 ], [ -6.243971498098032, 53.007341423704069 ], [ -6.243796027130753, 53.007411599088144 ], [ -6.243341821942789, 53.007593245087328 ], [ -6.243253865057679, 53.007628440089491 ], [ -6.24311843375617, 53.007682618538503 ], [ -6.24281621121092, 53.007803455080143 ], [ -6.242368343483497, 53.008011935759413 ], [ -6.242077130546128, 53.008161158320135 ], [ -6.241963888757769, 53.008216652305705 ], [ -6.24184593269321, 53.008267132738361 ], [ -6.24174836567849, 53.008308925979208 ], [ -6.24171497007609, 53.008323173409799 ], [ -6.241511326758816, 53.008410408956316 ], [ -6.241019440684767, 53.008622008760803 ], [ -6.240816932589201, 53.008708450053362 ], [ -6.24047680296791, 53.008848315877586 ], [ -6.240421303115885, 53.008871134539255 ], [ -6.240345641502453, 53.008933296324024 ], [ -6.240176645707154, 53.009072097682882 ], [ -6.23981911809725, 53.009325232016621 ], [ -6.239578474190394, 53.009508994345744 ], [ -6.239322836918064, 53.009710781930558 ], [ -6.239220861142996, 53.009791249625515 ], [ -6.2391865383166, 53.009819145304199 ], [ -6.239044670196207, 53.009934527031852 ], [ -6.238899993474051, 53.010046361434554 ], [ -6.238795166608782, 53.010127415741231 ], [ -6.238789072546618, 53.010132179315491 ], [ -6.238674979768604, 53.010220377029704 ], [ -6.238666225553595, 53.010227078682931 ], [ -6.238573734443698, 53.010304000112846 ], [ -6.238408320411439, 53.01042999925474 ], [ -6.238066467195391, 53.010684078828376 ], [ -6.238038419277323, 53.010705776044986 ], [ -6.237891204439584, 53.010819459233282 ], [ -6.237713050279369, 53.010968459208591 ], [ -6.23724348622198, 53.011330846437211 ], [ -6.23701445852396, 53.0115004839978 ], [ -6.236743467196909, 53.011707431617936 ], [ -6.236656612413579, 53.011772570207945 ], [ -6.236309775655059, 53.01203376268375 ], [ -6.236065036338307, 53.012217726921975 ], [ -6.235937217490013, 53.012313718271358 ], [ -6.235694475288822, 53.012499868655674 ], [ -6.235681687662365, 53.012533117416183 ], [ -6.235652762643056, 53.012579250074353 ], [ -6.235604296605356, 53.01264037337544 ], [ -6.235535514924662, 53.012623982136411 ], [ -6.235261112084334, 53.012558696282156 ], [ -6.235026440332387, 53.012507842043611 ], [ -6.234851393994417, 53.01247486102622 ], [ -6.234808502465486, 53.01246865131008 ], [ -6.23479469459774, 53.012466667465937 ], [ -6.234794389378947, 53.012466623384611 ], [ -6.234635460406246, 53.012443790375272 ], [ -6.234378383027202, 53.012426938654173 ], [ -6.234117963097703, 53.012416689200933 ], [ -6.233937854685449, 53.012402328853845 ], [ -6.233720208909796, 53.01240116317102 ], [ -6.233621205581461, 53.012411467453063 ], [ -6.233424118801056, 53.012448629379541 ], [ -6.2333322555226, 53.012464702333709 ], [ -6.233229377164371, 53.012482589929718 ], [ -6.23298720416595, 53.012543170634046 ], [ -6.232957974090249, 53.01256062355484 ], [ -6.232899792155618, 53.012558590320829 ], [ -6.232825761453885, 53.012580411872612 ], [ -6.232683894591414, 53.012646977089233 ], [ -6.232675994717839, 53.012653780893146 ], [ -6.23266159880717, 53.012666150961223 ], [ -6.232577910566754, 53.012683694044526 ], [ -6.232522380618686, 53.012710014173287 ], [ -6.232517868742086, 53.012712104367814 ], [ -6.232383366304591, 53.012775902351649 ], [ -6.23226213450997, 53.012827762866586 ], [ -6.232235312442018, 53.012819364213883 ], [ -6.231829583842357, 53.012713196195087 ], [ -6.231660104872723, 53.012679395300864 ], [ -6.231266030017262, 53.012600904716983 ], [ -6.231211868961263, 53.012590749935519 ], [ -6.230844209030802, 53.0125216395192 ], [ -6.230759551999318, 53.012505728369014 ], [ -6.230527680819614, 53.012458682103279 ], [ -6.230471601764659, 53.012447330816457 ], [ -6.230402569382014, 53.012554258442556 ], [ -6.230313295710272, 53.012702233276919 ], [ -6.23027394460395, 53.012759714903183 ], [ -6.23024950188037, 53.01279530553655 ], [ -6.230202486120561, 53.012847819201234 ], [ -6.230076671400013, 53.012963520128899 ], [ -6.229912153736094, 53.013132846080715 ], [ -6.229903560266884, 53.013141616872268 ], [ -6.229807849321187, 53.013212551165246 ], [ -6.229755915862112, 53.013340138048093 ], [ -6.229741436967668, 53.013375517383501 ], [ -6.229587553230683, 53.013354080368082 ], [ -6.229486836353765, 53.013340086451969 ], [ -6.229466062379124, 53.013337080518504 ], [ -6.229403130513036, 53.013327962828079 ], [ -6.229387244670033, 53.013325658876802 ], [ -6.229300604350422, 53.013313132834476 ], [ -6.22909441835165, 53.013287141027071 ], [ -6.22872168471805, 53.013236824590571 ], [ -6.228682184785533, 53.01323183170993 ], [ -6.228119177360891, 53.013160251881864 ], [ -6.227730037831982, 53.013111395664858 ], [ -6.227351935172868, 53.013060185905353 ], [ -6.227162617580557, 53.013030577116652 ], [ -6.227145972011547, 53.012986823109948 ], [ -6.227096134838903, 53.012856191760271 ], [ -6.227032098190095, 53.012688135766048 ], [ -6.226981157447005, 53.012551466425904 ], [ -6.226918897583426, 53.012358088049133 ], [ -6.226886700799584, 53.012255944820403 ], [ -6.226844394866594, 53.012121561447074 ], [ -6.22681674768167, 53.012040339641047 ], [ -6.226784711356219, 53.011946289426177 ], [ -6.226745656716598, 53.011798560554908 ], [ -6.226738852304647, 53.011730683978058 ], [ -6.226894201987142, 53.011716191217516 ], [ -6.226997542174033, 53.01172006934334 ], [ -6.227200521753106, 53.011740085451436 ], [ -6.227459957475688, 53.011759234159349 ], [ -6.227900827973601, 53.011793222200176 ], [ -6.228440224022883, 53.011831642031304 ], [ -6.228974738261662, 53.011875200987042 ], [ -6.229025109967743, 53.011878827652254 ], [ -6.229446826365582, 53.011909377721629 ], [ -6.230170814859637, 53.011975707443334 ], [ -6.230551514870712, 53.012008340505965 ], [ -6.230595539025211, 53.012010883289456 ], [ -6.230597992954297, 53.012011009694888 ], [ -6.230680889150161, 53.012015838768967 ], [ -6.230729446631027, 53.012018718622677 ], [ -6.23074196458429, 53.011995174958237 ], [ -6.230747300957401, 53.011984916562078 ], [ -6.230747829227426, 53.011984025561681 ], [ -6.230755014505055, 53.011970649562045 ], [ -6.230763537336588, 53.011954596881274 ], [ -6.230619324824953, 53.011943282442857 ], [ -6.23061751262441, 53.011945502627675 ], [ -6.230556834111426, 53.011938397462743 ], [ -6.23054623633141, 53.011939048718126 ], [ -6.230539494866504, 53.011938588844195 ], [ -6.230187336888444, 53.011914380469833 ], [ -6.229459064907179, 53.011853649882156 ], [ -6.22898903688423, 53.01181420059411 ], [ -6.228986096621578, 53.011813977024993 ], [ -6.228451023104236, 53.011778050106813 ], [ -6.227906290925005, 53.011740899079882 ], [ -6.227463352717375, 53.011703374668059 ], [ -6.227205443428001, 53.011682990318469 ], [ -6.227018401340894, 53.011666987999085 ], [ -6.226892573199368, 53.011659987154523 ], [ -6.226764417461502, 53.011658794963964 ], [ -6.226739845433114, 53.011658518373757 ], [ -6.226746228497552, 53.011502838988861 ], [ -6.226776075714441, 53.011275508005461 ], [ -6.22679353873025, 53.011122420786364 ], [ -6.226818510716678, 53.011025983975472 ], [ -6.226832767827771, 53.01095104993594 ], [ -6.226865607515323, 53.010917562709096 ], [ -6.226929508406728, 53.010884987225239 ], [ -6.227055705739231, 53.010840936388014 ], [ -6.227302322435423, 53.010725872191465 ], [ -6.227715513911045, 53.010547223383092 ], [ -6.228155642860274, 53.010500030475853 ], [ -6.228251644644753, 53.010493910685852 ], [ -6.228415054272217, 53.010483580953746 ], [ -6.228892701493623, 53.010438652200605 ], [ -6.22912987111816, 53.010422050465657 ], [ -6.22920525610539, 53.01041813964077 ], [ -6.229316433320232, 53.01043462667289 ], [ -6.229323547887449, 53.010344935433743 ], [ -6.229382196073934, 53.010347516700101 ], [ -6.22939623244078, 53.010190781761068 ], [ -6.229364547234933, 53.0101540848582 ], [ -6.229340609883883, 53.010126313079148 ], [ -6.228803349370483, 53.009871208893806 ], [ -6.228908768774097, 53.009791160855734 ], [ -6.229328645340121, 53.009502853256684 ], [ -6.229749156071229, 53.00919891254334 ], [ -6.229798662912836, 53.009163515416354 ], [ -6.230004163993148, 53.009016552215542 ], [ -6.230202451243306, 53.008874604794947 ], [ -6.230495320972017, 53.008661975162902 ], [ -6.230587614276032, 53.008596202874735 ], [ -6.23075721468816, 53.008440344677922 ], [ -6.230926445788453, 53.008266413623581 ], [ -6.231097804206413, 53.008055479973535 ], [ -6.231328933199563, 53.007765435658293 ], [ -6.231456636245398, 53.007570031568932 ], [ -6.231640229104872, 53.00730921163138 ], [ -6.231857296373953, 53.007005203663539 ], [ -6.232084572705971, 53.006706920959431 ], [ -6.232100461007481, 53.006685044317891 ], [ -6.232283690002836, 53.006432937849375 ], [ -6.232483712852363, 53.006169844103333 ] ], [ [ -6.242855712735715, 53.006755411204608 ], [ -6.243092438831816, 53.006449516495714 ], [ -6.242915146236144, 53.006678611862533 ], [ -6.242855712735715, 53.006755411204608 ] ], [ [ -6.234989143673835, 53.007802499224645 ], [ -6.234978713118187, 53.007800978106658 ], [ -6.235005470183846, 53.007804880891079 ], [ -6.234989143673835, 53.007802499224645 ] ], [ [ -6.236157097145976, 53.011100157576429 ], [ -6.236033881294656, 53.011223749158844 ], [ -6.236108262761708, 53.011149140996046 ], [ -6.236157097145976, 53.011100157576429 ] ] ], [ [ [ -6.23019509303684, 53.0038455478157 ], [ -6.230087803340157, 53.003653298228521 ], [ -6.230059296234821, 53.003584109932454 ], [ -6.230001002435436, 53.003428904633665 ], [ -6.22996063585722, 53.003307135146535 ], [ -6.229862621126196, 53.003029450781959 ], [ -6.229778261838121, 53.002772463722742 ], [ -6.229704866035957, 53.002598966228661 ], [ -6.22967218554651, 53.002505625250869 ], [ -6.22958316162064, 53.002320659159935 ], [ -6.229474767825033, 53.002146550420861 ], [ -6.229470618682201, 53.002139837042222 ], [ -6.22936966110553, 53.001979232002192 ], [ -6.229332498668073, 53.001917374252386 ], [ -6.229318026537373, 53.001877608729622 ], [ -6.229302016193838, 53.001833414966313 ], [ -6.22999608574354, 53.001857952719078 ], [ -6.230400635195153, 53.001876199719824 ], [ -6.230686270465625, 53.001896361868823 ], [ -6.230696195672424, 53.001897048900318 ], [ -6.230824148752068, 53.001905514810922 ], [ -6.230959506732599, 53.001913191909026 ], [ -6.231038344985195, 53.001917600936139 ], [ -6.231369675300244, 53.001989406877691 ], [ -6.231666879632473, 53.00203922146931 ], [ -6.231949008433517, 53.002088092019278 ], [ -6.232002088400264, 53.002097330725405 ], [ -6.232296226358834, 53.002144041998129 ], [ -6.232357753176498, 53.002154125231613 ], [ -6.232453394386855, 53.002162378602002 ], [ -6.232434715564207, 53.002201471965613 ], [ -6.232421541248049, 53.002229140828412 ], [ -6.232074037864857, 53.002895885049178 ], [ -6.23345247786755, 53.003069005214556 ], [ -6.233437950538961, 53.003111754965509 ], [ -6.233354118792508, 53.003446240598812 ], [ -6.233286003811664, 53.003744913552651 ], [ -6.233277655944365, 53.003988475536012 ], [ -6.233228265935212, 53.004057314392441 ], [ -6.233231043914338, 53.004085579948487 ], [ -6.233236759001293, 53.004144271592871 ], [ -6.233257110853243, 53.00435913603004 ], [ -6.233246647291316, 53.004552149599974 ], [ -6.233229599453606, 53.004746862141097 ], [ -6.233227334833082, 53.00492570563555 ], [ -6.233242964371656, 53.005021488737668 ], [ -6.233246395381887, 53.005108999900628 ], [ -6.233246609128464, 53.005112778297601 ], [ -6.233249293414675, 53.005131335644734 ], [ -6.233249671124234, 53.005134127730059 ], [ -6.23325627737041, 53.005179977980397 ], [ -6.233091408668966, 53.005413124049504 ], [ -6.232908886454236, 53.005630096745492 ], [ -6.232811429200101, 53.005714220715916 ], [ -6.23280084480779, 53.005723592222331 ], [ -6.23256551843131, 53.005647643934246 ], [ -6.232251104946521, 53.005549127233998 ], [ -6.232156579472902, 53.00551940664004 ], [ -6.231763193593419, 53.005948792657229 ], [ -6.232085862820215, 53.006076916971089 ], [ -6.232360539789422, 53.006176462133013 ], [ -6.232288503411489, 53.00627004304193 ], [ -6.231999931852107, 53.006654785812053 ], [ -6.231982763493256, 53.006677900912585 ], [ -6.231737377550403, 53.007007285263683 ], [ -6.231531940166996, 53.00729438763338 ], [ -6.231344781181195, 53.007564232862912 ], [ -6.231229984576915, 53.007732592433022 ], [ -6.231085694723546, 53.007921816110915 ], [ -6.230969459647768, 53.008056177049468 ], [ -6.230857889061608, 53.008187640142253 ], [ -6.230723240348751, 53.008333412046468 ], [ -6.230614939601385, 53.008435980220767 ], [ -6.23047122388725, 53.008556987189955 ], [ -6.230390321266445, 53.008620772560853 ], [ -6.230177362520519, 53.008778861177589 ], [ -6.229907338043612, 53.008970795896303 ], [ -6.229838471159507, 53.009019748194369 ], [ -6.229445783700344, 53.00929560874264 ], [ -6.229169146369161, 53.009495803646828 ], [ -6.228885203276027, 53.009703259754083 ], [ -6.228612567821652, 53.009889669624741 ], [ -6.228322511034337, 53.010099190589948 ], [ -6.228066199423579, 53.01025905638592 ], [ -6.227646099609449, 53.010006502865714 ], [ -6.227781632838225, 53.009863534042054 ], [ -6.228060426401598, 53.009490880121845 ], [ -6.228340378701217, 53.009158872291543 ], [ -6.228563649938934, 53.008893255090811 ], [ -6.228884411615458, 53.008392865252738 ], [ -6.229078685814311, 53.008126815128946 ], [ -6.229112930441254, 53.008079954273335 ], [ -6.229194985561166, 53.007973041542222 ], [ -6.229363527297854, 53.00780404614666 ], [ -6.229515231253079, 53.007674080051203 ], [ -6.229706827283006, 53.007491315356788 ], [ -6.229795399384398, 53.007396274351358 ], [ -6.229835983822823, 53.007347620076182 ], [ -6.229933035461309, 53.007180525689414 ], [ -6.230021976759136, 53.007022388989348 ], [ -6.230089635278947, 53.006888744884066 ], [ -6.230142159158971, 53.006848627666315 ], [ -6.23012596167142, 53.006829959864788 ], [ -6.230167193903116, 53.006732416117941 ], [ -6.230192278494473, 53.006699081301697 ], [ -6.230204339901515, 53.006638586749993 ], [ -6.23034498888256, 53.006373084597598 ], [ -6.230426130822417, 53.006219235927574 ], [ -6.230499876775176, 53.006062940081087 ], [ -6.23054534610533, 53.005939841690257 ], [ -6.230572951742569, 53.005802814708737 ], [ -6.2305950057638, 53.005636221511985 ], [ -6.230613309477101, 53.00552826910225 ], [ -6.230634585089386, 53.005431776469948 ], [ -6.230675090334063, 53.005213682482619 ], [ -6.230705828224717, 53.005027083074545 ], [ -6.230734021739554, 53.004824536824025 ], [ -6.230735409116081, 53.004745545666673 ], [ -6.230692820073191, 53.004536821602755 ], [ -6.230649457048135, 53.004398109180713 ], [ -6.230623585570522, 53.004336510706949 ], [ -6.230589059333694, 53.00423415393206 ], [ -6.230455907087205, 53.004208441256104 ], [ -6.230424815848187, 53.004169327390692 ], [ -6.230321357949701, 53.004033584539265 ], [ -6.230232353891295, 53.003905068782359 ], [ -6.23019509303684, 53.0038455478157 ] ] ], [ [ [ -6.218205102546574, 53.010837167125615 ], [ -6.218288725957575, 53.010588531829846 ], [ -6.218389878063653, 53.010245597820621 ], [ -6.21864073088941, 53.010129626188558 ], [ -6.21884645384683, 53.010017111816779 ], [ -6.21904513058139, 53.009842829524032 ], [ -6.219395906746372, 53.010171769499394 ], [ -6.219560771309489, 53.01031122792331 ], [ -6.219750739906998, 53.010456004854355 ], [ -6.219875868838634, 53.010551541735154 ], [ -6.220044320299665, 53.010735367112723 ], [ -6.220041278419671, 53.010761479385778 ], [ -6.219865711041087, 53.010846131339079 ], [ -6.219886748924237, 53.010869548004798 ], [ -6.220059416941077, 53.011031594104409 ], [ -6.220147640138728, 53.011113004432502 ], [ -6.220206604482915, 53.011155685142654 ], [ -6.220243632416729, 53.011166935897002 ], [ -6.220374552472085, 53.011223367588471 ], [ -6.220466225109775, 53.011259796271702 ], [ -6.220680534194769, 53.011377790300124 ], [ -6.220494784933606, 53.011566470808795 ], [ -6.220242862256265, 53.011857712188871 ], [ -6.220203609981707, 53.011906473079463 ], [ -6.2199871081398, 53.011761119049922 ], [ -6.219940097623394, 53.01172958423475 ], [ -6.21971518622833, 53.011561632214779 ], [ -6.21962890479376, 53.011507665969468 ], [ -6.219593128636567, 53.011522770455407 ], [ -6.219577648449709, 53.011528561026068 ], [ -6.21932931643036, 53.011299092599849 ], [ -6.219315717313835, 53.01128652596406 ], [ -6.219226621127514, 53.01131889890042 ], [ -6.218857586096068, 53.011457012028494 ], [ -6.218830011334984, 53.011466935857612 ], [ -6.219164038845809, 53.011722277327593 ], [ -6.219230795934501, 53.011695141900731 ], [ -6.219268288124276, 53.011704062866308 ], [ -6.219338287686107, 53.011825022272212 ], [ -6.219412578594002, 53.011811931951229 ], [ -6.219479481774383, 53.011803691773601 ], [ -6.219644228259296, 53.011783401418271 ], [ -6.219648350873308, 53.011790743940736 ], [ -6.219655799562956, 53.011803888990805 ], [ -6.219874980979761, 53.011785598117896 ], [ -6.21993397209947, 53.011797807004584 ], [ -6.220084240852843, 53.011897854771597 ], [ -6.220365314011072, 53.012075185906731 ], [ -6.220635392196571, 53.012209115612947 ], [ -6.220994237197809, 53.012384463093113 ], [ -6.221370474635049, 53.012585328588138 ], [ -6.220904936236834, 53.012729554836483 ], [ -6.220505258512061, 53.012871348440584 ], [ -6.220400404102324, 53.012913195029626 ], [ -6.220330677885646, 53.012934803610861 ], [ -6.220085824673168, 53.013051048424515 ], [ -6.219878264610672, 53.013139267264457 ], [ -6.219640014427809, 53.013235384721177 ], [ -6.219405746072665, 53.013369135598339 ], [ -6.219015135932738, 53.013577038368517 ], [ -6.218761139425165, 53.013762896180047 ], [ -6.218544191732189, 53.013658072525217 ], [ -6.218268015191854, 53.013543821709987 ], [ -6.21798649622227, 53.013419063359969 ], [ -6.217741023951247, 53.013323429416197 ], [ -6.217487614405084, 53.013220574043999 ], [ -6.217510404514716, 53.013135881472849 ], [ -6.217543981446313, 53.013001194051434 ], [ -6.217554425532164, 53.012959552594296 ], [ -6.21762310774827, 53.012772446595449 ], [ -6.217647591637258, 53.012692895715624 ], [ -6.217661853813824, 53.012646555599964 ], [ -6.217749772429547, 53.012383333628975 ], [ -6.217810267382539, 53.012180105025358 ], [ -6.217870929228561, 53.011939935614265 ], [ -6.217871599894219, 53.0119385973722 ], [ -6.217936842566176, 53.011805013669118 ], [ -6.217976591385922, 53.011657743751243 ], [ -6.21798464670281, 53.011623347240871 ], [ -6.21799255613812, 53.011589488760151 ], [ -6.217996426868305, 53.011573096679804 ], [ -6.218011506234289, 53.011508423868221 ], [ -6.218067187851807, 53.01135033669869 ], [ -6.218089719040377, 53.011276324013593 ], [ -6.218089932782553, 53.011275621609393 ], [ -6.218174519996629, 53.010997697904052 ], [ -6.218205102546574, 53.010837167125615 ] ], [ [ -6.218319280947831, 53.012036902798194 ], [ -6.218270225405525, 53.012007313272527 ], [ -6.218104084719192, 53.011913676902644 ], [ -6.21806678130379, 53.011927051103477 ], [ -6.218038835930852, 53.011945957828239 ], [ -6.217940915954212, 53.011995546521653 ], [ -6.217902960896387, 53.012030663392594 ], [ -6.217853377692825, 53.012133201362218 ], [ -6.217847851555135, 53.012174825778942 ], [ -6.217876632551695, 53.012210223854829 ], [ -6.217945686218271, 53.012276517239513 ], [ -6.218088813117034, 53.012346976888544 ], [ -6.218204078977595, 53.01225234532388 ], [ -6.218423778577462, 53.012135007471009 ], [ -6.218340000992666, 53.012053123168712 ], [ -6.218319280947831, 53.012036902798194 ] ] ] ] } },
{ "type": "Feature", "properties": { "cdRbapsId": "AVO_2025_42", "color_id": 11 }, "geometry": { "type": "MultiPolygon", "coordinates": [ [ [ [ -6.256687829093655, 53.003570643520355 ], [ -6.256445674082442, 53.003507856681651 ], [ -6.256252280542292, 53.003458009938839 ], [ -6.255886614812023, 53.003355657326885 ], [ -6.256021517009287, 53.003143164901743 ], [ -6.256083973155534, 53.003044935096128 ], [ -6.256229707558466, 53.002835028252164 ], [ -6.256524005035988, 53.002384514528622 ], [ -6.256660517241476, 53.002403325096822 ], [ -6.256858222427112, 53.002431482034673 ], [ -6.256918894090359, 53.002453765359135 ], [ -6.257002622705139, 53.002486363134651 ], [ -6.257037002663832, 53.00250232845724 ], [ -6.257086194092348, 53.002538105145803 ], [ -6.257231924613825, 53.002617904763035 ], [ -6.257494263242828, 53.002783637378514 ], [ -6.257607390917665, 53.002867452056215 ], [ -6.257561666035828, 53.002956130298053 ], [ -6.257510178576074, 53.003120768440702 ], [ -6.257502019781633, 53.003155525490655 ], [ -6.257493730752631, 53.003193515624986 ], [ -6.257469000087328, 53.003307130277413 ], [ -6.257305766925792, 53.003277322437803 ], [ -6.256941118857919, 53.003210673598815 ], [ -6.256785759344162, 53.003476529868053 ], [ -6.256725171164851, 53.0035802704612 ], [ -6.256687829093655, 53.003570643520355 ] ] ], [ [ [ -6.258898767512543, 53.003706953219513 ], [ -6.258808714798122, 53.003837499651155 ], [ -6.258697135362906, 53.003968538796762 ], [ -6.258592943145513, 53.004056450934364 ], [ -6.258563646641477, 53.004146179147405 ], [ -6.258231811712583, 53.004030486948025 ], [ -6.257953254417533, 53.003925461942679 ], [ -6.258049618131762, 53.003574155373435 ], [ -6.258073580093723, 53.003491810541803 ], [ -6.257592039152333, 53.003364573884234 ], [ -6.257584403933028, 53.00333749621003 ], [ -6.257644924042202, 53.003189619313318 ], [ -6.257778428440259, 53.002819351992706 ], [ -6.258462714862396, 53.002928883433597 ], [ -6.259305390846302, 53.003054302875142 ], [ -6.259110133360807, 53.003392746824154 ], [ -6.259036389571136, 53.003518138189172 ], [ -6.259001333771576, 53.00353721995409 ], [ -6.258898767512543, 53.003706953219513 ] ] ], [ [ [ -6.254002689430723, 53.005272629209976 ], [ -6.254171616510753, 53.00502135748664 ], [ -6.254216335129863, 53.004954778580455 ], [ -6.254429150946082, 53.004648330899549 ], [ -6.254612311606142, 53.004421897184649 ], [ -6.254686949309661, 53.004338678115822 ], [ -6.254863410337651, 53.00415942656506 ], [ -6.254887953748378, 53.004135966162472 ], [ -6.255018775576254, 53.004021751966143 ], [ -6.255149190380686, 53.003935936507212 ], [ -6.255436591401104, 53.003711749573363 ], [ -6.255460677768371, 53.003699608873674 ], [ -6.255832697311628, 53.003403585394892 ], [ -6.25584877964496, 53.003407057228827 ], [ -6.256035423682688, 53.003468851236576 ], [ -6.25628632849488, 53.00352799204191 ], [ -6.256800696979989, 53.003654815585747 ], [ -6.256902794047999, 53.003679952552275 ], [ -6.257056005934476, 53.003723637119499 ], [ -6.257348461220783, 53.003806935811021 ], [ -6.257341151872473, 53.003832805695943 ], [ -6.257338849597402, 53.00384113133785 ], [ -6.257290419683029, 53.004012196091622 ], [ -6.257217957892419, 53.004105605768096 ], [ -6.256694096183263, 53.004564890636019 ], [ -6.256502079928558, 53.004721625036048 ], [ -6.256186906372998, 53.005024956187818 ], [ -6.256088375220296, 53.005124724250997 ], [ -6.255972227353659, 53.005216323849005 ], [ -6.255636057187578, 53.005497683052013 ], [ -6.255329666285624, 53.005756647307116 ], [ -6.255268180278731, 53.005808734537339 ], [ -6.255234229659241, 53.005837494159927 ], [ -6.255200129745459, 53.005866296524907 ], [ -6.255124461142515, 53.005917140953201 ], [ -6.255048673550735, 53.005983084419384 ], [ -6.254897095106525, 53.006112005825294 ], [ -6.254746982201861, 53.006247239668944 ], [ -6.254743918941067, 53.006250071050459 ], [ -6.254593288200549, 53.006385927201727 ], [ -6.254436312851699, 53.006523666603975 ], [ -6.254318507938886, 53.00661353245092 ], [ -6.254056116664258, 53.006768600416088 ], [ -6.253887968028309, 53.006881636169908 ], [ -6.253777667317562, 53.006977364398871 ], [ -6.253727948122241, 53.007003330245901 ], [ -6.253502554351469, 53.007200828153536 ], [ -6.252895928192708, 53.007771958992471 ], [ -6.252875613388487, 53.007791075822048 ], [ -6.252763963515152, 53.007892715769543 ], [ -6.252613520827446, 53.008029740733441 ], [ -6.252578282078936, 53.008019694010024 ], [ -6.252411466023971, 53.007971759833239 ], [ -6.252366584769641, 53.007950964773521 ], [ -6.252329403040321, 53.007922104158112 ], [ -6.25227606726556, 53.007879342507586 ], [ -6.252241593196025, 53.007813937200517 ], [ -6.252225556386469, 53.007791049302078 ], [ -6.252186263504783, 53.007735370702655 ], [ -6.252133519784005, 53.007677966283715 ], [ -6.251944380570309, 53.007601568062135 ], [ -6.251862872506102, 53.007617268177867 ], [ -6.251796552106929, 53.007619079471517 ], [ -6.251248910481145, 53.007426756720101 ], [ -6.251171472365296, 53.007399549850327 ], [ -6.25109270166406, 53.007371874796036 ], [ -6.250824035167489, 53.007277495311278 ], [ -6.250894241464237, 53.007191697478959 ], [ -6.250974534591178, 53.007093552950863 ], [ -6.251005207859401, 53.007076656200795 ], [ -6.251091514687041, 53.007030375262893 ], [ -6.251157396359133, 53.006981636554933 ], [ -6.251306402031181, 53.006886300244844 ], [ -6.25131926410327, 53.006878219918661 ], [ -6.251498443187797, 53.006766158953546 ], [ -6.251913517828907, 53.006513117018088 ], [ -6.252066658568451, 53.006421795549436 ], [ -6.252205191359342, 53.006339158742882 ], [ -6.252270170810645, 53.006315753997711 ], [ -6.252608146937693, 53.00611209306085 ], [ -6.252677097625946, 53.006060342508725 ], [ -6.25271718745553, 53.006038460219891 ], [ -6.253064209599485, 53.005832863574469 ], [ -6.253133739738125, 53.005803234113635 ], [ -6.253301653271055, 53.005705117032555 ], [ -6.253431048085787, 53.00562953453904 ], [ -6.253545492920988, 53.00555894657824 ], [ -6.253607802779577, 53.005516356192473 ], [ -6.253769041981756, 53.005413016921395 ], [ -6.253823489534107, 53.005391614806648 ], [ -6.253891749511856, 53.005364737435791 ], [ -6.25391790418462, 53.005354439520545 ], [ -6.253926520899113, 53.005351060520049 ], [ -6.253959088835427, 53.005344977155616 ], [ -6.253994583955967, 53.005284644772921 ], [ -6.254002689430723, 53.005272629209976 ] ] ], [ [ [ -6.257805048075671, 53.005213083447416 ], [ -6.257901871513272, 53.005234997136064 ], [ -6.257910686320361, 53.005238901507397 ], [ -6.257984338410881, 53.005271620543468 ], [ -6.25808027865994, 53.005333790913923 ], [ -6.258252866309284, 53.005400049463304 ], [ -6.258264860527397, 53.005401303810714 ], [ -6.258299986015314, 53.005404964402487 ], [ -6.25841317192357, 53.005402038319673 ], [ -6.258387448958558, 53.00544264946047 ], [ -6.258375826581191, 53.005450479944074 ], [ -6.258373806515761, 53.005451798639811 ], [ -6.258352870587983, 53.005477289187802 ], [ -6.258585256794651, 53.005700647564069 ], [ -6.258773923817164, 53.005874376481984 ], [ -6.25876038240724, 53.005887122619328 ], [ -6.258817486287306, 53.005927958145563 ], [ -6.258857148175165, 53.005956314629209 ], [ -6.258899032256116, 53.005996658460781 ], [ -6.259072487083121, 53.00608423143418 ], [ -6.259200167280612, 53.006148752345091 ], [ -6.259328830785081, 53.006213287512381 ], [ -6.259391553260964, 53.00626723936238 ], [ -6.259494177533554, 53.006300831930481 ], [ -6.259506496466181, 53.006309281771486 ], [ -6.25952573474961, 53.006332125653437 ], [ -6.259828522191663, 53.006473815342694 ], [ -6.260190364940258, 53.006684323939808 ], [ -6.260229385193026, 53.006710332632345 ], [ -6.260080478766962, 53.006929006605297 ], [ -6.259940941954802, 53.007098019880587 ], [ -6.259890417440045, 53.007159393308271 ], [ -6.25987028666864, 53.0071984686601 ], [ -6.259833261386533, 53.007287814361042 ], [ -6.259784979051011, 53.007391197240985 ], [ -6.259697162183084, 53.007496042719048 ], [ -6.259686727298098, 53.007508500057426 ], [ -6.259654046163387, 53.007560156347658 ], [ -6.259643455702428, 53.007649259740269 ], [ -6.259577499080347, 53.007730630548522 ], [ -6.259554189481302, 53.007720401883901 ], [ -6.259492309635472, 53.007868439514645 ], [ -6.259455690469411, 53.007969026769821 ], [ -6.259247988357442, 53.008038974078779 ], [ -6.25908728426031, 53.008098553262585 ], [ -6.258879873838565, 53.008161223454046 ], [ -6.258805934636047, 53.008224051245868 ], [ -6.258757293367976, 53.008272145082891 ], [ -6.258752812724374, 53.00827657555029 ], [ -6.258671537961752, 53.008356733675868 ], [ -6.258639958224142, 53.008374877512907 ], [ -6.258597105964325, 53.00846539589169 ], [ -6.258465445742611, 53.008618613039012 ], [ -6.258384799407241, 53.008698419734721 ], [ -6.258351840926109, 53.00873551010713 ], [ -6.257999456809736, 53.009132233365847 ], [ -6.257855336947899, 53.009265132867874 ], [ -6.257631935207317, 53.00938590339333 ], [ -6.257610920974818, 53.009397999674995 ], [ -6.257496154673813, 53.009525306571426 ], [ -6.257166384466815, 53.00988208908052 ], [ -6.257130657082261, 53.009920756476184 ], [ -6.257114102447549, 53.009916738596715 ], [ -6.257070408060202, 53.009906030855987 ], [ -6.257062011492207, 53.00990393027832 ], [ -6.256970270817821, 53.009892877697339 ], [ -6.256878521825496, 53.009918678111426 ], [ -6.256821109556617, 53.009937252608324 ], [ -6.256773252837013, 53.009962707719332 ], [ -6.256763266483348, 53.009975684629815 ], [ -6.256763453685791, 53.010013709977393 ], [ -6.25671160211322, 53.010046837571075 ], [ -6.256675457411336, 53.01004397056338 ], [ -6.256608806092869, 53.009999038183111 ], [ -6.256445831538177, 53.009840244277967 ], [ -6.256380600478654, 53.009784456406777 ], [ -6.256295225524659, 53.009752732130266 ], [ -6.256194917061459, 53.00973777808646 ], [ -6.256121434812271, 53.009685464483169 ], [ -6.256063753120449, 53.009686326254219 ], [ -6.256006730014384, 53.009686119027656 ], [ -6.255762163449252, 53.009636598796654 ], [ -6.255648196474506, 53.009640319937319 ], [ -6.255609286518307, 53.009654221584036 ], [ -6.255512114256287, 53.009643807266805 ], [ -6.255473171056073, 53.00963721261072 ], [ -6.255429500604082, 53.009604572466252 ], [ -6.255409461422873, 53.009589447258087 ], [ -6.255308250844737, 53.00950850121216 ], [ -6.255153215811538, 53.009424249273238 ], [ -6.25505020292261, 53.009366647771351 ], [ -6.254998544452794, 53.009294428537316 ], [ -6.254895072488373, 53.009242123424436 ], [ -6.25480868849106, 53.009186743271528 ], [ -6.254732885126124, 53.009128012821613 ], [ -6.254643342465702, 53.009059552727336 ], [ -6.254619245740402, 53.009041401582813 ], [ -6.254584815764525, 53.00903262663801 ], [ -6.254448925544375, 53.009019215216519 ], [ -6.254397093102765, 53.009006139854321 ], [ -6.254323997865243, 53.009005246411448 ], [ -6.254183022775672, 53.008999041679495 ], [ -6.254090330329541, 53.008996422153572 ], [ -6.253940094272609, 53.008954755090045 ], [ -6.253843808753165, 53.008898060291692 ], [ -6.253781183818855, 53.008841769915776 ], [ -6.253747878781708, 53.008808202745378 ], [ -6.253729077026911, 53.008759387316282 ], [ -6.253691904962654, 53.008663290844417 ], [ -6.253683050469615, 53.008642127491598 ], [ -6.253677552786131, 53.008629102274355 ], [ -6.253669655592883, 53.008605526062468 ], [ -6.253668009109373, 53.008600648040648 ], [ -6.253633657964148, 53.00858081711138 ], [ -6.253789589881183, 53.008411332807547 ], [ -6.254092141037508, 53.008065485400081 ], [ -6.254109924719683, 53.008032937301309 ], [ -6.254142343982696, 53.007997099464767 ], [ -6.254203070777372, 53.007929855886054 ], [ -6.254318793980089, 53.007842926714972 ], [ -6.254485021241325, 53.007667928969411 ], [ -6.254669405979861, 53.007454097188059 ], [ -6.254726660420631, 53.007381500003298 ], [ -6.255023405679476, 53.00703295834424 ], [ -6.255074065221844, 53.006968442917312 ], [ -6.255226822661747, 53.006773742118384 ], [ -6.255372925413941, 53.006591706371168 ], [ -6.255384470182702, 53.006572372340997 ], [ -6.255427623821392, 53.006500105422958 ], [ -6.255400065138146, 53.006479475804561 ], [ -6.255180668869575, 53.006315267836548 ], [ -6.255505137029679, 53.006065289040784 ], [ -6.255868172259445, 53.005788368284797 ], [ -6.255872570610527, 53.005712837872636 ], [ -6.255893139332027, 53.005681230124694 ], [ -6.255983943334322, 53.005575056856941 ], [ -6.256027412857647, 53.005551604195887 ], [ -6.256220504895161, 53.005386616824978 ], [ -6.256346077826744, 53.005283739709242 ], [ -6.25638183092106, 53.005253523091781 ], [ -6.2568585834224, 53.004850357653062 ], [ -6.25686507304592, 53.004844879878348 ], [ -6.257075731924675, 53.004981900137771 ], [ -6.257102691389751, 53.005002161045262 ], [ -6.257126070011025, 53.005019761862656 ], [ -6.257144489922514, 53.005029290138708 ], [ -6.25716893202872, 53.005041872927876 ], [ -6.257174231519692, 53.005044557305695 ], [ -6.257230782100535, 53.005095992938585 ], [ -6.25724299965283, 53.005094733858911 ], [ -6.257320634828764, 53.005086523735088 ], [ -6.257565339178074, 53.005156447059619 ], [ -6.257680335814819, 53.005206222240659 ], [ -6.257805048075671, 53.005213083447416 ] ], [ [ -6.256461975303777, 53.007939372945273 ], [ -6.256766830862879, 53.008113862315767 ], [ -6.256760223636114, 53.00811008011857 ], [ -6.256461975303777, 53.007939372945273 ] ], [ [ -6.25578993170149, 53.006667034329453 ], [ -6.255764283525848, 53.006636010558076 ], [ -6.255884596143821, 53.006781541773968 ], [ -6.25578993170149, 53.006667034329453 ] ] ], [ [ [ -6.230098626825404, 53.000057319215401 ], [ -6.229708548980136, 52.999980140474406 ], [ -6.229448348179522, 52.999945343678597 ], [ -6.229379904700441, 52.999936234530061 ], [ -6.229529703112013, 52.999463524158728 ], [ -6.229582178639953, 52.999347363539883 ], [ -6.229787078364874, 52.998959400282416 ], [ -6.229906619070748, 52.998790656908298 ], [ -6.230023941482901, 52.99865572259322 ], [ -6.230254635928694, 52.998331575374301 ], [ -6.230292970896473, 52.9982918679897 ], [ -6.230496811865151, 52.998358794416284 ], [ -6.230814994416958, 52.998444878119756 ], [ -6.231107745087326, 52.998545954006175 ], [ -6.231503353182304, 52.99868900908919 ], [ -6.231719969646901, 52.998755781873392 ], [ -6.231905087829097, 52.998796467293168 ], [ -6.232496846963156, 52.998893806821989 ], [ -6.232615013470222, 52.998894934452544 ], [ -6.232825713332423, 52.998953167927873 ], [ -6.233180650419013, 52.999018128992454 ], [ -6.23323801956705, 52.99902703362244 ], [ -6.233366378843214, 52.999046957096944 ], [ -6.233827887977127, 52.999135252372845 ], [ -6.23392445686621, 52.999153765421923 ], [ -6.233970585112536, 52.999161642490158 ], [ -6.234221486125407, 52.999204470014185 ], [ -6.234225999795294, 52.999205256147555 ], [ -6.234708276509688, 52.999302666198922 ], [ -6.234635324138946, 52.999399282964397 ], [ -6.234442103732736, 52.999665622871461 ], [ -6.234572231909609, 52.999851561555531 ], [ -6.234647708172862, 52.999957202118615 ], [ -6.234829915959679, 53.000204398311794 ], [ -6.234774162824752, 53.000306993589334 ], [ -6.234290520458569, 53.000136892367799 ], [ -6.234104021070965, 53.000245724989277 ], [ -6.233764046261809, 53.00040440227091 ], [ -6.233458347039304, 53.000515058324773 ], [ -6.232811030565104, 53.000544902258198 ], [ -6.232749771375744, 53.000547726395872 ], [ -6.232489412073635, 53.000510687685015 ], [ -6.232471363527183, 53.000507273322349 ], [ -6.232149079008178, 53.000445941814625 ], [ -6.231742844657827, 53.000373022958371 ], [ -6.231539771286895, 53.000335485920886 ], [ -6.231174428148592, 53.000269376442873 ], [ -6.23082311238836, 53.000198279159513 ], [ -6.23062597621221, 53.000158383098963 ], [ -6.230347242901833, 53.000104975646209 ], [ -6.230098626825404, 53.000057319215401 ] ] ], [ [ [ -6.248984813986092, 53.036250276013547 ], [ -6.24893402786116, 53.036084219702232 ], [ -6.248911250922034, 53.035835997905622 ], [ -6.248908036587553, 53.035800877226535 ], [ -6.24891794543724, 53.035660496021485 ], [ -6.248942522181939, 53.035557040053888 ], [ -6.249032423994437, 53.035428631887513 ], [ -6.249274050661677, 53.035126146780037 ], [ -6.249488428629743, 53.034855735762577 ], [ -6.249726281503488, 53.034550911107587 ], [ -6.249932938834103, 53.034285059721192 ], [ -6.249967989623192, 53.034245801150981 ], [ -6.24998281264639, 53.034229201687907 ], [ -6.250170154605485, 53.034019378974783 ], [ -6.250374912304118, 53.033818728846903 ], [ -6.250385951518079, 53.033807925217289 ], [ -6.250399041109199, 53.033795093372134 ], [ -6.25054591132782, 53.033685436383209 ], [ -6.25065667546541, 53.033737626402164 ], [ -6.250808130490265, 53.033744328696983 ], [ -6.250873318375145, 53.033747212851857 ], [ -6.250910717922055, 53.033795779794772 ], [ -6.250974928589609, 53.033839905200793 ], [ -6.25096198658101, 53.034033301413828 ], [ -6.250959835867781, 53.034065439828019 ], [ -6.250960220902816, 53.034279552913489 ], [ -6.250988497744101, 53.034420163300751 ], [ -6.25096029272198, 53.034512087925847 ], [ -6.25094595586229, 53.034614679187584 ], [ -6.250930082719796, 53.034728330741274 ], [ -6.250950261381275, 53.034898816833817 ], [ -6.250903693260882, 53.035118000996867 ], [ -6.250851098010195, 53.035365608187767 ], [ -6.250908561954829, 53.035591571715692 ], [ -6.250969329032605, 53.035849780785441 ], [ -6.250935498900771, 53.036054491938756 ], [ -6.250851792641321, 53.03627271637486 ], [ -6.25082101810111, 53.036523484835797 ], [ -6.250835009612913, 53.036841292172461 ], [ -6.250820712531292, 53.037255615978587 ], [ -6.250914168190018, 53.037380493197979 ], [ -6.250992195106578, 53.037437091107478 ], [ -6.251023569521042, 53.037464014809345 ], [ -6.251156251924503, 53.037524634274355 ], [ -6.251428336948874, 53.037703516263313 ], [ -6.251846935241995, 53.038032889384255 ], [ -6.251860877227301, 53.038115851901793 ], [ -6.251753377450519, 53.038389195496009 ], [ -6.251644345105149, 53.038519796266712 ], [ -6.250996351592657, 53.038918896925217 ], [ -6.250783062643166, 53.039068275076978 ], [ -6.250564841872595, 53.03896801859365 ], [ -6.250207407846082, 53.038821136629011 ], [ -6.250335034280766, 53.038721650424506 ], [ -6.250436239676127, 53.03860252193077 ], [ -6.250503276080206, 53.038471690979954 ], [ -6.250535566356912, 53.038363674164415 ], [ -6.250533674032481, 53.038243936796974 ], [ -6.250508948220524, 53.03811946813596 ], [ -6.250438392250982, 53.037994729748469 ], [ -6.250356337908407, 53.037872231084911 ], [ -6.250139039344133, 53.037672490334693 ], [ -6.250123698107412, 53.037640732763734 ], [ -6.249875511925157, 53.037376718299754 ], [ -6.249556742170411, 53.037015693616063 ], [ -6.249380677600196, 53.036802850758875 ], [ -6.249304288317785, 53.036693252384069 ], [ -6.249232349965918, 53.036590038434795 ], [ -6.249209812904364, 53.036559612969612 ], [ -6.24911532960134, 53.036444435851706 ], [ -6.249017245695964, 53.036298527697753 ], [ -6.248984813986092, 53.036250276013547 ] ] ], [ [ [ -6.249068363854546, 53.043480512679288 ], [ -6.24898340902908, 53.043159710134113 ], [ -6.248483995856887, 53.043189658916091 ], [ -6.248184134365512, 53.043207884702277 ], [ -6.248103833979685, 53.043036908232274 ], [ -6.248010741248955, 53.042889014611397 ], [ -6.247940383465534, 53.042752763424588 ], [ -6.247888961535114, 53.042625842621206 ], [ -6.247859129533985, 53.042540254609399 ], [ -6.247865091090907, 53.042448425529287 ], [ -6.247902507452689, 53.04225985766147 ], [ -6.247986241221802, 53.042041626750269 ], [ -6.248073042502518, 53.041869462340102 ], [ -6.248140941272148, 53.041685675886121 ], [ -6.248170721849748, 53.041497058369032 ], [ -6.248157317799483, 53.041286820077609 ], [ -6.248482452721333, 53.041222082366254 ], [ -6.248587095345436, 53.041255466236976 ], [ -6.248825236520778, 53.0413577660591 ], [ -6.249019084086954, 53.041489156399884 ], [ -6.249260818453247, 53.041632388151619 ], [ -6.24967861293505, 53.041813895126978 ], [ -6.249815743043219, 53.041879129636023 ], [ -6.250170816088205, 53.042042912242621 ], [ -6.250511946155998, 53.042203774128346 ], [ -6.250846588304513, 53.04237280905938 ], [ -6.250893516698678, 53.042396536868424 ], [ -6.25110673857201, 53.042504227204631 ], [ -6.251276829469975, 53.042590555403748 ], [ -6.251305282783347, 53.042604627358827 ], [ -6.251471273005389, 53.042684692885089 ], [ -6.2516330746967, 53.042775033427631 ], [ -6.251819433166458, 53.042884727493508 ], [ -6.251947570548011, 53.042991390333086 ], [ -6.252105565295672, 53.043141960419049 ], [ -6.252143089669875, 53.043183616488797 ], [ -6.252456556076834, 53.043404172496665 ], [ -6.25318690609792, 53.043827457553569 ], [ -6.253354592839535, 53.043911799576293 ], [ -6.253284152348018, 53.043916787411305 ], [ -6.253148092039465, 53.043999192408741 ], [ -6.252952870956388, 53.044123964930435 ], [ -6.252726277206556, 53.044267061398358 ], [ -6.252538588212316, 53.044385022726708 ], [ -6.252489718542056, 53.044385832752504 ], [ -6.252473960574792, 53.04438614053398 ], [ -6.252399002733286, 53.044308185331978 ], [ -6.252285322923362, 53.044220403783108 ], [ -6.25206918798214, 53.044144508466452 ], [ -6.251959243933444, 53.044131656950874 ], [ -6.25178339196416, 53.044066511106351 ], [ -6.251646736173556, 53.044127063494649 ], [ -6.251450117606492, 53.044222419602612 ], [ -6.251434151025061, 53.044230903752471 ], [ -6.251295945558518, 53.044317590516634 ], [ -6.251266957161908, 53.044298287460769 ], [ -6.25119887565032, 53.0442632198504 ], [ -6.251162811021122, 53.044294149458388 ], [ -6.251083545872266, 53.044274018087691 ], [ -6.251078960297, 53.044277905616767 ], [ -6.251022088514919, 53.044254597960062 ], [ -6.250991109564657, 53.044244973190388 ], [ -6.251003344774531, 53.044231400644172 ], [ -6.250896601330278, 53.044197373261568 ], [ -6.250891010370553, 53.044195591305566 ], [ -6.250854289966799, 53.044230556920489 ], [ -6.250847764459112, 53.044236752932036 ], [ -6.250823951134343, 53.044284132776326 ], [ -6.250823727972548, 53.04431999467969 ], [ -6.250873997074137, 53.044345362579477 ], [ -6.250846532849478, 53.044367430930357 ], [ -6.250802544537728, 53.044402648285249 ], [ -6.250564473710999, 53.044531281002563 ], [ -6.250410364134633, 53.044621776760778 ], [ -6.250320658050589, 53.044677175726491 ], [ -6.250247267397305, 53.044706388337254 ], [ -6.250174838654996, 53.044726985154774 ], [ -6.250250681217385, 53.044758752780332 ], [ -6.250495141444273, 53.044855112503463 ], [ -6.250546947743798, 53.044863784459039 ], [ -6.250612022874851, 53.044863752901556 ], [ -6.250735897795479, 53.044857664946989 ], [ -6.250819713632443, 53.044835346764621 ], [ -6.250875994032799, 53.044809478489015 ], [ -6.250886317746, 53.044864371433832 ], [ -6.251052405081218, 53.044997598928674 ], [ -6.251280208408781, 53.045162115773195 ], [ -6.251154085379481, 53.04525104739205 ], [ -6.250922613968812, 53.045408001890152 ], [ -6.250548346717639, 53.045672877187414 ], [ -6.250496960027664, 53.045709244004939 ], [ -6.250210814171584, 53.045597170312284 ], [ -6.249956186154453, 53.045514863225506 ], [ -6.24970353566152, 53.045423235704291 ], [ -6.249262842743497, 53.045263672882029 ], [ -6.249071773806793, 53.045209714499222 ], [ -6.24897130526433, 53.045172460103096 ], [ -6.248927617183725, 53.045151682564033 ], [ -6.248884827179841, 53.045108715627457 ], [ -6.248836681795607, 53.044970299568398 ], [ -6.248784730791398, 53.044837760789626 ], [ -6.248765925895631, 53.044731147619437 ], [ -6.248749352378677, 53.044599847901011 ], [ -6.248742691557965, 53.044454672903626 ], [ -6.248721986964044, 53.044367626776157 ], [ -6.248687612560833, 53.044287031780655 ], [ -6.248700236882132, 53.044209285181104 ], [ -6.248618676966676, 53.044063726351879 ], [ -6.248594070459136, 53.044026579279432 ], [ -6.248673233571115, 53.044010597536243 ], [ -6.248841420746482, 53.043997702668172 ], [ -6.24891823078165, 53.043975193690102 ], [ -6.248987581527876, 53.043936394562849 ], [ -6.2490133489157, 53.04386819041369 ], [ -6.249024920908791, 53.043837619052191 ], [ -6.249027537001448, 53.043830736386127 ], [ -6.249075307578544, 53.04371135088639 ], [ -6.249148723628165, 53.04365418499583 ], [ -6.249260479432497, 53.043594976756026 ], [ -6.24936797986374, 53.04355880633981 ], [ -6.249406765120225, 53.043524501665836 ], [ -6.249408464327038, 53.043519006810293 ], [ -6.249412413505584, 53.043506240080561 ], [ -6.249412993470031, 53.043504368213164 ], [ -6.249186460420508, 53.04353042712593 ], [ -6.249086303399084, 53.043538126402851 ], [ -6.249068363854546, 53.043480512679288 ] ] ] ] } },
{ "type": "Feature", "properties": { "cdRbapsId": "AVO_2025_20", "color_id": 24 }, "geometry": { "type": "MultiPolygon", "coordinates": [ [ [ [ -6.238674979768604, 53.010220377029704 ], [ -6.238789072546618, 53.010132179315491 ], [ -6.238795166608782, 53.010127415741231 ], [ -6.238899993474051, 53.010046361434554 ], [ -6.239044670196207, 53.009934527031852 ], [ -6.2391865383166, 53.009819145304199 ], [ -6.239220861142996, 53.009791249625515 ], [ -6.239322836918064, 53.009710781930558 ], [ -6.239578474190394, 53.009508994345744 ], [ -6.23981911809725, 53.009325232016621 ], [ -6.240176645707154, 53.009072097682882 ], [ -6.240511725850104, 53.009349506106076 ], [ -6.240525399426035, 53.009360854329408 ], [ -6.241148865932347, 53.009879382520786 ], [ -6.241584879400295, 53.010232168121377 ], [ -6.241777679802137, 53.010381626228295 ], [ -6.241867051054948, 53.01045090255338 ], [ -6.241948915798768, 53.010514315107969 ], [ -6.241960831693945, 53.010523569790841 ], [ -6.24209500035186, 53.010633778160638 ], [ -6.242368687418654, 53.01085876781319 ], [ -6.242431272327226, 53.010903648147227 ], [ -6.242495402928745, 53.010949809699568 ], [ -6.243103057287169, 53.011386654980868 ], [ -6.243688682282842, 53.011888070206908 ], [ -6.242835025225371, 53.012168939310662 ], [ -6.242636185070544, 53.012234405526485 ], [ -6.242595198721728, 53.012247821929428 ], [ -6.242250035900561, 53.012359752944086 ], [ -6.241925640338966, 53.012456709426019 ], [ -6.241702123609962, 53.012503201911095 ], [ -6.241567089412766, 53.012522957300881 ], [ -6.241455702464962, 53.012556725864492 ], [ -6.241306513357971, 53.012613215643114 ], [ -6.241158797034625, 53.01270604186378 ], [ -6.241044391686713, 53.012578236664709 ], [ -6.240932472285906, 53.012446783700959 ], [ -6.240852772812129, 53.012366324174884 ], [ -6.240791818865111, 53.012308523570105 ], [ -6.24074407849726, 53.012252266738408 ], [ -6.240700482146522, 53.012205958665696 ], [ -6.240680986916451, 53.012123153042403 ], [ -6.240631491517896, 53.011995230143398 ], [ -6.240566325490802, 53.01186275989771 ], [ -6.240526077557745, 53.011794569117114 ], [ -6.240483801871076, 53.011712775524586 ], [ -6.240427362644026, 53.011758592020051 ], [ -6.240420624141533, 53.011764065227993 ], [ -6.240409433561442, 53.011773247760217 ], [ -6.240403202684128, 53.011778368935673 ], [ -6.240418378017737, 53.011795132548549 ], [ -6.240455048373219, 53.011863629966179 ], [ -6.240498503916047, 53.011946610443751 ], [ -6.240523823326763, 53.012037322373729 ], [ -6.240544593598639, 53.012164280925177 ], [ -6.24055434033758, 53.012205683736134 ], [ -6.240585739679743, 53.012243630848907 ], [ -6.240641080557311, 53.012288315032755 ], [ -6.240729299652306, 53.012358743648718 ], [ -6.240778737284124, 53.012400464065408 ], [ -6.240821257408172, 53.012473273451931 ], [ -6.240891025941469, 53.012565181360557 ], [ -6.240962643427477, 53.012626735112548 ], [ -6.241017899056384, 53.012676541353258 ], [ -6.241011281668021, 53.012790870124185 ], [ -6.240921035284056, 53.012845804499072 ], [ -6.240680777751149, 53.013034789059148 ], [ -6.240541017330426, 53.01314651841961 ], [ -6.240361985649051, 53.013338206076625 ], [ -6.240085551287503, 53.013679012606346 ], [ -6.239916113858009, 53.013891605279781 ], [ -6.239907950147081, 53.013901911205366 ], [ -6.239890928088636, 53.013885210084283 ], [ -6.23928952700996, 53.013291677270104 ], [ -6.239106605302273, 53.01358478766906 ], [ -6.238882417260058, 53.013928253725453 ], [ -6.239073922259613, 53.014001022342278 ], [ -6.239141715509962, 53.014035734512468 ], [ -6.23916050093547, 53.014045360862561 ], [ -6.239228872864713, 53.014093025135963 ], [ -6.239357206092171, 53.014192723317159 ], [ -6.239558522911215, 53.014308333175279 ], [ -6.239518995977322, 53.014349275254055 ], [ -6.239416187253576, 53.014477101611021 ], [ -6.239299393586198, 53.014622338442045 ], [ -6.238983390101674, 53.014572984298859 ], [ -6.238768925586468, 53.014547784703254 ], [ -6.238628818162817, 53.014531956678354 ], [ -6.238284970234154, 53.014493244156647 ], [ -6.237939928325141, 53.014456671104625 ], [ -6.2375959673208, 53.014423797496768 ], [ -6.237401823471566, 53.014406717611884 ], [ -6.237255583410851, 53.014396639640758 ], [ -6.236920800395543, 53.014376844627648 ], [ -6.236576583300968, 53.014356278649295 ], [ -6.2359299009632, 53.014304169662225 ], [ -6.235420761409157, 53.014255445893802 ], [ -6.234863419261099, 53.014201060610851 ], [ -6.234867358605567, 53.014267186243551 ], [ -6.234870599043222, 53.01437150397178 ], [ -6.234872973286437, 53.01451212370317 ], [ -6.23486883964108, 53.014631432811115 ], [ -6.234868273927138, 53.014648322990297 ], [ -6.234843618318108, 53.014674114699673 ], [ -6.23476332025838, 53.014617551874963 ], [ -6.234725534785388, 53.014588585995057 ], [ -6.234429911314777, 53.014362354167645 ], [ -6.234208426105237, 53.014199065158373 ], [ -6.234118147745302, 53.014140106510666 ], [ -6.233650714222886, 53.013834826884455 ], [ -6.233568146343626, 53.013758633440212 ], [ -6.233643688847955, 53.013546362576818 ], [ -6.23374299885905, 53.01332995043456 ], [ -6.233747486221187, 53.013319410537626 ], [ -6.233805036002029, 53.013183457022294 ], [ -6.233849797352184, 53.013077695011532 ], [ -6.233939053781436, 53.012866616413845 ], [ -6.234117963097703, 53.012416689200933 ], [ -6.234378383027202, 53.012426938654173 ], [ -6.234635460406246, 53.012443790375272 ], [ -6.234794389378947, 53.012466623384611 ], [ -6.23479469459774, 53.012466667465937 ], [ -6.234808502465486, 53.01246865131008 ], [ -6.234851393994417, 53.01247486102622 ], [ -6.235026440332387, 53.012507842043611 ], [ -6.235261112084334, 53.012558696282156 ], [ -6.235535514924662, 53.012623982136411 ], [ -6.235604296605356, 53.01264037337544 ], [ -6.235652762643056, 53.012579250074353 ], [ -6.235681687662365, 53.012533117416183 ], [ -6.235694475288822, 53.012499868655674 ], [ -6.235937217490013, 53.012313718271358 ], [ -6.236065036338307, 53.012217726921975 ], [ -6.236309775655059, 53.01203376268375 ], [ -6.236656612413579, 53.011772570207945 ], [ -6.236743467196909, 53.011707431617936 ], [ -6.23701445852396, 53.0115004839978 ], [ -6.23724348622198, 53.011330846437211 ], [ -6.237713050279369, 53.010968459208591 ], [ -6.237891204439584, 53.010819459233282 ], [ -6.238038419277323, 53.010705776044986 ], [ -6.238066467195391, 53.010684078828376 ], [ -6.238408320411439, 53.01042999925474 ], [ -6.238573734443698, 53.010304000112846 ], [ -6.238666225553595, 53.010227078682931 ], [ -6.238674979768604, 53.010220377029704 ] ] ] ] } }
]
}
