{
"type": "FeatureCollection",
"name": "sac",
"crs": { "type": "name", "properties": { "name": "urn:ogc:def:crs:OGC:1.3:CRS84" } },
"features": [
{ "type": "Feature", "properties": { "SITECODE": "000713", "SITE_NAME": "Ballyman Glen SAC", "VERSION": 3.01, "COUNTY": "du, wi", "HA": 23.5283, "Source_CRS": "ITM", "SourcScale": "1:5000", "URL": "https://www.npws.ie/protected-sites/sac/000713" }, "geometry": { "type": "MultiPolygon", "coordinates": [ [ [ [ -6.148599450780697, 53.203353228187311 ], [ -6.147095202484357, 53.203380993720891 ], [ -6.146609040463319, 53.20321010141317 ], [ -6.14571312833158, 53.202604960504303 ], [ -6.145433705593404, 53.202586453865877 ], [ -6.14498734147612, 53.202293041303591 ], [ -6.144670475838895, 53.202196352300128 ], [ -6.144263143886002, 53.202137901335412 ], [ -6.143778795070359, 53.202016381227985 ], [ -6.143614876887541, 53.201952651340498 ], [ -6.143568295007647, 53.201923818454667 ], [ -6.143484685963189, 53.201860521945271 ], [ -6.143325411553302, 53.201847298359283 ], [ -6.142728259834723, 53.20169249313377 ], [ -6.142510996400433, 53.201630410798977 ], [ -6.142331187369117, 53.201548256629771 ], [ -6.141823912439206, 53.201556560970261 ], [ -6.142357502795443, 53.201539940089724 ], [ -6.143522819396704, 53.201845117651857 ], [ -6.145011798315844, 53.202284084020143 ], [ -6.145493521091146, 53.202589291528554 ], [ -6.145884226636197, 53.202184636116314 ], [ -6.14753189225962, 53.202966352867385 ], [ -6.148626962740965, 53.20233196462636 ], [ -6.150364692829551, 53.202144862575508 ], [ -6.150955113916923, 53.202340287475479 ], [ -6.152707195178386, 53.202445750740488 ], [ -6.15362557401889, 53.202345610506207 ], [ -6.154134222108963, 53.202111110398491 ], [ -6.154266734558668, 53.202492171012139 ], [ -6.15627763558166, 53.202020361980729 ], [ -6.156070270213763, 53.201791407249502 ], [ -6.157525279397316, 53.201572077104878 ], [ -6.157774980513365, 53.201920852916984 ], [ -6.158805933084258, 53.201855023853625 ], [ -6.159626868906194, 53.202012540369395 ], [ -6.160061942196831, 53.201736619211971 ], [ -6.161360910894081, 53.201721620400569 ], [ -6.161907807578757, 53.202069688819734 ], [ -6.162700727760157, 53.202230176349723 ], [ -6.163147217001729, 53.202668844330063 ], [ -6.164026627404648, 53.203059940042564 ], [ -6.164022551888924, 53.203386879526086 ], [ -6.164605062041026, 53.203885280935225 ], [ -6.164333383230488, 53.204143730428342 ], [ -6.164089634988781, 53.204032298493672 ], [ -6.163731268699486, 53.203550666180838 ], [ -6.162210773438059, 53.202965081496366 ], [ -6.161766823739253, 53.202557607624385 ], [ -6.160917575202931, 53.202520042221629 ], [ -6.160139095167006, 53.202660231770025 ], [ -6.159633199949731, 53.202466050739126 ], [ -6.158880206469182, 53.202494584759776 ], [ -6.158262435184264, 53.202340186379537 ], [ -6.157626174490467, 53.202561764496906 ], [ -6.155998726446015, 53.202654458139357 ], [ -6.154010565732436, 53.203108763948492 ], [ -6.151423122343119, 53.203460384623533 ], [ -6.150895516534067, 53.203439082005367 ], [ -6.150582752001045, 53.203106219788957 ], [ -6.149682072645192, 53.203026752442113 ], [ -6.148599450780697, 53.203353228187311 ] ] ], [ [ [ -6.16667508074444, 53.206238661585203 ], [ -6.166174172794307, 53.205935151459748 ], [ -6.165531129890415, 53.204953699662305 ], [ -6.165097968756286, 53.204739602363624 ], [ -6.164907431063118, 53.204539004420838 ], [ -6.165340621920946, 53.204829054300276 ], [ -6.165757375412041, 53.204776184106834 ], [ -6.165898013232793, 53.205443425618711 ], [ -6.166007175813021, 53.20560303847639 ], [ -6.166428025537234, 53.205578650397619 ], [ -6.16667508074444, 53.206238661585203 ] ] ] ] } },
{ "type": "Feature", "properties": { "SITECODE": "000714", "SITE_NAME": "Bray Head SAC", "VERSION": 3.02, "COUNTY": "wi", "HA": 263.3917, "Source_CRS": "ITM", "SourcScale": "1:5000", "URL": "https://www.npws.ie/protected-sites/sac/000714" }, "geometry": { "type": "MultiPolygon", "coordinates": [ [ [ [ -6.088067529921547, 53.196461092441901 ], [ -6.088329845955482, 53.196254844423486 ], [ -6.087901150733268, 53.196338936765223 ], [ -6.08828204016561, 53.196192253839449 ], [ -6.087561958127737, 53.195631358614847 ], [ -6.087068862856766, 53.195480144944511 ], [ -6.086586785257161, 53.195608551743582 ], [ -6.086182646274038, 53.195285652497432 ], [ -6.085846783426025, 53.195307976383653 ], [ -6.084448135228794, 53.194356900551625 ], [ -6.083991657130327, 53.194302395578681 ], [ -6.082549033535277, 53.193351002851863 ], [ -6.082669038087184, 53.193228254102657 ], [ -6.081915150351659, 53.193075948449419 ], [ -6.081062173817536, 53.192482670923127 ], [ -6.08060738080504, 53.192506892928414 ], [ -6.080378298643433, 53.192253084925085 ], [ -6.079817288897075, 53.192165499867272 ], [ -6.079393776725411, 53.19167485215084 ], [ -6.079555515152449, 53.191512510575464 ], [ -6.079299699911774, 53.191186055063184 ], [ -6.07849871250379, 53.191001040410875 ], [ -6.078693730550651, 53.190787282843672 ], [ -6.078348909162927, 53.190406284823894 ], [ -6.078123503596942, 53.190455249154923 ], [ -6.078278978799215, 53.190321185186583 ], [ -6.078043753237424, 53.190134346140965 ], [ -6.077787793315441, 53.19003066697465 ], [ -6.077961733891486, 53.189894968874235 ], [ -6.077786666069463, 53.189685217369131 ], [ -6.077438733923851, 53.189683152179171 ], [ -6.077533258372802, 53.189458677848158 ], [ -6.077239156879841, 53.189592435593191 ], [ -6.077283983612991, 53.189387653135185 ], [ -6.077006864384479, 53.189525163036521 ], [ -6.076731891108556, 53.189460562568549 ], [ -6.076847273485967, 53.188999854862104 ], [ -6.076323522208797, 53.188813872179743 ], [ -6.076573810948608, 53.188484698315577 ], [ -6.076016190234686, 53.188398219265281 ], [ -6.076245314533008, 53.187702113432913 ], [ -6.0765481134779, 53.187520931003753 ], [ -6.076361298009911, 53.187167808192754 ], [ -6.076852829642799, 53.186921692374312 ], [ -6.076680442952548, 53.18558653843607 ], [ -6.077047728162687, 53.185342307471167 ], [ -6.076650840181676, 53.185101826788319 ], [ -6.076841467514428, 53.184398608196915 ], [ -6.075840628794737, 53.182834938796518 ], [ -6.075358770149323, 53.182590330154667 ], [ -6.074987382655007, 53.182684937258927 ], [ -6.0749608856174, 53.182352488012704 ], [ -6.0746944330526, 53.182355290846012 ], [ -6.075188186908069, 53.182053515605226 ], [ -6.075007330357245, 53.181421111678979 ], [ -6.074726175055942, 53.181110603834895 ], [ -6.074426398469786, 53.181064535573583 ], [ -6.074370462317161, 53.180794826946091 ], [ -6.074403481392965, 53.180688360473276 ], [ -6.074775361894727, 53.180768780358136 ], [ -6.074641329601473, 53.180601070456198 ], [ -6.075150319266423, 53.180483511504491 ], [ -6.074695393035764, 53.179680073132744 ], [ -6.074773899440781, 53.179488662517265 ], [ -6.075135567389391, 53.17938897337676 ], [ -6.074810200281607, 53.179326249961989 ], [ -6.074621644566374, 53.178743166936464 ], [ -6.074631902468765, 53.178540882377241 ], [ -6.074916424006237, 53.17841572238838 ], [ -6.074512332001333, 53.178218828936949 ], [ -6.073747023487803, 53.176865496070661 ], [ -6.073283741737912, 53.176868401505324 ], [ -6.073586314508081, 53.176605687414941 ], [ -6.072719345226774, 53.176413973097851 ], [ -6.072173581369753, 53.175880932481981 ], [ -6.072485506029423, 53.175810701922586 ], [ -6.071899699518625, 53.175479210712979 ], [ -6.073296805457264, 53.175187328809642 ], [ -6.073271240096982, 53.17495729205497 ], [ -6.074287980426178, 53.174597986680688 ], [ -6.074415213377486, 53.174444451157299 ], [ -6.074128938697862, 53.174389566531516 ], [ -6.074648111900645, 53.174354663318802 ], [ -6.074997388660708, 53.17312816866152 ], [ -6.0753356926284, 53.172711738266152 ], [ -6.075307832137725, 53.172528073052511 ], [ -6.074867906039534, 53.172323140532185 ], [ -6.075373239237657, 53.172172093411369 ], [ -6.07511540672564, 53.17184176516632 ], [ -6.07566076753958, 53.171859100409144 ], [ -6.076263656946785, 53.171248680846688 ], [ -6.077010543187225, 53.168605237491903 ], [ -6.076301902199258, 53.164301185800042 ], [ -6.073206583482782, 53.15839261164318 ], [ -6.073377193943525, 53.158234380847659 ], [ -6.073685019318459, 53.158250097404689 ], [ -6.074514363468489, 53.159552266381375 ], [ -6.075145526843754, 53.160157186243872 ], [ -6.077483463592958, 53.165382643625989 ], [ -6.078141178731576, 53.165273739145633 ], [ -6.078199219300421, 53.165364283446273 ], [ -6.077841248896468, 53.165781950417497 ], [ -6.077813073303771, 53.166193757732898 ], [ -6.078179659007731, 53.166823458785892 ], [ -6.077986013184606, 53.16717735584561 ], [ -6.078463834364875, 53.169106101652076 ], [ -6.078376594323477, 53.170612686592662 ], [ -6.077993110637094, 53.170569437671737 ], [ -6.07759377606837, 53.17142606931754 ], [ -6.077333052020696, 53.171527089755706 ], [ -6.077190347233824, 53.17210595335856 ], [ -6.076657609566269, 53.172359125606185 ], [ -6.076068334812976, 53.174040355721019 ], [ -6.075781313631725, 53.174063663923221 ], [ -6.075450752492788, 53.174484103756825 ], [ -6.075848979573198, 53.174537603155386 ], [ -6.076138607675976, 53.174770017905772 ], [ -6.076453712404476, 53.175337210703795 ], [ -6.077352453725783, 53.175322376248218 ], [ -6.077991450282363, 53.174914868164414 ], [ -6.077938325905657, 53.175310374168077 ], [ -6.078166484657566, 53.175389528328019 ], [ -6.078010588540013, 53.175738017466699 ], [ -6.078370546770318, 53.17580153319085 ], [ -6.078684977772633, 53.175471457336748 ], [ -6.0789365342374, 53.175495371393495 ], [ -6.078844749754456, 53.174924347527593 ], [ -6.08028169989318, 53.173615002630214 ], [ -6.081434515138453, 53.172849484278849 ], [ -6.083987839621257, 53.171917453853958 ], [ -6.086168287680985, 53.171370010129536 ], [ -6.087824436238081, 53.171139873794004 ], [ -6.088042251221951, 53.171508326172614 ], [ -6.088430366774629, 53.171445979353109 ], [ -6.08948990755224, 53.171658570934454 ], [ -6.089506890037938, 53.171774363009 ], [ -6.090349298731351, 53.171671526609622 ], [ -6.090705362644771, 53.172321933770476 ], [ -6.090298402826451, 53.172470155878507 ], [ -6.090196544194084, 53.172783329853893 ], [ -6.091279595135622, 53.17383191003676 ], [ -6.090241723355766, 53.174447707743042 ], [ -6.090045979508737, 53.17547368829706 ], [ -6.08920618004165, 53.176198372127651 ], [ -6.087563004064697, 53.17640004018142 ], [ -6.087040728932235, 53.176728999175623 ], [ -6.087712389824028, 53.177213763583609 ], [ -6.087298630174827, 53.177566507970106 ], [ -6.086609005764052, 53.177826921447391 ], [ -6.085401702660279, 53.181623996053517 ], [ -6.085437628625461, 53.183058636009982 ], [ -6.0863865488565, 53.184047995550998 ], [ -6.085939844077493, 53.184436298803384 ], [ -6.086031000779373, 53.184680140877262 ], [ -6.085577848647068, 53.18489330272952 ], [ -6.086457658715061, 53.186195999516428 ], [ -6.087192758810009, 53.18603280005533 ], [ -6.087443059185893, 53.18556762487291 ], [ -6.087969373631396, 53.185373985195149 ], [ -6.088218262336509, 53.185361055067794 ], [ -6.088420181986761, 53.185700262126474 ], [ -6.088643283903011, 53.186571267291939 ], [ -6.087420327070259, 53.186978439609149 ], [ -6.08636312960079, 53.188145631430537 ], [ -6.086597738268949, 53.189146386515318 ], [ -6.087507838663819, 53.188915480677572 ], [ -6.088004254729442, 53.190928216867334 ], [ -6.088742266019448, 53.191972974033945 ], [ -6.088724252581996, 53.192681343675758 ], [ -6.089060794746412, 53.192730059361701 ], [ -6.090242048996704, 53.192119652523708 ], [ -6.092785470020099, 53.19154680143 ], [ -6.093031885000102, 53.191325008098552 ], [ -6.093979956692777, 53.191510588415987 ], [ -6.094576341549655, 53.191475205650825 ], [ -6.094464482786368, 53.191917963381684 ], [ -6.093429197443376, 53.192567969884536 ], [ -6.091798832759577, 53.192809882771627 ], [ -6.090868889821067, 53.193125598387994 ], [ -6.089745712134967, 53.193857991901567 ], [ -6.088926930468608, 53.194047675841034 ], [ -6.086899415447958, 53.193981672905046 ], [ -6.086158741650046, 53.194437756987817 ], [ -6.085850845346182, 53.194337717572125 ], [ -6.086140544049362, 53.194676163227548 ], [ -6.086992514145897, 53.194930895763861 ], [ -6.088162205605149, 53.194889407490734 ], [ -6.088540612944302, 53.195603482813077 ], [ -6.089524041620118, 53.196367521995633 ], [ -6.088890772965328, 53.196685958192596 ], [ -6.088623443001171, 53.196717397068774 ], [ -6.088824108190624, 53.196596107663503 ], [ -6.08863844743651, 53.196531143500842 ], [ -6.088347793757499, 53.196728399204133 ], [ -6.087876794254277, 53.196747238583235 ], [ -6.088627204102749, 53.196487467432121 ], [ -6.088067529921547, 53.196461092441901 ] ] ], [ [ [ -6.081869301375545, 53.193244357153823 ], [ -6.081672189905031, 53.193190361330892 ], [ -6.081704512254346, 53.192996755590947 ], [ -6.081802824095631, 53.193072278920901 ], [ -6.081869301375545, 53.193244357153823 ] ] ], [ [ [ -6.081553470808728, 53.193083166037852 ], [ -6.081436263618918, 53.193034627466133 ], [ -6.081541840606075, 53.192960185757592 ], [ -6.081553470808728, 53.193083166037852 ] ] ], [ [ [ -6.079421550748012, 53.191930710567242 ], [ -6.079305460398391, 53.191831869774212 ], [ -6.079490903986838, 53.191887874673185 ], [ -6.079421550748012, 53.191930710567242 ] ] ], [ [ [ -6.076322263001584, 53.188868071022583 ], [ -6.076389593287234, 53.188946595173917 ], [ -6.076271362682664, 53.18891861871051 ], [ -6.076322263001584, 53.188868071022583 ] ] ], [ [ [ -6.083391589560165, 53.194211898273508 ], [ -6.083292107900212, 53.194205749268988 ], [ -6.083351817518588, 53.194144230509522 ], [ -6.083391589560165, 53.194211898273508 ] ] ], [ [ [ -6.077938263957259, 53.190131241650299 ], [ -6.077798936480162, 53.190147554623948 ], [ -6.077921957107893, 53.190108363215302 ], [ -6.077938263957259, 53.190131241650299 ] ] ], [ [ [ -6.07857346910314, 53.191155286039205 ], [ -6.078497813364232, 53.19115366106211 ], [ -6.078565438298636, 53.191142770217795 ], [ -6.07857346910314, 53.191155286039205 ] ] ], [ [ [ -6.075932270729014, 53.188232677991763 ], [ -6.075863386077986, 53.188216311531477 ], [ -6.075915387629411, 53.188207668645866 ], [ -6.075932270729014, 53.188232677991763 ] ] ] ] } },
{ "type": "Feature", "properties": { "SITECODE": "000729", "SITE_NAME": "Buckroney-Brittas Dunes and Fen SAC", "VERSION": 3.02, "COUNTY": "wi", "HA": 302.8762, "Source_CRS": "ITM", "SourcScale": "1:5000", "URL": "https://www.npws.ie/protected-sites/sac/000729" }, "geometry": { "type": "MultiPolygon", "coordinates": [ [ [ [ -6.042546152490581, 52.897382259134076 ], [ -6.042842016612575, 52.89755877231358 ], [ -6.042709684310832, 52.897852761878944 ], [ -6.04304888355193, 52.898592000964605 ], [ -6.043808922601207, 52.898751682880047 ], [ -6.044281301743421, 52.89869174005802 ], [ -6.047758516644455, 52.897865594742768 ], [ -6.047733604300741, 52.897701899546497 ], [ -6.047282656041543, 52.8976356788869 ], [ -6.047857407141914, 52.897111126555671 ], [ -6.047935328696674, 52.896787355322324 ], [ -6.047518629493414, 52.896695189842802 ], [ -6.047089459052356, 52.896937901763224 ], [ -6.046933493475782, 52.896427079113437 ], [ -6.047196531306274, 52.896260514588654 ], [ -6.048389889258743, 52.895884588960847 ], [ -6.049977397907373, 52.895953744097902 ], [ -6.048128502446202, 52.895827716018616 ], [ -6.046965207920821, 52.896257986743933 ], [ -6.046830595592771, 52.89647713654611 ], [ -6.046940167017267, 52.896996571862928 ], [ -6.047185873959282, 52.897043930825696 ], [ -6.047612112693846, 52.896753034118845 ], [ -6.047837344507873, 52.896824667055981 ], [ -6.047129120826259, 52.897656768253121 ], [ -6.047632170646531, 52.897778193748742 ], [ -6.047566482068995, 52.897887319203647 ], [ -6.045290879888115, 52.898253904175704 ], [ -6.044205012803303, 52.898587469362276 ], [ -6.044211441972882, 52.898474097743552 ], [ -6.043639224363193, 52.898599193020239 ], [ -6.043166495630157, 52.898423120525443 ], [ -6.043077523767036, 52.897085641537984 ], [ -6.044589910764119, 52.896011987565245 ], [ -6.047508869220569, 52.894397928100503 ], [ -6.049095712201889, 52.893148483909464 ], [ -6.052020903568247, 52.890396406770307 ], [ -6.055291254520974, 52.886429049615543 ], [ -6.059544268399512, 52.879810784337607 ], [ -6.064544595541459, 52.868726836439045 ], [ -6.06452268264633, 52.865434062700388 ], [ -6.063604887073574, 52.864436547904134 ], [ -6.062033833943463, 52.864042602674139 ], [ -6.061536791888521, 52.863735952067799 ], [ -6.061305089908083, 52.863328398109608 ], [ -6.060026703594684, 52.862529861519128 ], [ -6.05903136366581, 52.862342853220966 ], [ -6.059095487785446, 52.862107489481403 ], [ -6.058645792175088, 52.862112900540581 ], [ -6.058730393926759, 52.861951519213271 ], [ -6.058279914787823, 52.861478599274236 ], [ -6.058357886247013, 52.86112211008755 ], [ -6.057534405972105, 52.860530236913753 ], [ -6.057346429603164, 52.86020762664581 ], [ -6.05761234935158, 52.85997663553335 ], [ -6.057253158945586, 52.859928724734296 ], [ -6.057344224876323, 52.859555173416524 ], [ -6.057090622775826, 52.859479919397558 ], [ -6.057131641153875, 52.859249598795891 ], [ -6.056981595317818, 52.859297131071436 ], [ -6.057120127616461, 52.859062527721235 ], [ -6.056875210314161, 52.859036279911656 ], [ -6.057317881860467, 52.858211317755412 ], [ -6.059681377224917, 52.856582782026543 ], [ -6.060603056109199, 52.856106547021845 ], [ -6.060495068112548, 52.856231977867381 ], [ -6.060743062860629, 52.856234195878493 ], [ -6.060716579312126, 52.856038143233569 ], [ -6.061531595269721, 52.855843439783001 ], [ -6.063668295180846, 52.855737599265765 ], [ -6.068395855770834, 52.854159379328557 ], [ -6.06851488822242, 52.85397086518811 ], [ -6.069305858297005, 52.853870246391757 ], [ -6.075145173141308, 52.852003599128963 ], [ -6.076086821994787, 52.85137626556358 ], [ -6.087915538815381, 52.847045244101537 ], [ -6.094044501352516, 52.844377922993772 ], [ -6.094373937946014, 52.844017718725567 ], [ -6.094983161383786, 52.843854846266865 ], [ -6.09494645464579, 52.843712922576586 ], [ -6.095397478065518, 52.843670631431571 ], [ -6.095191311538025, 52.843395872164372 ], [ -6.095456797309357, 52.843202023339586 ], [ -6.095724370976872, 52.843231117402375 ], [ -6.095711471661809, 52.84298784706246 ], [ -6.096417465333091, 52.842577029407501 ], [ -6.096399847710412, 52.842398089870805 ], [ -6.09687802200474, 52.842045927342006 ], [ -6.097401369745622, 52.84216523356244 ], [ -6.098084115953785, 52.841731983382616 ], [ -6.098833842994206, 52.841644702299924 ], [ -6.099397329725758, 52.841888835064978 ], [ -6.099956085097868, 52.841828377118802 ], [ -6.100174841483684, 52.841931585221019 ], [ -6.100053613236089, 52.842218192384962 ], [ -6.100577630668993, 52.84258937668811 ], [ -6.102007978732203, 52.842562872886127 ], [ -6.101845777923393, 52.842355850606225 ], [ -6.101186032917407, 52.842195621365818 ], [ -6.100547532527924, 52.842215401044228 ], [ -6.100381298886344, 52.841861197766143 ], [ -6.099646571326341, 52.841666536283775 ], [ -6.099785955145465, 52.841059374837059 ], [ -6.10487071369285, 52.838218595308781 ], [ -6.105534592821526, 52.83743536457137 ], [ -6.1069005385832, 52.83669081043309 ], [ -6.109189515202231, 52.835091254082876 ], [ -6.109739133192061, 52.835419649945869 ], [ -6.109539997348103, 52.835715884389728 ], [ -6.109152584562022, 52.835578158337576 ], [ -6.108565605611187, 52.836164001393001 ], [ -6.109186525664406, 52.836350145869829 ], [ -6.107870481224004, 52.838351404635858 ], [ -6.10668584636093, 52.839351409019336 ], [ -6.104729934492815, 52.840564604494276 ], [ -6.103437216911288, 52.842124062578741 ], [ -6.103028822439543, 52.842332256718301 ], [ -6.10176516051342, 52.842643837915986 ], [ -6.101318412344706, 52.842695039784736 ], [ -6.098768013968729, 52.842355579688352 ], [ -6.098241779288627, 52.841875821794901 ], [ -6.097461133373831, 52.842295565277809 ], [ -6.096985914483333, 52.842222304281847 ], [ -6.09655096942365, 52.842413684299089 ], [ -6.096414966323854, 52.842721164377949 ], [ -6.095463883074896, 52.843492573509785 ], [ -6.09569604961686, 52.843606153658847 ], [ -6.094428195062355, 52.844486316965671 ], [ -6.093346338986009, 52.846013456064227 ], [ -6.09181384119452, 52.847439064606235 ], [ -6.091189066850629, 52.848664974392953 ], [ -6.090053050831289, 52.84849064317298 ], [ -6.089387623974049, 52.849109176745159 ], [ -6.090577023752268, 52.849624431569367 ], [ -6.089652791981965, 52.851571176574531 ], [ -6.089024811631774, 52.852371339068739 ], [ -6.086971605880185, 52.85321291666083 ], [ -6.086021317702795, 52.852662480556866 ], [ -6.084717903703971, 52.852972387628704 ], [ -6.085829562304667, 52.853722431184366 ], [ -6.084422959074739, 52.854482414881566 ], [ -6.085457246690417, 52.855247411143765 ], [ -6.086957129780207, 52.854271330201868 ], [ -6.088112341800432, 52.853806171059183 ], [ -6.088727841364206, 52.853860686715123 ], [ -6.088978680554079, 52.854195332704755 ], [ -6.088303628959264, 52.854231349614828 ], [ -6.088279172909309, 52.854615119726262 ], [ -6.087674109005943, 52.854729673739506 ], [ -6.087026187324926, 52.855933030917726 ], [ -6.086293099885755, 52.856042988856622 ], [ -6.084750726385228, 52.85697285567479 ], [ -6.083741111791403, 52.858830864605636 ], [ -6.083440149501608, 52.858945710011369 ], [ -6.083523641787346, 52.860056305514988 ], [ -6.083254079686901, 52.861443535095177 ], [ -6.08352208064863, 52.862101867372694 ], [ -6.082977651427807, 52.862057624078126 ], [ -6.082571483486293, 52.864383229994154 ], [ -6.083475817685255, 52.864412754927599 ], [ -6.083523862502862, 52.865016738631368 ], [ -6.083442906778111, 52.865146221892765 ], [ -6.082399809069061, 52.864913649729331 ], [ -6.081021773229424, 52.867818620386124 ], [ -6.081117925133643, 52.868272969348141 ], [ -6.08175672584114, 52.8688124923546 ], [ -6.081488939708096, 52.869425730299973 ], [ -6.082289206985066, 52.870440539425466 ], [ -6.081811775620014, 52.871907401925164 ], [ -6.079279874120648, 52.87342686089692 ], [ -6.077231546945733, 52.874418228175855 ], [ -6.075500274531173, 52.875605312421257 ], [ -6.073655715771547, 52.875170173619409 ], [ -6.07395769342541, 52.873840689020255 ], [ -6.073787865240644, 52.873116322215935 ], [ -6.072036933106546, 52.872867733280309 ], [ -6.07079540321052, 52.87123821494383 ], [ -6.069220477879648, 52.870888063098874 ], [ -6.069408326542145, 52.871555011756243 ], [ -6.069988671810535, 52.872373630963331 ], [ -6.070309608250239, 52.873911221449788 ], [ -6.069392439314337, 52.874024675684346 ], [ -6.06816775533903, 52.873914398469999 ], [ -6.06792920434641, 52.874842130425982 ], [ -6.067430821444395, 52.874851858556127 ], [ -6.067431219076412, 52.870842518430386 ], [ -6.066963102636044, 52.870098641503667 ], [ -6.066331364735986, 52.869911997697301 ], [ -6.065522701046005, 52.874213811632167 ], [ -6.064786181718364, 52.874170391896214 ], [ -6.064201743861147, 52.874968061190827 ], [ -6.063942428615656, 52.87550539500473 ], [ -6.064239802942231, 52.875571585070787 ], [ -6.063856634211354, 52.876568126410078 ], [ -6.064163487249126, 52.876632817199976 ], [ -6.064019782521823, 52.877013092063265 ], [ -6.063664625505085, 52.876962391102097 ], [ -6.062729589927677, 52.878518195590395 ], [ -6.06254179981233, 52.879769855908471 ], [ -6.061642269013999, 52.881503737547959 ], [ -6.061897506781659, 52.881533361064228 ], [ -6.061525475146393, 52.882356075943811 ], [ -6.062883695835366, 52.882442999788729 ], [ -6.062730255118312, 52.882870452125182 ], [ -6.06219951659903, 52.882671375083746 ], [ -6.061515825116281, 52.88292659027568 ], [ -6.061536016328906, 52.883179025215874 ], [ -6.061265994909966, 52.883238832320551 ], [ -6.061212674927191, 52.883904086167625 ], [ -6.059271657309825, 52.88372131545372 ], [ -6.058316247124351, 52.884089738129433 ], [ -6.05858562043706, 52.885220126403077 ], [ -6.058298696453912, 52.885573922446873 ], [ -6.060564768619111, 52.886510954867035 ], [ -6.061544781659062, 52.886531725836399 ], [ -6.060921649314787, 52.88820992655851 ], [ -6.060203754107063, 52.889084455239527 ], [ -6.059873974467449, 52.888995856041966 ], [ -6.059489798861334, 52.888592605220389 ], [ -6.060137726914945, 52.888401793181124 ], [ -6.059919217200064, 52.888139240525845 ], [ -6.059281387506181, 52.88833893575984 ], [ -6.058565188170769, 52.887236715580805 ], [ -6.058203984951788, 52.887076180005501 ], [ -6.05818717066961, 52.886884816349458 ], [ -6.057875318478933, 52.886983053839565 ], [ -6.057821635235585, 52.887703167447015 ], [ -6.058175585808217, 52.887891388586553 ], [ -6.058559542877172, 52.887831912349583 ], [ -6.058891716345375, 52.887960474675964 ], [ -6.060085585477313, 52.889224614159644 ], [ -6.059498530867163, 52.889940813198649 ], [ -6.058525004604773, 52.890852224929176 ], [ -6.055011494494463, 52.889188081950408 ], [ -6.054795538174868, 52.889467168347416 ], [ -6.05443451050628, 52.88932749678218 ], [ -6.054230117543578, 52.889400095934683 ], [ -6.054295343458064, 52.890506707090509 ], [ -6.05400278820242, 52.89051811117573 ], [ -6.05386777924041, 52.890850820633865 ], [ -6.053707401108113, 52.890785558284151 ], [ -6.052954121501512, 52.891196087008474 ], [ -6.052976037055968, 52.891418451932786 ], [ -6.049596297366729, 52.894498501966829 ], [ -6.052088716132038, 52.896031164951339 ], [ -6.052247156322013, 52.895986231687729 ], [ -6.050711256265136, 52.896819714893063 ], [ -6.050380039299792, 52.897191025384679 ], [ -6.049442522376891, 52.897478748571686 ], [ -6.047165911580731, 52.898767698581125 ], [ -6.045908355209424, 52.899091291579211 ], [ -6.044630750872924, 52.899121858526335 ], [ -6.044232569430105, 52.899437054704428 ], [ -6.043978677162514, 52.899376143264043 ], [ -6.043789744908159, 52.899281558781915 ], [ -6.043948312923548, 52.899044432470518 ], [ -6.043207894667773, 52.899066482421922 ], [ -6.042451089364002, 52.89861448983747 ], [ -6.042340116825528, 52.897935306328655 ], [ -6.041846696088354, 52.897643671311911 ], [ -6.042546152490581, 52.897382259134076 ] ], [ [ -6.068982760505567, 52.870316530495899 ], [ -6.069456354325038, 52.86965519711805 ], [ -6.070173598710447, 52.869955756861607 ], [ -6.07208010125092, 52.871238346579901 ], [ -6.073258655765536, 52.872493919553683 ], [ -6.075020760982891, 52.872580941253595 ], [ -6.076644433245076, 52.868440872649586 ], [ -6.076396888743526, 52.868446372285959 ], [ -6.07668054564855, 52.866681137103924 ], [ -6.076352265013408, 52.866653048948166 ], [ -6.076188620808285, 52.865735556954483 ], [ -6.075220911085935, 52.865517150329616 ], [ -6.075431714113035, 52.86401992141279 ], [ -6.07550813642779, 52.863728585374119 ], [ -6.075979705654796, 52.863870103775902 ], [ -6.077768069055544, 52.861970544552442 ], [ -6.077323375130088, 52.860862977608178 ], [ -6.077250305916264, 52.858612070838845 ], [ -6.078465508041424, 52.857354060945291 ], [ -6.078499611306423, 52.856072886086977 ], [ -6.078922184969266, 52.855689871198521 ], [ -6.078317485547911, 52.855169101355457 ], [ -6.078455929773856, 52.854161810555325 ], [ -6.077210691023646, 52.85197043248921 ], [ -6.076933900140122, 52.851824083330186 ], [ -6.076328577222938, 52.852147480695685 ], [ -6.074839879639339, 52.852390319659051 ], [ -6.074341619363728, 52.852339546594614 ], [ -6.063884063374013, 52.85589653691865 ], [ -6.060904193202933, 52.856182831778113 ], [ -6.059395780006932, 52.856875040951778 ], [ -6.057185788657826, 52.858646241054906 ], [ -6.057432985152674, 52.859522081897751 ], [ -6.057364654166402, 52.859846520551905 ], [ -6.057736029747812, 52.85996542824018 ], [ -6.05788418717772, 52.860470331801395 ], [ -6.058393566823732, 52.860679893524207 ], [ -6.058882366815481, 52.861382849519941 ], [ -6.05888292735382, 52.861713580504102 ], [ -6.059829118899434, 52.862268503585533 ], [ -6.060714748200523, 52.862387805217452 ], [ -6.06110261855968, 52.862882929726062 ], [ -6.061806350351917, 52.862999791361503 ], [ -6.061628064046346, 52.863224510093055 ], [ -6.062374210788368, 52.863846589280904 ], [ -6.063686360780149, 52.863951507364327 ], [ -6.063793304386642, 52.864190643429936 ], [ -6.064665026174994, 52.864700710042683 ], [ -6.064874980594528, 52.864673659815274 ], [ -6.065380194233447, 52.865712597691818 ], [ -6.065596692245431, 52.86705855811428 ], [ -6.065315484871019, 52.867032887371224 ], [ -6.065221485321189, 52.867748869664545 ], [ -6.064903807140491, 52.867800259912229 ], [ -6.065272529501228, 52.868643967164097 ], [ -6.065654734457213, 52.86878171393392 ], [ -6.065921622177775, 52.869184923794393 ], [ -6.067087819062564, 52.869486460362339 ], [ -6.068982760505567, 52.870316530495899 ] ] ], [ [ [ -6.071483344950974, 52.878648723073908 ], [ -6.068996535822703, 52.878049636254332 ], [ -6.069648922919319, 52.876987184133249 ], [ -6.070407195723787, 52.874396906064071 ], [ -6.072982666606469, 52.87499223717036 ], [ -6.073178930890265, 52.876468927573235 ], [ -6.071724781085073, 52.878559203638844 ], [ -6.071483344950974, 52.878648723073908 ] ] ] ] } },
{ "type": "Feature", "properties": { "SITECODE": "000716", "SITE_NAME": "Carriggower Bog SAC", "VERSION": 3.01, "COUNTY": "wi", "HA": 84.2966, "Source_CRS": "ITM", "SourcScale": "1:5000", "URL": "https://www.npws.ie/protected-sites/sac/000716" }, "geometry": { "type": "MultiPolygon", "coordinates": [ [ [ [ -6.168176182387743, 53.108946809321296 ], [ -6.166874823945481, 53.107657136117453 ], [ -6.164217888061318, 53.108144142885678 ], [ -6.163849666661484, 53.107647218749129 ], [ -6.161457128141696, 53.106792832667658 ], [ -6.159711403731509, 53.108740452633377 ], [ -6.159074690627397, 53.108584803285325 ], [ -6.159387714600835, 53.107509719133418 ], [ -6.158940064439828, 53.10662390023753 ], [ -6.158343985164087, 53.10630564980552 ], [ -6.157693901553524, 53.105360963698118 ], [ -6.157301964964537, 53.105161110609885 ], [ -6.15560420039701, 53.104909879614539 ], [ -6.155404944520435, 53.104506691147179 ], [ -6.156682800025596, 53.104355950769396 ], [ -6.156727217518803, 53.104516635650178 ], [ -6.157632801807077, 53.104500687304423 ], [ -6.157668313885677, 53.104609549558397 ], [ -6.159164846485544, 53.10416437947206 ], [ -6.158397780464617, 53.103552649166375 ], [ -6.163683645324816, 53.102490705120836 ], [ -6.165696411064959, 53.101671633938835 ], [ -6.167828652927243, 53.101577733457802 ], [ -6.167864299896, 53.10197941551008 ], [ -6.170522377958484, 53.103016476589204 ], [ -6.171337828016121, 53.103042852347272 ], [ -6.174584651263618, 53.100912891616517 ], [ -6.175189449277469, 53.099379018802232 ], [ -6.176091079206581, 53.098601595749805 ], [ -6.176639518371116, 53.098837474219003 ], [ -6.179300868714562, 53.098211095270898 ], [ -6.17915293594681, 53.098479554798757 ], [ -6.179498357141267, 53.099111369681225 ], [ -6.178944026073402, 53.099562500286851 ], [ -6.179509663663767, 53.099924351526596 ], [ -6.178943331039207, 53.100399846307056 ], [ -6.178989928653118, 53.100785845150291 ], [ -6.178751199324052, 53.101104036257496 ], [ -6.177661395518839, 53.101111441818666 ], [ -6.177292474044734, 53.101411852370049 ], [ -6.177731080918346, 53.101472200700925 ], [ -6.177991135261878, 53.101859004613914 ], [ -6.177427876914126, 53.102767051050442 ], [ -6.177865790212784, 53.103135542112341 ], [ -6.177798380147538, 53.103537263097067 ], [ -6.179809823275931, 53.104063240287879 ], [ -6.180290908965334, 53.104722411680136 ], [ -6.178359445067144, 53.105930892192255 ], [ -6.176784088901785, 53.104730102472857 ], [ -6.174222453366282, 53.106037343414798 ], [ -6.175045171696319, 53.106879022367821 ], [ -6.173614921329934, 53.107218079987867 ], [ -6.173343907719612, 53.106887222249313 ], [ -6.170295319058885, 53.107706708504971 ], [ -6.169612069952231, 53.107541230072918 ], [ -6.169250345324327, 53.107837996566566 ], [ -6.169157237546836, 53.108336355505287 ], [ -6.168176182387743, 53.108946809321296 ] ] ] ] } },
{ "type": "Feature", "properties": { "SITECODE": "000717", "SITE_NAME": "Deputy's Pass Nature Reserve SAC", "VERSION": 3.0, "COUNTY": "wi", "HA": 47.8804, "Source_CRS": "ITM", "SourcScale": "1:5000", "URL": "https://www.npws.ie/protected-sites/sac/000717" }, "geometry": { "type": "MultiPolygon", "coordinates": [ [ [ [ -6.158434258366562, 52.955715360276059 ], [ -6.159131491085876, 52.953317195203255 ], [ -6.159357261495235, 52.953293690435018 ], [ -6.15888210123802, 52.952924098543875 ], [ -6.16050923264822, 52.95209028562617 ], [ -6.161683368082988, 52.950964911881719 ], [ -6.160375575557841, 52.950331212950793 ], [ -6.159913477818931, 52.950467788399834 ], [ -6.15876343508428, 52.951318146557973 ], [ -6.157630833769047, 52.950720740997596 ], [ -6.160049713167774, 52.948971798495087 ], [ -6.161359350790429, 52.947587604786186 ], [ -6.167511462227515, 52.948521233333281 ], [ -6.167841320206159, 52.948915579593688 ], [ -6.168308129232336, 52.948884161029135 ], [ -6.168682426802421, 52.949212133605457 ], [ -6.1698771317705, 52.949380051795472 ], [ -6.169645269899674, 52.950873939399607 ], [ -6.168187066579435, 52.952265438947279 ], [ -6.168018685861598, 52.952658906643798 ], [ -6.16586781574396, 52.954261953365418 ], [ -6.165289066848204, 52.955248116191676 ], [ -6.161228867439725, 52.955998827916076 ], [ -6.159163905084557, 52.956012563591898 ], [ -6.158434258366562, 52.955715360276059 ] ] ] ] } },
{ "type": "Feature", "properties": { "SITECODE": "000719", "SITE_NAME": "Glen of the Downs SAC", "VERSION": 3.02, "COUNTY": "wi", "HA": 73.26, "Source_CRS": "ITM", "SourcScale": "1:5000", "URL": "https://www.npws.ie/protected-sites/sac/000719" }, "geometry": { "type": "MultiPolygon", "coordinates": [ [ [ [ -6.121390822875969, 53.140877089083538 ], [ -6.119263745969657, 53.140332340817416 ], [ -6.116871361925142, 53.139868254961947 ], [ -6.115586303712745, 53.139035332943862 ], [ -6.115167878509053, 53.13903113571164 ], [ -6.114629854628809, 53.138713314605745 ], [ -6.112773337734661, 53.13707521025875 ], [ -6.111297358116492, 53.135267562603985 ], [ -6.108862995989918, 53.13328957488514 ], [ -6.107486476840304, 53.131363719546506 ], [ -6.105642402940473, 53.13003440668971 ], [ -6.104638780860995, 53.12968246235971 ], [ -6.103855994150088, 53.129949928414405 ], [ -6.104106778124591, 53.132338937718636 ], [ -6.103382254256909, 53.132141132782024 ], [ -6.101752225038288, 53.130979456415325 ], [ -6.101279263032009, 53.130571604386766 ], [ -6.101361121850826, 53.130427096489825 ], [ -6.10408386676464, 53.129312246296678 ], [ -6.104854384545516, 53.128612535976252 ], [ -6.105453992953879, 53.128559897683139 ], [ -6.106430291092594, 53.128849369246041 ], [ -6.107036496743405, 53.128543942781377 ], [ -6.108637703077466, 53.128893624647766 ], [ -6.108931601608556, 53.12903512799933 ], [ -6.108671575409279, 53.129368771201285 ], [ -6.108758925136151, 53.130026535315963 ], [ -6.109379602564981, 53.130727215684601 ], [ -6.109831999844566, 53.130929507208627 ], [ -6.110357585926154, 53.130692525487468 ], [ -6.112077938275999, 53.13067772945157 ], [ -6.113460940599325, 53.131274109556138 ], [ -6.111401345223334, 53.131074109069409 ], [ -6.110921832249996, 53.13114187876112 ], [ -6.111276916006271, 53.131592252184063 ], [ -6.112251658414514, 53.132160271415863 ], [ -6.113314018973603, 53.132171055844637 ], [ -6.113314546270858, 53.132506582163671 ], [ -6.113965340150036, 53.132564867400802 ], [ -6.118089845257479, 53.134845413357006 ], [ -6.118606700001386, 53.135089776699978 ], [ -6.119112696252165, 53.135113430859477 ], [ -6.121201864086051, 53.136279470803508 ], [ -6.123404894741109, 53.138025081672794 ], [ -6.12371299066445, 53.137959827041783 ], [ -6.12479873202494, 53.139000186627591 ], [ -6.126109211108616, 53.13954059595337 ], [ -6.128446464094845, 53.139367048517876 ], [ -6.128657892308693, 53.139547465273075 ], [ -6.130034610016517, 53.139592747475916 ], [ -6.131115068221535, 53.139529392314486 ], [ -6.131834894460511, 53.13899298956305 ], [ -6.132389248936455, 53.139179382822249 ], [ -6.132121248446076, 53.139385384948262 ], [ -6.132162870035619, 53.139637608472697 ], [ -6.132883579616746, 53.140120719082873 ], [ -6.132144268709673, 53.140482559116109 ], [ -6.131065711717326, 53.140524336087836 ], [ -6.130437743287729, 53.140272827014357 ], [ -6.129098660327758, 53.140432127915744 ], [ -6.128393293733264, 53.140880437917936 ], [ -6.128477108120855, 53.141076789770338 ], [ -6.126082241445269, 53.140740749641132 ], [ -6.124954499605534, 53.140372107032377 ], [ -6.124793503068507, 53.140161293041665 ], [ -6.124034835812234, 53.140677142854948 ], [ -6.12347818137684, 53.140703667912142 ], [ -6.123715416652016, 53.141438826405832 ], [ -6.123599998924884, 53.141843776744622 ], [ -6.122257773871963, 53.143659659469108 ], [ -6.121094891253733, 53.14349844395295 ], [ -6.122310117097988, 53.141949153560226 ], [ -6.122507065215665, 53.141292596311317 ], [ -6.121390822875969, 53.140877089083538 ] ], [ [ -6.123950718140962, 53.139677427949721 ], [ -6.123092869968549, 53.13950175189526 ], [ -6.122927851025107, 53.139703838213748 ], [ -6.123686145156113, 53.139977656787934 ], [ -6.123950718140962, 53.139677427949721 ] ] ] ] } },
{ "type": "Feature", "properties": { "SITECODE": "001757", "SITE_NAME": "Holdenstown Bog SAC", "VERSION": 3.0, "COUNTY": "wi", "HA": 4.0462, "Source_CRS": "ITM", "SourcScale": "1:5000", "URL": "https://www.npws.ie/protected-sites/sac/001757" }, "geometry": { "type": "MultiPolygon", "coordinates": [ [ [ [ -6.685795543818164, 52.909519566935032 ], [ -6.687256063042502, 52.909245009665746 ], [ -6.688748330766866, 52.909391488073169 ], [ -6.689653634844166, 52.909301106169494 ], [ -6.69021180584498, 52.909417358729925 ], [ -6.690577928978739, 52.909935593595094 ], [ -6.690160309570581, 52.910561477666342 ], [ -6.688552186168072, 52.91075626166532 ], [ -6.687772888852837, 52.911059025966786 ], [ -6.685795543818164, 52.909519566935032 ] ] ] ] } },
{ "type": "Feature", "properties": { "SITECODE": "001742", "SITE_NAME": "Kilpatrick Sandhills SAC", "VERSION": 3.02, "COUNTY": "wx, wi", "HA": 40.6455, "Source_CRS": "ITM", "SourcScale": "1:5000", "URL": "https://www.npws.ie/protected-sites/sac/001742" }, "geometry": { "type": "MultiPolygon", "coordinates": [ [ [ [ -6.14456357655281, 52.737806263557012 ], [ -6.144523818349144, 52.737697673229725 ], [ -6.144904574107791, 52.737714606720196 ], [ -6.144907543511551, 52.737774559350378 ], [ -6.14456357655281, 52.737806263557012 ] ] ] ] } },
{ "type": "Feature", "properties": { "SITECODE": "000725", "SITE_NAME": "Knocksink Wood SAC", "VERSION": 3.01, "COUNTY": "du, wi", "HA": 87.8851, "Source_CRS": "ITM", "SourcScale": "1:5000", "URL": "https://www.npws.ie/protected-sites/sac/000725" }, "geometry": { "type": "MultiPolygon", "coordinates": [ [ [ [ -6.21588379520666, 53.211367043143802 ], [ -6.214580055298626, 53.211541966595483 ], [ -6.213815274148633, 53.211133397216166 ], [ -6.212451893149097, 53.210987597157036 ], [ -6.210924115185663, 53.210295777188875 ], [ -6.208325954118648, 53.211109701970216 ], [ -6.208462442424417, 53.21154635384962 ], [ -6.20655589530384, 53.211460501259964 ], [ -6.206168240205143, 53.2112820739287 ], [ -6.205404113361715, 53.211231107269043 ], [ -6.205092734832236, 53.21135262769684 ], [ -6.205075206503952, 53.211778349682774 ], [ -6.204039736241358, 53.21187353569843 ], [ -6.203136709255118, 53.211688322476604 ], [ -6.200921190751098, 53.210718918006236 ], [ -6.199825065983689, 53.209883860274296 ], [ -6.197509244673132, 53.20880490406288 ], [ -6.194580638454078, 53.207120080495315 ], [ -6.194868606987458, 53.206691850712296 ], [ -6.191759141849332, 53.205469883394933 ], [ -6.190503983438965, 53.205318309118866 ], [ -6.190442313112333, 53.205111672747385 ], [ -6.189679670107724, 53.204791136448911 ], [ -6.189784215114507, 53.204696180626279 ], [ -6.18851745126809, 53.204412640583925 ], [ -6.188422094912579, 53.203757812343603 ], [ -6.189050685223735, 53.203213861633813 ], [ -6.188022538790831, 53.203236187408621 ], [ -6.186947594804646, 53.202777099000571 ], [ -6.186888658243963, 53.202513992024954 ], [ -6.186113215060852, 53.201902408308818 ], [ -6.185653430581884, 53.20193663630706 ], [ -6.184841341602431, 53.201673551104705 ], [ -6.183693696921637, 53.20097462846649 ], [ -6.182946409634692, 53.200855901413085 ], [ -6.181676118498785, 53.200213854347957 ], [ -6.180131641018709, 53.199881193126565 ], [ -6.179784056886522, 53.200116242010488 ], [ -6.17815847734754, 53.199896594673987 ], [ -6.177215796000519, 53.198988319283991 ], [ -6.176283454196114, 53.198524564512695 ], [ -6.176091521981374, 53.196995857132286 ], [ -6.176788106773152, 53.196608423146998 ], [ -6.176778464102616, 53.195774112767381 ], [ -6.175232898181943, 53.195902620510118 ], [ -6.173371502340797, 53.19582250297789 ], [ -6.173237529546013, 53.195592422505179 ], [ -6.17297527955436, 53.195743048339665 ], [ -6.172873389468033, 53.197535092881054 ], [ -6.173188446966653, 53.198459819747065 ], [ -6.174310497000757, 53.199400385950518 ], [ -6.176039412162957, 53.199954590903026 ], [ -6.176627522278614, 53.200611947801796 ], [ -6.176113547520615, 53.200699581595778 ], [ -6.175733303022997, 53.200203287391169 ], [ -6.174015833748745, 53.199758921399535 ], [ -6.172596619785404, 53.198709069872159 ], [ -6.17149573554019, 53.196036559360692 ], [ -6.171355006799872, 53.195023288941563 ], [ -6.170331733439958, 53.194615868023234 ], [ -6.172235064875638, 53.194907669901092 ], [ -6.174076052646395, 53.195398861242509 ], [ -6.174222444150629, 53.195553558093948 ], [ -6.174670532960709, 53.195318016118613 ], [ -6.17437764901817, 53.195182152614244 ], [ -6.174824446207195, 53.194436136744351 ], [ -6.177684086579401, 53.19474908740802 ], [ -6.17825144696666, 53.194516435355808 ], [ -6.179013115434155, 53.194457189981883 ], [ -6.180176794072056, 53.194760824143387 ], [ -6.18016568984741, 53.196124604109961 ], [ -6.179963358413487, 53.196217509261146 ], [ -6.179424780845798, 53.196091027191798 ], [ -6.178573182879075, 53.196623435635459 ], [ -6.179192739379791, 53.197326239184527 ], [ -6.180269266313895, 53.197148899035575 ], [ -6.180780796452639, 53.197864569027338 ], [ -6.181699459208075, 53.198622917941165 ], [ -6.183436676138962, 53.198935577989857 ], [ -6.183348577840291, 53.199246519258125 ], [ -6.184728794243822, 53.199771037313688 ], [ -6.187846529116031, 53.2003522834462 ], [ -6.188281691488553, 53.200251553856319 ], [ -6.189201468803015, 53.20070564214484 ], [ -6.189212876449741, 53.201217468307341 ], [ -6.189803185002785, 53.201660535231312 ], [ -6.190038217294359, 53.202651671960425 ], [ -6.190531055141288, 53.202389425770271 ], [ -6.190959259279899, 53.203503705362515 ], [ -6.19162840521813, 53.203551787001565 ], [ -6.192751731765784, 53.203264055076666 ], [ -6.193320348132152, 53.20336062254097 ], [ -6.193873444509197, 53.204307191812489 ], [ -6.194860239273376, 53.204198063742759 ], [ -6.195227733584919, 53.204330889497342 ], [ -6.196904219660335, 53.203833375970675 ], [ -6.197377476369961, 53.20386811450004 ], [ -6.197476244676415, 53.204192813738118 ], [ -6.196459377704311, 53.204386160893684 ], [ -6.197852332502091, 53.205696779107683 ], [ -6.200108043925272, 53.205084786373227 ], [ -6.201473219341072, 53.206448808902714 ], [ -6.203845102599561, 53.207906798226212 ], [ -6.205582475206748, 53.209387739552298 ], [ -6.206370151216488, 53.208983286227962 ], [ -6.20625031269681, 53.209063414605225 ], [ -6.206652754504374, 53.209211041963236 ], [ -6.207646416035929, 53.209131615638505 ], [ -6.209034658842516, 53.20938844153229 ], [ -6.209356660763473, 53.209582041139917 ], [ -6.209866382316979, 53.209419817451888 ], [ -6.211524628914233, 53.209547398560133 ], [ -6.211339127002221, 53.21031717294224 ], [ -6.211815866555217, 53.210646726042114 ], [ -6.212165342863069, 53.210716588318654 ], [ -6.21240879407041, 53.210528149230008 ], [ -6.212733215210102, 53.210551253932699 ], [ -6.214897975259351, 53.211357526411199 ], [ -6.21588379520666, 53.211367043143802 ] ] ] ] } },
{ "type": "Feature", "properties": { "SITECODE": "001766", "SITE_NAME": "Magherabeg Dunes SAC", "VERSION": 3.01, "COUNTY": "wi", "HA": 75.1746, "Source_CRS": "ITM", "SourcScale": "1:5000", "URL": "https://www.npws.ie/protected-sites/sac/001766" }, "geometry": { "type": "MultiPolygon", "coordinates": [ [ [ [ -6.022897369358105, 52.924260389485625 ], [ -6.024455853021194, 52.924543800741738 ], [ -6.025072718218444, 52.924308029124823 ], [ -6.026994601141283, 52.923161938753204 ], [ -6.031546753054127, 52.921015470366335 ], [ -6.031711817915214, 52.92055535229705 ], [ -6.035757605504158, 52.917673876609499 ], [ -6.037081667391194, 52.916387882416906 ], [ -6.037843125799833, 52.91537009850358 ], [ -6.037981355496435, 52.914195387196877 ], [ -6.038463183278565, 52.913796403983021 ], [ -6.037914990280932, 52.913190496210774 ], [ -6.037938844421144, 52.912858997705797 ], [ -6.038678798139846, 52.912783658372909 ], [ -6.038674533561563, 52.913124487461701 ], [ -6.039254687324511, 52.913246006818447 ], [ -6.039049143329311, 52.913454205800456 ], [ -6.039841249112807, 52.913638917557932 ], [ -6.039367613776994, 52.913876958354479 ], [ -6.03951950309764, 52.914229111345179 ], [ -6.03937184974236, 52.914452711782396 ], [ -6.039027699369181, 52.914422463167305 ], [ -6.038885681718422, 52.914610128091233 ], [ -6.03925492469121, 52.91491609790441 ], [ -6.039193562681377, 52.915431701505483 ], [ -6.039806211360228, 52.915806144250624 ], [ -6.039900595388587, 52.916111535911256 ], [ -6.040628007678756, 52.916344315448718 ], [ -6.040442425993683, 52.917019537543439 ], [ -6.040652985204985, 52.917312789912557 ], [ -6.04042496213795, 52.91783143337485 ], [ -6.040557876836007, 52.918352318904866 ], [ -6.038757943079546, 52.919541242657992 ], [ -6.03856725297533, 52.920190641919959 ], [ -6.037783568716058, 52.920596945311964 ], [ -6.037309220229006, 52.920655797548847 ], [ -6.036763957909963, 52.92120012282799 ], [ -6.037500916340557, 52.922001931825747 ], [ -6.038751590349327, 52.922033599793956 ], [ -6.038258203780049, 52.922313126384779 ], [ -6.038524570939574, 52.92252530531244 ], [ -6.038599696574565, 52.923073862105205 ], [ -6.038901279257692, 52.923201694411063 ], [ -6.039737351591095, 52.922904098184283 ], [ -6.040173387039544, 52.923033044022176 ], [ -6.039533866750245, 52.923491002721434 ], [ -6.037600963393476, 52.923006542183714 ], [ -6.037557315653404, 52.923568757537552 ], [ -6.038793619959014, 52.923905580618509 ], [ -6.039555858474548, 52.924781283814134 ], [ -6.038089583864013, 52.924152262185657 ], [ -6.036908628763156, 52.923932664296565 ], [ -6.036867327448084, 52.923432966022773 ], [ -6.036185893399594, 52.922693277520644 ], [ -6.035287877505375, 52.922471706787164 ], [ -6.032820040238787, 52.924049809256779 ], [ -6.031810611793961, 52.923623583992594 ], [ -6.031407061828552, 52.924127055417003 ], [ -6.030571516566551, 52.924441638217814 ], [ -6.029997739018632, 52.925062736120999 ], [ -6.029873754935884, 52.924930941339625 ], [ -6.029587645891565, 52.925517623315919 ], [ -6.028716144139781, 52.925649621393049 ], [ -6.028918696095663, 52.925895317554371 ], [ -6.028808946414904, 52.926251268103641 ], [ -6.029305762610817, 52.926563547014339 ], [ -6.029194722819552, 52.926799607980982 ], [ -6.028561596319035, 52.927077055896383 ], [ -6.028050169510764, 52.92682276218688 ], [ -6.027110778265822, 52.926754775591824 ], [ -6.022245250291264, 52.927403925839748 ], [ -6.02139685897007, 52.927333678724821 ], [ -6.021032397884319, 52.927807621217639 ], [ -6.021573593188502, 52.927788554600674 ], [ -6.02190302454404, 52.928382750017938 ], [ -6.023345061059591, 52.928799844715741 ], [ -6.024039336191671, 52.929740491535377 ], [ -6.023522305464658, 52.930982654084538 ], [ -6.023900152886124, 52.931069386595922 ], [ -6.023209301057883, 52.932178220019956 ], [ -6.021607392461344, 52.932820613429506 ], [ -6.021982477242668, 52.933467250559481 ], [ -6.021949020420849, 52.934209427858654 ], [ -6.021601892914136, 52.933957987369801 ], [ -6.021352680836046, 52.933311920291928 ], [ -6.019547501648062, 52.933433102377755 ], [ -6.01843081346051, 52.933676556007306 ], [ -6.020402504793588, 52.932997642001943 ], [ -6.021784569039627, 52.931851302124159 ], [ -6.022635881696952, 52.930867137812129 ], [ -6.022997837359876, 52.929779306802672 ], [ -6.022889739614897, 52.929131062373138 ], [ -6.021466241443432, 52.928850715357001 ], [ -6.020958204704886, 52.928478232890136 ], [ -6.021218124506987, 52.928367314700466 ], [ -6.0211008661288, 52.928028120124772 ], [ -6.020457040052514, 52.927898630454003 ], [ -6.020945589713134, 52.927528817719754 ], [ -6.020691372576415, 52.92719667134471 ], [ -6.021016163128575, 52.926918640951087 ], [ -6.020832665798029, 52.926735111022793 ], [ -6.021098917685349, 52.925960198451499 ], [ -6.020925665352981, 52.925371551032057 ], [ -6.022897369358105, 52.924260389485625 ] ] ], [ [ [ -6.020635548727066, 52.925270983803209 ], [ -6.020379938952493, 52.924985007949552 ], [ -6.020819002785352, 52.924889293230301 ], [ -6.021043489140197, 52.925197014524493 ], [ -6.020635548727066, 52.925270983803209 ] ] ] ] } },
{ "type": "Feature", "properties": { "SITECODE": "000781", "SITE_NAME": "Slaney River Valley SAC", "VERSION": 3.03, "COUNTY": "cw, wi, wx", "HA": 5948.1998, "Source_CRS": "ITM", "SourcScale": "1:5000", "URL": "https://www.npws.ie/protected-sites/sac/000781" }, "geometry": { "type": "MultiPolygon", "coordinates": [ [ [ [ -6.673333038686827, 52.909338467903417 ], [ -6.673710753689368, 52.908063137024889 ], [ -6.675613633081617, 52.90696458516863 ], [ -6.676878346876959, 52.90528566199341 ], [ -6.67726943215796, 52.905207011111287 ], [ -6.679195827258233, 52.905917530690637 ], [ -6.681003239165664, 52.906054281335066 ], [ -6.682316718623457, 52.905635230212788 ], [ -6.68336708771074, 52.904497407038043 ], [ -6.684815871901849, 52.904423628407741 ], [ -6.685267586992631, 52.90393204663409 ], [ -6.685461328388325, 52.903996928640218 ], [ -6.684961042626845, 52.904523174225211 ], [ -6.683249467933645, 52.904800961056843 ], [ -6.683005141092658, 52.905275696112639 ], [ -6.682464407789387, 52.905696648327677 ], [ -6.681054106926106, 52.906169605338903 ], [ -6.679438601389838, 52.906075434404343 ], [ -6.677197839986569, 52.905274893969299 ], [ -6.675645716314497, 52.907095816227674 ], [ -6.673953660093722, 52.907989802012615 ], [ -6.673452747301971, 52.909094005929433 ], [ -6.674389687409283, 52.909624444168863 ], [ -6.675196366189476, 52.910566706955827 ], [ -6.675490236851641, 52.911927231600345 ], [ -6.676396050458679, 52.913006854320308 ], [ -6.679347367131514, 52.914347690472091 ], [ -6.680237970236931, 52.914407564337033 ], [ -6.680599236466864, 52.914601861711262 ], [ -6.681977111469931, 52.917556715263636 ], [ -6.683552832932699, 52.91831366032585 ], [ -6.684106156883642, 52.918784938146011 ], [ -6.683622964610533, 52.919584133340159 ], [ -6.685491412930377, 52.920337913470988 ], [ -6.685879080723955, 52.920950805155115 ], [ -6.687201919130198, 52.921672274019699 ], [ -6.689308923870101, 52.921631450101856 ], [ -6.691763740529887, 52.923626239671918 ], [ -6.693795504536096, 52.924323529937929 ], [ -6.694566641166434, 52.92477387271925 ], [ -6.695089506705572, 52.925595578125346 ], [ -6.695620610551275, 52.927306949610447 ], [ -6.695210960634124, 52.928556686104891 ], [ -6.694146197807424, 52.929540896582296 ], [ -6.69354840629343, 52.930599264288006 ], [ -6.694081210001572, 52.930974362003838 ], [ -6.694894338392985, 52.931142029681652 ], [ -6.696592029836986, 52.930819558156863 ], [ -6.697145997222009, 52.930936190422422 ], [ -6.697792304358846, 52.931397547715555 ], [ -6.698262775554891, 52.932216056804478 ], [ -6.698795921655939, 52.932544847581489 ], [ -6.700938990155481, 52.93259930674045 ], [ -6.703413325580449, 52.933852163077191 ], [ -6.703858170529833, 52.934231020039313 ], [ -6.704105619581665, 52.935274835944512 ], [ -6.706735436124693, 52.936905387550006 ], [ -6.707043142530967, 52.938293297499698 ], [ -6.707695233096523, 52.939103049114749 ], [ -6.70998375453738, 52.940620411745584 ], [ -6.710064146777519, 52.940917345601996 ], [ -6.71127165744716, 52.942017690646722 ], [ -6.711570137795167, 52.942812424721893 ], [ -6.712059689300533, 52.942786651556773 ], [ -6.712598809510062, 52.943821438098453 ], [ -6.712633944113016, 52.944446446183392 ], [ -6.712104256571487, 52.945120501587148 ], [ -6.711241417105533, 52.94575560872314 ], [ -6.710704186775474, 52.946657421351269 ], [ -6.711387260609747, 52.947575075044021 ], [ -6.711436878520232, 52.948057027502514 ], [ -6.710301935541211, 52.949473765432558 ], [ -6.708881575235695, 52.950654773288932 ], [ -6.709951470199411, 52.951323528362224 ], [ -6.709953923024615, 52.951777194031834 ], [ -6.709476970539368, 52.952320751094788 ], [ -6.708009855563278, 52.952854983981076 ], [ -6.706707135222752, 52.953629357290367 ], [ -6.706506349747622, 52.953858800292501 ], [ -6.706514634978397, 52.954942699291443 ], [ -6.705678423332369, 52.955564573906216 ], [ -6.704830639558893, 52.955911453649605 ], [ -6.703854813879269, 52.956931414166604 ], [ -6.702440967451847, 52.957269675384019 ], [ -6.70174540412861, 52.957671946032761 ], [ -6.70135023513852, 52.958733371277823 ], [ -6.700458469246367, 52.959262292363881 ], [ -6.70014381328698, 52.960809960877491 ], [ -6.698688391556269, 52.961901931087773 ], [ -6.698916601769702, 52.962843077531893 ], [ -6.698766437886891, 52.96331772248044 ], [ -6.697634950974434, 52.964363341711284 ], [ -6.698123762595855, 52.965626619488319 ], [ -6.697998444836904, 52.966134527345652 ], [ -6.696926542943082, 52.96713071057134 ], [ -6.69611611245265, 52.967344462728548 ], [ -6.694864270035451, 52.967431302556079 ], [ -6.694582149071707, 52.967690753366099 ], [ -6.695511578244221, 52.968569765351234 ], [ -6.696315360966327, 52.968855242529145 ], [ -6.697276044417555, 52.968950086045567 ], [ -6.698005834597326, 52.96936534189215 ], [ -6.698339055248717, 52.969991788231816 ], [ -6.698398167792916, 52.971105905153863 ], [ -6.699057643087473, 52.972322407576748 ], [ -6.698805147986723, 52.972903521676471 ], [ -6.696193543646304, 52.974738713614116 ], [ -6.694974580595706, 52.97597309076793 ], [ -6.694966291666784, 52.976757675856312 ], [ -6.69526473325834, 52.977385581761396 ], [ -6.695481110768435, 52.977373951230675 ], [ -6.695818435652047, 52.977657192288419 ], [ -6.695688005107518, 52.978050303927915 ], [ -6.694220830895985, 52.978853455076568 ], [ -6.693840503644497, 52.979346778383189 ], [ -6.691971229355828, 52.979997179069777 ], [ -6.689078976185293, 52.980334991824748 ], [ -6.685661813957329, 52.98176777103555 ], [ -6.68560073310734, 52.981621317229077 ], [ -6.687326455506127, 52.980371927227189 ], [ -6.688697887725557, 52.979925037607693 ], [ -6.690648854554055, 52.979706227160094 ], [ -6.691908583484259, 52.97929404255931 ], [ -6.690635749459903, 52.979013659067689 ], [ -6.689614333715268, 52.979060019699595 ], [ -6.68884394111472, 52.979208369524414 ], [ -6.688187201395701, 52.979525331196946 ], [ -6.686680279129755, 52.979660235723451 ], [ -6.685369169732213, 52.980448935348377 ], [ -6.683887167693453, 52.980691937807173 ], [ -6.683232675525272, 52.980529193371616 ], [ -6.682464736425833, 52.980013924512697 ], [ -6.682517287457881, 52.979849033596444 ], [ -6.681987430619521, 52.979647394825001 ], [ -6.681459924966575, 52.979945529074961 ], [ -6.681102439992086, 52.980536676774669 ], [ -6.680529443730414, 52.980714848101563 ], [ -6.679842008129762, 52.980633960715153 ], [ -6.678211272176823, 52.980090835151763 ], [ -6.675737169529893, 52.980133946075981 ], [ -6.674825418343133, 52.980588138182512 ], [ -6.670577312896187, 52.980960711028551 ], [ -6.670060211912101, 52.981156984069806 ], [ -6.670213513867408, 52.981363504728627 ], [ -6.66773044819795, 52.982183246713134 ], [ -6.665595251526225, 52.982305087535558 ], [ -6.663536972427314, 52.98268832666718 ], [ -6.663209065580638, 52.983223757928243 ], [ -6.663247587653932, 52.984669598519659 ], [ -6.657985250164042, 52.989458687102626 ], [ -6.657251937224784, 52.990429861296128 ], [ -6.656101439152677, 52.992958987223815 ], [ -6.657165515384344, 52.993283526436066 ], [ -6.656241796253191, 52.99417729656075 ], [ -6.654956235450372, 52.99466122388926 ], [ -6.653767002393947, 52.995725037499156 ], [ -6.652927670659767, 52.995849265214893 ], [ -6.652263191485988, 52.996523862698858 ], [ -6.650906856158359, 52.99674684546887 ], [ -6.649430484262719, 52.997656042232563 ], [ -6.648410993265493, 52.99792601062078 ], [ -6.646627214236822, 52.997761986297036 ], [ -6.645561101387308, 52.997957381355825 ], [ -6.64486569936172, 52.997757358190938 ], [ -6.644249068294375, 52.998412381754243 ], [ -6.642186237150819, 52.999566069571117 ], [ -6.641794421250722, 52.999228824356877 ], [ -6.639841250970493, 53.000791548201633 ], [ -6.640543703852179, 53.001157354261522 ], [ -6.639646232126096, 53.001860002196963 ], [ -6.639108346416164, 53.002024055425707 ], [ -6.638577589397721, 53.003134837366581 ], [ -6.638928091708582, 53.003354619534662 ], [ -6.637811942794259, 53.00439907804796 ], [ -6.636530065231444, 53.006357533859656 ], [ -6.637848903877328, 53.007688927695717 ], [ -6.638963502100257, 53.008150981015135 ], [ -6.640795308264913, 53.009326909564699 ], [ -6.641691332620884, 53.009382888095018 ], [ -6.642164572271975, 53.010960434986508 ], [ -6.641846804860266, 53.012731349437409 ], [ -6.64110564705443, 53.013103924737223 ], [ -6.641342609327621, 53.013536238869087 ], [ -6.640630269822196, 53.013343735121836 ], [ -6.640563123734511, 53.012644036216713 ], [ -6.639818003728209, 53.012300309420638 ], [ -6.639770050048105, 53.011891876800021 ], [ -6.637924902144707, 53.01093886511697 ], [ -6.637995923589767, 53.010740204948071 ], [ -6.638446619941738, 53.0105881369768 ], [ -6.641083689655344, 53.01110047134793 ], [ -6.640761805892097, 53.010359354807825 ], [ -6.639532923263353, 53.009887798026632 ], [ -6.638019024030371, 53.008655790845353 ], [ -6.636913919501326, 53.009329932914802 ], [ -6.636388420344534, 53.007407226459136 ], [ -6.635740435760344, 53.007521681790827 ], [ -6.635374139350294, 53.007400515846669 ], [ -6.634496992056384, 53.007887794094266 ], [ -6.634221293199541, 53.007809776228072 ], [ -6.634219025740824, 53.007428482133399 ], [ -6.634822398476198, 53.007258457930632 ], [ -6.635171959923816, 53.006098181727637 ], [ -6.635749550529176, 53.006153012655638 ], [ -6.635900418158082, 53.005928353773143 ], [ -6.636253705087266, 53.004571410617935 ], [ -6.637566898750467, 53.002597805426696 ], [ -6.637654982176595, 53.002412021241113 ], [ -6.637229427415129, 53.0021806000316 ], [ -6.637334240114825, 53.001935687830318 ], [ -6.63698409584049, 53.001716507126531 ], [ -6.637266404983182, 53.001366508836689 ], [ -6.637648353699732, 53.001290055439632 ], [ -6.638144901166799, 53.000630027673921 ], [ -6.638440728018136, 52.999313874410483 ], [ -6.638854111428897, 52.998936035980563 ], [ -6.639690084924058, 52.998783960579196 ], [ -6.63927941556792, 52.998477349313887 ], [ -6.639412117399608, 52.998378668066678 ], [ -6.640521758849161, 52.998176706196091 ], [ -6.640630396416084, 52.998282444575601 ], [ -6.642437485611149, 52.997239740016958 ], [ -6.642509216601103, 52.996827588603232 ], [ -6.643309768091402, 52.996473578182211 ], [ -6.644926603524373, 52.996593574049783 ], [ -6.646086260471014, 52.996491530486331 ], [ -6.646610451213923, 52.996773583943451 ], [ -6.646729679586414, 52.996474956314223 ], [ -6.647458250207985, 52.9964593482865 ], [ -6.649434549848528, 52.996708779519523 ], [ -6.655146793084681, 52.993690567872015 ], [ -6.655972838985966, 52.992897704811909 ], [ -6.657059569192503, 52.990468854156738 ], [ -6.657790851225673, 52.989432673912255 ], [ -6.662796565733957, 52.984839618789799 ], [ -6.659675106566167, 52.984718897364822 ], [ -6.658889556808867, 52.984850254894326 ], [ -6.658770637835898, 52.984965761035781 ], [ -6.65906013499109, 52.985113380158545 ], [ -6.65984362476183, 52.985290834675389 ], [ -6.660023939215401, 52.985703902494244 ], [ -6.660692587919347, 52.986060093015261 ], [ -6.660236266351195, 52.986360913169129 ], [ -6.659586617332399, 52.98633534405365 ], [ -6.658427055016974, 52.985853974263598 ], [ -6.65731331863016, 52.985024722627458 ], [ -6.656448891645691, 52.983897351160181 ], [ -6.655658299005095, 52.983724465755266 ], [ -6.654111416683272, 52.984378029187667 ], [ -6.653996071302799, 52.985317873038383 ], [ -6.653238320057276, 52.986030788264422 ], [ -6.652771445258159, 52.98610965436027 ], [ -6.652277002859562, 52.985871644155019 ], [ -6.651929221410425, 52.985148410172343 ], [ -6.651649783059337, 52.98502165209581 ], [ -6.649530769616021, 52.985197497435713 ], [ -6.648843855570663, 52.985508687312048 ], [ -6.647618479175414, 52.985522618781772 ], [ -6.646876091839334, 52.985941653393596 ], [ -6.647103891461073, 52.987806544238907 ], [ -6.647506514073742, 52.988237701622005 ], [ -6.647457448984926, 52.988534205609874 ], [ -6.647067528161975, 52.989237958294218 ], [ -6.646776161320365, 52.989150095908009 ], [ -6.646540773902638, 52.98947870540993 ], [ -6.646094531410688, 52.989588660078788 ], [ -6.644222886095151, 52.989130678313977 ], [ -6.642704888851219, 52.98909016760544 ], [ -6.640062605866427, 52.988740077163108 ], [ -6.639038559089307, 52.988299477297183 ], [ -6.636219335770682, 52.988460908664557 ], [ -6.635579681757346, 52.988174129570353 ], [ -6.634626630659294, 52.9871695289958 ], [ -6.633924841674092, 52.986924631980244 ], [ -6.633237308208566, 52.986946390435925 ], [ -6.632842810505351, 52.987172607675731 ], [ -6.632653801255458, 52.987093872613372 ], [ -6.632133844204738, 52.987469423768523 ], [ -6.631445390339797, 52.987596649231342 ], [ -6.629714213388624, 52.987450012830173 ], [ -6.627351957674453, 52.987477894320804 ], [ -6.626117570759611, 52.986889594262749 ], [ -6.62600183370856, 52.986642744471474 ], [ -6.623032130653071, 52.985329359806919 ], [ -6.623693841384361, 52.985333969252039 ], [ -6.623498238021374, 52.984844717368496 ], [ -6.624384455606507, 52.984494364238913 ], [ -6.624925821614017, 52.983913328634237 ], [ -6.62471299872386, 52.983412913903415 ], [ -6.624457203818054, 52.983314228323145 ], [ -6.622183032074463, 52.983856313771781 ], [ -6.619349124483991, 52.984091555554244 ], [ -6.618482652053475, 52.984403363475948 ], [ -6.617021013959172, 52.984261608525159 ], [ -6.616099414490797, 52.984556577274567 ], [ -6.615927225012148, 52.985132817354668 ], [ -6.615412843465243, 52.985202315663656 ], [ -6.614808374090011, 52.984611808664837 ], [ -6.614074802501515, 52.984637701406399 ], [ -6.614121169300529, 52.984285832721518 ], [ -6.61489664618454, 52.983734282299231 ], [ -6.614287340596044, 52.983205553035305 ], [ -6.613904913916811, 52.982535597445704 ], [ -6.613181189465425, 52.982057310894078 ], [ -6.611079610062594, 52.981175500473306 ], [ -6.609127386033931, 52.980915640256868 ], [ -6.608696518816748, 52.981213685873946 ], [ -6.607693840372228, 52.982788931090191 ], [ -6.607639359106786, 52.9832799550394 ], [ -6.607965251569296, 52.983874728189626 ], [ -6.608584427690689, 52.9839598149319 ], [ -6.608073349888219, 52.985635965043912 ], [ -6.607813819668196, 52.986015014433789 ], [ -6.60719497884089, 52.986042251540781 ], [ -6.60676792645922, 52.986899801973443 ], [ -6.609214467678706, 52.987372789975609 ], [ -6.606783079114812, 52.987208436647009 ], [ -6.606811552265248, 52.988739576726616 ], [ -6.607972487889828, 52.98883735060452 ], [ -6.60793100123043, 52.989023226102454 ], [ -6.606425936025105, 52.991067396333321 ], [ -6.606057679692437, 52.991141105580823 ], [ -6.605180235228966, 52.992144610841478 ], [ -6.604445357831298, 52.992560741886329 ], [ -6.603577380020979, 52.991815692905526 ], [ -6.603487675632229, 52.991378028495149 ], [ -6.603846828597232, 52.990936971470646 ], [ -6.60450777770726, 52.990612995231594 ], [ -6.603902690660377, 52.990437240063983 ], [ -6.603505569950052, 52.990618094116243 ], [ -6.603512621481054, 52.991279179896615 ], [ -6.603143019669533, 52.991589160490584 ], [ -6.601573989480118, 52.991715786006409 ], [ -6.601261667492046, 52.991537738931903 ], [ -6.601302633899254, 52.991273692770449 ], [ -6.601017867934042, 52.991029994021126 ], [ -6.600653429880653, 52.991278636515261 ], [ -6.600823219418499, 52.991670010981935 ], [ -6.600656151081304, 52.992003849195747 ], [ -6.600221882759473, 52.992246007657577 ], [ -6.599074842199204, 52.99244462011103 ], [ -6.595693860831416, 52.992165551700914 ], [ -6.595299349280598, 52.991919913588355 ], [ -6.59538869907238, 52.991525211346982 ], [ -6.595002023982238, 52.991201106037984 ], [ -6.594372443281033, 52.991055782975749 ], [ -6.593354371574015, 52.99105875179032 ], [ -6.592969057476012, 52.991366178274554 ], [ -6.592863157407741, 52.992579341551092 ], [ -6.593182286562208, 52.992997970838402 ], [ -6.593849233801171, 52.995272398730386 ], [ -6.594428675311675, 52.995603709403937 ], [ -6.593547065852936, 52.995205792022972 ], [ -6.592965110740817, 52.995618522214507 ], [ -6.59179495180287, 52.996059298476105 ], [ -6.590831921385374, 52.995855089105667 ], [ -6.589138323153648, 52.996231388678126 ], [ -6.588603570017701, 52.996013635384585 ], [ -6.588370008392265, 52.995666698566602 ], [ -6.588428793464957, 52.995386241774625 ], [ -6.588998824120866, 52.995056843973551 ], [ -6.589025880484821, 52.99471686430573 ], [ -6.588384120320328, 52.994619993230025 ], [ -6.586820595337827, 52.995382237014269 ], [ -6.585579335187113, 52.995684765562203 ], [ -6.584223835919079, 52.996759548857433 ], [ -6.582924173564714, 52.996521063986144 ], [ -6.581220750099164, 52.997887561509927 ], [ -6.579944013262897, 52.998219485122846 ], [ -6.578960426318671, 52.998216559503668 ], [ -6.577816246363358, 52.998734216791362 ], [ -6.57623892425063, 52.998204906750985 ], [ -6.576488922990768, 52.997569535465487 ], [ -6.574550879381423, 52.997231177343529 ], [ -6.573042200921672, 52.996616392669161 ], [ -6.572791992202489, 52.995833058668047 ], [ -6.572528763268109, 52.995696599474861 ], [ -6.571055369586523, 52.99582760454112 ], [ -6.570204558991645, 52.995500456899535 ], [ -6.56879705367772, 52.995519748547018 ], [ -6.568258679512123, 52.995244822021455 ], [ -6.568005023742819, 52.994485304919564 ], [ -6.567738760039556, 52.994411538073756 ], [ -6.565476606439597, 52.994649805183869 ], [ -6.565647208559079, 52.994804559293222 ], [ -6.562928698939958, 52.994798056656506 ], [ -6.561501167347405, 52.994016062481478 ], [ -6.560588263245718, 52.99387647945688 ], [ -6.559847317832764, 52.993170006048032 ], [ -6.559813625056508, 52.992506254774739 ], [ -6.560089294095113, 52.991897665320685 ], [ -6.559802053311684, 52.990771444471584 ], [ -6.55933240169771, 52.990693308723962 ], [ -6.557663522340098, 52.991059213438753 ], [ -6.557275220159268, 52.99086987955932 ], [ -6.557427640061773, 52.990690524288986 ], [ -6.557017001380369, 52.990239087183255 ], [ -6.556152362085945, 52.989874444841938 ], [ -6.556253530470799, 52.989655277995411 ], [ -6.557256430244053, 52.989277357916698 ], [ -6.557360175213813, 52.988803670541877 ], [ -6.5578732356306, 52.988418899407989 ], [ -6.557680284610662, 52.988096841063282 ], [ -6.554284366512978, 52.988027215315576 ], [ -6.552811483424691, 52.988520968706595 ], [ -6.552413412267796, 52.98847033593249 ], [ -6.552332226816586, 52.988874564915662 ], [ -6.551718139321212, 52.989354720697769 ], [ -6.550416988654237, 52.989359628631256 ], [ -6.549181360304068, 52.98895867152374 ], [ -6.548306615626339, 52.988285343213725 ], [ -6.547242825840045, 52.988011077190961 ], [ -6.546408133618667, 52.98744966860658 ], [ -6.545870001936493, 52.986732482212105 ], [ -6.545412222174641, 52.986966555643626 ], [ -6.545184110443413, 52.987415667356878 ], [ -6.542718811709141, 52.987041409876298 ], [ -6.543060597441404, 52.986223325292357 ], [ -6.542268400105796, 52.985959937599659 ], [ -6.541054825115883, 52.98627708566643 ], [ -6.540461698457357, 52.986658700520849 ], [ -6.539837314019887, 52.986821243827571 ], [ -6.539077327208655, 52.986792644676676 ], [ -6.539034812198909, 52.986916861459058 ], [ -6.537381582649851, 52.9866289333848 ], [ -6.537380873499232, 52.98610237343042 ], [ -6.53584231767976, 52.985767971953543 ], [ -6.535446096085722, 52.986525162418666 ], [ -6.533496202436458, 52.986490988736328 ], [ -6.532957571160869, 52.987784664752908 ], [ -6.532887831407153, 52.989759409687771 ], [ -6.533771989428027, 52.992027668973748 ], [ -6.53337558919003, 52.993790071380481 ], [ -6.532057606092258, 52.99364096720381 ], [ -6.532522093463384, 52.994254946876232 ], [ -6.532687235772282, 52.994924301350053 ], [ -6.531840751726695, 52.994828084889541 ], [ -6.531318820304439, 52.996350821725443 ], [ -6.530288605541223, 52.997738337135367 ], [ -6.52877451426787, 52.998419585418588 ], [ -6.528537624775406, 52.998278670360563 ], [ -6.527764261600814, 52.998452726623725 ], [ -6.527387786162142, 52.998674417523887 ], [ -6.526997983694283, 52.999288907503463 ], [ -6.526129623602588, 52.999331448114887 ], [ -6.525448161488089, 52.999997758573166 ], [ -6.524071999322853, 53.00027568343549 ], [ -6.524391966166932, 53.000784265561165 ], [ -6.523938968306428, 53.001235972887883 ], [ -6.523444018917987, 53.001307126243248 ], [ -6.523911214987253, 53.001736192286351 ], [ -6.523910479586554, 53.002330498314329 ], [ -6.524724559095811, 53.003600597383596 ], [ -6.524689146519825, 53.003853452711752 ], [ -6.525029283692831, 53.003897490749281 ], [ -6.525129329764074, 53.004099083844842 ], [ -6.523783550222423, 53.004404617219961 ], [ -6.523882631105361, 53.00499090254597 ], [ -6.523169125730209, 53.005789472575515 ], [ -6.522523235144118, 53.005956901082662 ], [ -6.521600255983696, 53.006762835637886 ], [ -6.520958935269245, 53.006893011248152 ], [ -6.520802259529949, 53.007181703180933 ], [ -6.520275436786076, 53.007386690489419 ], [ -6.519642627735246, 53.007435308380273 ], [ -6.520707081564428, 53.007134722066304 ], [ -6.520693833464668, 53.006925576464425 ], [ -6.52151214650072, 53.006712212922807 ], [ -6.522431213662508, 53.005898412434568 ], [ -6.523056465988541, 53.005748792682212 ], [ -6.52331493396503, 53.005258629963151 ], [ -6.523734798487834, 53.005005066239775 ], [ -6.523697556079306, 53.004349707989668 ], [ -6.524973364945478, 53.004085104798548 ], [ -6.524571919464121, 53.003892804798795 ], [ -6.52460213543611, 53.003651751327908 ], [ -6.52372428814933, 53.002291332901024 ], [ -6.523621199405906, 53.001523790256044 ], [ -6.523294827673106, 53.001264196936937 ], [ -6.523853701522573, 53.001152669805116 ], [ -6.524255850303618, 53.000739880046247 ], [ -6.523939129304175, 53.000417129010664 ], [ -6.524034997922654, 53.000171587526424 ], [ -6.525435709167843, 52.999887226373055 ], [ -6.526083204848738, 52.999254740214532 ], [ -6.526761272525651, 52.999275817813512 ], [ -6.527228300056103, 52.99867716802342 ], [ -6.526324373149853, 52.998298904115295 ], [ -6.52511977014181, 52.998887303647535 ], [ -6.523787021948208, 52.998457149674955 ], [ -6.523471732514638, 52.99803665396616 ], [ -6.522198909026005, 52.99753853858865 ], [ -6.522299577368997, 52.997357849136549 ], [ -6.522105532084656, 52.997243083678406 ], [ -6.521041611546802, 52.997008481168493 ], [ -6.521101261857388, 52.996606997664614 ], [ -6.522077498558877, 52.996526612961844 ], [ -6.524127077982566, 52.99687792590889 ], [ -6.526178332776429, 52.996883103631511 ], [ -6.527416215888431, 52.996767294831578 ], [ -6.529483764560267, 52.996239470864552 ], [ -6.529244199355271, 52.995889387601629 ], [ -6.528820345724575, 52.995714687478113 ], [ -6.529063199700667, 52.993870790884635 ], [ -6.529673034711751, 52.993293997878169 ], [ -6.530156539439466, 52.993435061487666 ], [ -6.531162746496565, 52.99298603953951 ], [ -6.529587589160641, 52.991011177054958 ], [ -6.530077713320967, 52.988548848909311 ], [ -6.52876004788286, 52.988591745730737 ], [ -6.526929416764452, 52.988953705284842 ], [ -6.52445276448518, 52.988683539025629 ], [ -6.523475547154528, 52.988221175046284 ], [ -6.521925401408775, 52.98809674665231 ], [ -6.520259813766367, 52.987601526699208 ], [ -6.519222764067236, 52.986979735498124 ], [ -6.519628271615752, 52.986907934235326 ], [ -6.519198571600637, 52.986673645116817 ], [ -6.519374628329646, 52.98631941614817 ], [ -6.519975388512362, 52.98672713702878 ], [ -6.52075492316786, 52.986660169580986 ], [ -6.520885842269193, 52.986786214575886 ], [ -6.521878258252866, 52.986858712623274 ], [ -6.522308291391832, 52.987156021106664 ], [ -6.522867435598091, 52.987062454102499 ], [ -6.523837103771557, 52.987177495765785 ], [ -6.525124107734128, 52.987708660923246 ], [ -6.526606522776425, 52.988075203811384 ], [ -6.527320565004226, 52.987998563991567 ], [ -6.527788881216911, 52.987589070780047 ], [ -6.528009395449871, 52.987642621234819 ], [ -6.528611485751394, 52.986709073437005 ], [ -6.529383781570784, 52.986929315336447 ], [ -6.529922544350987, 52.986113923137871 ], [ -6.529321506451741, 52.985348763780117 ], [ -6.530754237784755, 52.985260041028234 ], [ -6.532100184392362, 52.984016258558498 ], [ -6.53361381665205, 52.984938325227446 ], [ -6.533913520810651, 52.984943613680322 ], [ -6.534155696135382, 52.984488647179212 ], [ -6.537784796556268, 52.98479401490259 ], [ -6.542031659163466, 52.984109502775873 ], [ -6.542056897234525, 52.983955727213917 ], [ -6.544292632350431, 52.984270966972197 ], [ -6.545033693901843, 52.984486122581949 ], [ -6.545768143263454, 52.985244659366018 ], [ -6.547558710854891, 52.985583638309983 ], [ -6.5471700464657, 52.986225486870588 ], [ -6.546206614271825, 52.98660683741997 ], [ -6.546468265214383, 52.986820820781368 ], [ -6.546516766265979, 52.987355685301296 ], [ -6.547058804005347, 52.987712948950353 ], [ -6.549274926881007, 52.988402639199258 ], [ -6.549968924671014, 52.989138896389719 ], [ -6.551676105167155, 52.989151797550967 ], [ -6.552177259754218, 52.988268769269624 ], [ -6.552551572602598, 52.988013419338984 ], [ -6.553018352130699, 52.988071539311925 ], [ -6.553826946824, 52.987801682069083 ], [ -6.553821801355551, 52.987031424695722 ], [ -6.556797562148409, 52.986906869155625 ], [ -6.556832200867675, 52.987084861628524 ], [ -6.557885923180738, 52.987043543300516 ], [ -6.558395111554681, 52.987876652757279 ], [ -6.55812539496691, 52.988601672754257 ], [ -6.557293326430743, 52.989482561630183 ], [ -6.556401223151994, 52.989757651872551 ], [ -6.556389969681926, 52.989874094633485 ], [ -6.557194565115602, 52.990156750959095 ], [ -6.557783239541307, 52.990954243179502 ], [ -6.559173086745806, 52.99051538450918 ], [ -6.559750333040911, 52.990535142488213 ], [ -6.560055138369584, 52.990704851273264 ], [ -6.560293086767626, 52.991720413514365 ], [ -6.559982654177677, 52.992573468851639 ], [ -6.560411852165884, 52.993384655071146 ], [ -6.560958289229194, 52.993763121308788 ], [ -6.562000827595401, 52.993944593502285 ], [ -6.562665380882173, 52.994446942404458 ], [ -6.563786105402972, 52.994662628365766 ], [ -6.564466798624897, 52.994504658790412 ], [ -6.564449320006137, 52.994402213749197 ], [ -6.567048503022616, 52.994100717835899 ], [ -6.567891040610811, 52.994148482131834 ], [ -6.568273819349691, 52.99429675494666 ], [ -6.568539642801008, 52.994673183193797 ], [ -6.569123088994566, 52.994700502114661 ], [ -6.569519164505149, 52.995032004049591 ], [ -6.569774564934237, 52.994938062331599 ], [ -6.570584935340132, 52.995190229813723 ], [ -6.570900252190809, 52.994834617207793 ], [ -6.571377327014051, 52.995392066308 ], [ -6.57275089269013, 52.995329844860088 ], [ -6.573360123696856, 52.996440928943429 ], [ -6.574717799044962, 52.99693467609962 ], [ -6.576744414509937, 52.997342037447275 ], [ -6.576845731372125, 52.996581610181934 ], [ -6.576646921240084, 52.996344745525768 ], [ -6.575417902644646, 52.996064153789668 ], [ -6.575731535795375, 52.995880911494069 ], [ -6.576416717977194, 52.995861833181053 ], [ -6.57806748665917, 52.996904884054921 ], [ -6.578510668447019, 52.996977793034404 ], [ -6.578681543052181, 52.997333054861372 ], [ -6.580538749119296, 52.997765285091603 ], [ -6.581225179864901, 52.997538776429998 ], [ -6.582455733230359, 52.996436561343877 ], [ -6.583012359751815, 52.996262400641442 ], [ -6.583838022936794, 52.996406315544007 ], [ -6.585197226040607, 52.99552660689789 ], [ -6.586422022052477, 52.995160070288094 ], [ -6.586896742927207, 52.994751074956064 ], [ -6.588331041049146, 52.994284251951214 ], [ -6.588924305820705, 52.994323857331231 ], [ -6.58956308355081, 52.994711913482909 ], [ -6.589536126764028, 52.995131979365866 ], [ -6.588928544648981, 52.995475135409912 ], [ -6.589002333262886, 52.995848007914908 ], [ -6.589354304253514, 52.995911629018558 ], [ -6.590671063710672, 52.99555989185162 ], [ -6.590654530305733, 52.994531220295912 ], [ -6.591755388466187, 52.994635854957899 ], [ -6.592157664295642, 52.99383214806862 ], [ -6.591848209372388, 52.993842423881595 ], [ -6.592270005215436, 52.992962816738753 ], [ -6.591899654383094, 52.992969333561192 ], [ -6.591926779964769, 52.991688357726488 ], [ -6.592540958351641, 52.991129317489978 ], [ -6.593369424107349, 52.990735438824807 ], [ -6.595036579536521, 52.99093519022103 ], [ -6.59717213962395, 52.991993259661783 ], [ -6.598968606364463, 52.992208143369673 ], [ -6.600296332687172, 52.991926986955669 ], [ -6.600272802657777, 52.991332490929807 ], [ -6.600661064097394, 52.990799288489875 ], [ -6.601290031934679, 52.990884260116488 ], [ -6.601829727621022, 52.991508108719977 ], [ -6.603086894677515, 52.991249730422282 ], [ -6.603247354813305, 52.990400328975973 ], [ -6.603856821789362, 52.990183408541824 ], [ -6.6046023536049, 52.990322402348291 ], [ -6.605089791654196, 52.989683118704484 ], [ -6.605783144086721, 52.989717948838916 ], [ -6.606180714949621, 52.990224608759533 ], [ -6.606383609290678, 52.989508999345745 ], [ -6.605170591675568, 52.989112318375113 ], [ -6.605345401190692, 52.988769306863446 ], [ -6.606050986523929, 52.988576343670715 ], [ -6.605597462850915, 52.987274894041889 ], [ -6.606597617016409, 52.986459424308769 ], [ -6.606339934814613, 52.985614823856686 ], [ -6.606464539165625, 52.98529665865567 ], [ -6.606866241485761, 52.985101285876596 ], [ -6.607557301203424, 52.985105877020921 ], [ -6.607170122555655, 52.984200708830507 ], [ -6.60752150671576, 52.983667411571204 ], [ -6.607247826256764, 52.983308716512347 ], [ -6.607436554855795, 52.982378834310602 ], [ -6.608754491644323, 52.980808474889301 ], [ -6.60729487002213, 52.980906088751922 ], [ -6.607018389748223, 52.980574464953904 ], [ -6.60668857821284, 52.980670820014069 ], [ -6.606057970210796, 52.980565165127707 ], [ -6.606286628044856, 52.980322832989685 ], [ -6.605835540981014, 52.980015184411329 ], [ -6.60462869272621, 52.979748002175775 ], [ -6.604007472089916, 52.979968692615742 ], [ -6.603932644362292, 52.980445643475136 ], [ -6.603497321934359, 52.980793636609114 ], [ -6.603056617725154, 52.980989526588587 ], [ -6.602500573576174, 52.980969910340065 ], [ -6.601989614691264, 52.980666790527835 ], [ -6.602253571310813, 52.980652999374946 ], [ -6.602286062242221, 52.980361800110224 ], [ -6.601706549843162, 52.979852983826355 ], [ -6.601583095213825, 52.980165405479049 ], [ -6.601321452107417, 52.980238549076233 ], [ -6.599529537982042, 52.979925041279948 ], [ -6.598730116735972, 52.979937352013209 ], [ -6.596785707695307, 52.978985807740749 ], [ -6.596309336493658, 52.978969900888167 ], [ -6.595718194621844, 52.979172369649177 ], [ -6.596189493834871, 52.979529746284875 ], [ -6.595963451648125, 52.979685008685053 ], [ -6.595297866898506, 52.979700505705168 ], [ -6.594875805319117, 52.979282814119379 ], [ -6.593267775214236, 52.978425094831231 ], [ -6.593177425819307, 52.978182709629962 ], [ -6.591009887398791, 52.977241134350123 ], [ -6.590559411780611, 52.976292354724826 ], [ -6.589787326202722, 52.975941841271045 ], [ -6.589644004930043, 52.974268185957179 ], [ -6.589183110121017, 52.973944561549921 ], [ -6.588228892516907, 52.974180836358336 ], [ -6.586854755828115, 52.973723068952417 ], [ -6.585713071218855, 52.974366021962879 ], [ -6.585836703960804, 52.974651511460351 ], [ -6.581623540287796, 52.975758132898356 ], [ -6.581075125807782, 52.975372220777551 ], [ -6.579244205428195, 52.975106840917007 ], [ -6.579426385440433, 52.975874583244348 ], [ -6.578364438061309, 52.976165402222016 ], [ -6.577831274901124, 52.976008201616395 ], [ -6.577537984211518, 52.975717328901929 ], [ -6.577417897663059, 52.974917034164029 ], [ -6.577071374480149, 52.97497365599758 ], [ -6.576881816995991, 52.975072153926313 ], [ -6.577458611103903, 52.975899334814464 ], [ -6.575873401225463, 52.976074619679075 ], [ -6.575925698597326, 52.976664008919599 ], [ -6.574094527364273, 52.975486940415138 ], [ -6.574448091606111, 52.974637487791504 ], [ -6.57289202691685, 52.974098627451284 ], [ -6.571421043932436, 52.973964645669 ], [ -6.570892103107813, 52.973778969776234 ], [ -6.570840921483713, 52.974005124559561 ], [ -6.569605938688633, 52.973933751085617 ], [ -6.567515945894221, 52.973358617027813 ], [ -6.567680006847114, 52.973081499574057 ], [ -6.567382990014498, 52.972797881740348 ], [ -6.566333926351137, 52.973109247298396 ], [ -6.565537059597114, 52.972919979294183 ], [ -6.565040098731073, 52.972538657743293 ], [ -6.561067824616681, 52.971928032985247 ], [ -6.561858037160862, 52.971729841827312 ], [ -6.561878365624589, 52.971452098539643 ], [ -6.561491771310947, 52.971075521649034 ], [ -6.563179287338479, 52.9710034041371 ], [ -6.56443854046054, 52.971262052705001 ], [ -6.564731492199249, 52.970146568997386 ], [ -6.565398143866176, 52.970056159736743 ], [ -6.5691650803983, 52.971394267520417 ], [ -6.57177634313044, 52.971553558102819 ], [ -6.571021793387372, 52.973658373168568 ], [ -6.572965069499987, 52.973957845893075 ], [ -6.574413437101741, 52.974517855573538 ], [ -6.574879063718854, 52.97426552119348 ], [ -6.575777906404218, 52.974896438936931 ], [ -6.578546087520606, 52.974460886093077 ], [ -6.578564849614239, 52.974268492279634 ], [ -6.578872405935881, 52.974168067895981 ], [ -6.582137409268279, 52.973644457909515 ], [ -6.582777058646914, 52.973803232595721 ], [ -6.58294883197224, 52.974394738636576 ], [ -6.58425329927738, 52.974433454500968 ], [ -6.585381243643348, 52.973854549502356 ], [ -6.585351585281269, 52.973094510206273 ], [ -6.586243666629607, 52.972966183731927 ], [ -6.587117758311709, 52.973076111890755 ], [ -6.586943286833923, 52.973352116107911 ], [ -6.587452181472896, 52.973681849345326 ], [ -6.590440968394138, 52.973793883558052 ], [ -6.592776057676569, 52.974246173710704 ], [ -6.592504884862767, 52.975679813043676 ], [ -6.591664075586809, 52.976045454319035 ], [ -6.592227602395532, 52.976571532635994 ], [ -6.592965717383478, 52.976883759624592 ], [ -6.593345592353639, 52.977569311717602 ], [ -6.59384210741409, 52.977769197206293 ], [ -6.594252226956675, 52.978326491429016 ], [ -6.595711131845187, 52.97905153840771 ], [ -6.59594463919175, 52.979042302861728 ], [ -6.596255471321399, 52.978631489138067 ], [ -6.596472688489897, 52.978653116304571 ], [ -6.597525349907566, 52.978910577628533 ], [ -6.598049535991398, 52.979308782312252 ], [ -6.60126010656485, 52.979804697652533 ], [ -6.601409592978891, 52.979639554332884 ], [ -6.60201011437475, 52.979595385475726 ], [ -6.601870342985614, 52.9798040658807 ], [ -6.602406806994756, 52.980047887112029 ], [ -6.603446239853876, 52.980109925919713 ], [ -6.603854006774199, 52.978820412845309 ], [ -6.604768174211197, 52.978635230214515 ], [ -6.605019182882384, 52.978834505733509 ], [ -6.606195835874021, 52.979028737705569 ], [ -6.606287832798482, 52.979647054921145 ], [ -6.608187972446862, 52.98032001406807 ], [ -6.608443606036655, 52.980205015055347 ], [ -6.608961289073389, 52.980519224045686 ], [ -6.609768822075723, 52.980202787359957 ], [ -6.611610178022128, 52.980665943580028 ], [ -6.611643949090509, 52.981261727487123 ], [ -6.613437099639606, 52.982012502268439 ], [ -6.614253850548958, 52.982602239620967 ], [ -6.615599331150411, 52.983239249039379 ], [ -6.615228819714241, 52.983611119305436 ], [ -6.61571347382641, 52.984348767177075 ], [ -6.616164047773093, 52.984402189835279 ], [ -6.617380564477962, 52.984071915524673 ], [ -6.618389033902081, 52.984130556997009 ], [ -6.619282217415034, 52.98378221021926 ], [ -6.622133636923057, 52.983578989493132 ], [ -6.622290508941263, 52.983211463136222 ], [ -6.621829540981929, 52.983049608500011 ], [ -6.622041138101797, 52.982452038528152 ], [ -6.622465618474093, 52.982370587067521 ], [ -6.622803437044135, 52.982661289266758 ], [ -6.62248974075262, 52.982976187116435 ], [ -6.622691727665718, 52.98325445598531 ], [ -6.624404432934014, 52.983160721413377 ], [ -6.62517407873948, 52.983320383881029 ], [ -6.625415574248268, 52.983737720743129 ], [ -6.62513948179028, 52.984462992581875 ], [ -6.623940095183753, 52.984874258253335 ], [ -6.623855039552487, 52.985251705977305 ], [ -6.626811572900002, 52.986705600885337 ], [ -6.627116150192346, 52.987083571653962 ], [ -6.627583100238323, 52.987292099710949 ], [ -6.628847065003736, 52.987023551751292 ], [ -6.631807108582437, 52.987279309332614 ], [ -6.632717358102646, 52.986731112847558 ], [ -6.632345704305128, 52.985966375178833 ], [ -6.632646328513585, 52.985636542773584 ], [ -6.633771916108786, 52.985686856814596 ], [ -6.633858526942331, 52.985835429008056 ], [ -6.634845262398331, 52.986068169964689 ], [ -6.636230157576389, 52.987092366458029 ], [ -6.637277143212915, 52.987455980747491 ], [ -6.636846007839711, 52.988365549055011 ], [ -6.639113855985877, 52.988153878897975 ], [ -6.640238765379974, 52.988595495207235 ], [ -6.640785925253187, 52.988419199044237 ], [ -6.642557615063321, 52.988636294374615 ], [ -6.644328656332037, 52.988892538789607 ], [ -6.644284777723739, 52.989009772525826 ], [ -6.644607825982057, 52.989121046096592 ], [ -6.645843958548577, 52.989367480249911 ], [ -6.646274922601047, 52.989369999329391 ], [ -6.646697278341458, 52.988711295851886 ], [ -6.64572408285722, 52.98837225361703 ], [ -6.646803134877167, 52.98753696744258 ], [ -6.646537761092455, 52.985946768537396 ], [ -6.645959672280918, 52.985961159411836 ], [ -6.645784319449153, 52.98693133598713 ], [ -6.645029927018952, 52.986876942683502 ], [ -6.645319786312639, 52.986030595069941 ], [ -6.646347066392575, 52.98533787297405 ], [ -6.647237336089232, 52.985498538871731 ], [ -6.647689724174188, 52.985361369102733 ], [ -6.648761902067003, 52.985383447767681 ], [ -6.649390441742151, 52.985041484841013 ], [ -6.651750565798132, 52.98486990298764 ], [ -6.652110462796918, 52.984988764731625 ], [ -6.65260642815916, 52.985681094846555 ], [ -6.653601986842676, 52.985184894156241 ], [ -6.653646309861337, 52.984574526894455 ], [ -6.654081028168096, 52.984091049229647 ], [ -6.654939154886423, 52.983679569505419 ], [ -6.65593357025676, 52.983510690578782 ], [ -6.656798792203494, 52.983755587438395 ], [ -6.657696856243285, 52.984458052751961 ], [ -6.657277709921112, 52.984577077158008 ], [ -6.657323394562178, 52.984700193352587 ], [ -6.658617993587687, 52.985789075468404 ], [ -6.660192046036863, 52.986229815227503 ], [ -6.660341285981186, 52.986039596546924 ], [ -6.659819618895646, 52.985760741312099 ], [ -6.659597287313089, 52.985335966042562 ], [ -6.658604650440191, 52.985010448625054 ], [ -6.658684913252386, 52.984695454002605 ], [ -6.659465076432094, 52.984480699856654 ], [ -6.65956639578607, 52.984612415000655 ], [ -6.662841089647085, 52.984666734653167 ], [ -6.662993831518921, 52.983117522480832 ], [ -6.663358633204976, 52.982592483490329 ], [ -6.665650606201005, 52.982142931731701 ], [ -6.667731197853828, 52.982027127424672 ], [ -6.670428633518619, 52.980844488000074 ], [ -6.67464541414797, 52.980462524703555 ], [ -6.675776048685806, 52.979891242782863 ], [ -6.677819788393724, 52.979798566252356 ], [ -6.680016189403334, 52.980508441382717 ], [ -6.680487677626441, 52.980533629508066 ], [ -6.681175466539937, 52.979804491951576 ], [ -6.681862212442284, 52.979467857961453 ], [ -6.682538744737355, 52.979599936956411 ], [ -6.683057028483319, 52.97989132638962 ], [ -6.683592381564146, 52.980514481946472 ], [ -6.683834841115365, 52.980550602522129 ], [ -6.685295296323581, 52.98024048894186 ], [ -6.686303494656211, 52.979542996327801 ], [ -6.689637413452119, 52.978861453111755 ], [ -6.690717709420131, 52.978821391666877 ], [ -6.691944668794432, 52.979105998181822 ], [ -6.692759255133843, 52.979079995097912 ], [ -6.694888119159704, 52.977986592758043 ], [ -6.695041540328959, 52.977733010743343 ], [ -6.694566185377352, 52.976819280595777 ], [ -6.694759347348122, 52.975759912862124 ], [ -6.695747084307898, 52.974683235992906 ], [ -6.698537978575438, 52.972750762842757 ], [ -6.698726053327903, 52.972327496463443 ], [ -6.698071151302202, 52.971298178745293 ], [ -6.697997265403574, 52.970005843114585 ], [ -6.697595860832447, 52.969376669516919 ], [ -6.697244442522145, 52.969172109752108 ], [ -6.696357392492211, 52.969119241083582 ], [ -6.695717748331916, 52.96891618904845 ], [ -6.694279539055364, 52.967871179409634 ], [ -6.693712212071596, 52.968030789540535 ], [ -6.693419995131501, 52.967746741420356 ], [ -6.694984198960187, 52.966368019029893 ], [ -6.696333023763635, 52.967074548163382 ], [ -6.697445023132413, 52.966311180026004 ], [ -6.697722883277838, 52.965665719690229 ], [ -6.697174480794967, 52.964814360731197 ], [ -6.697228473832809, 52.964423332019201 ], [ -6.698505745316922, 52.963073892403052 ], [ -6.698583975876039, 52.962668387884634 ], [ -6.698301646727952, 52.962021015165895 ], [ -6.698741211471858, 52.961496238066175 ], [ -6.699811552217426, 52.960758507816223 ], [ -6.700118738154624, 52.959267924826925 ], [ -6.701124763153192, 52.958572262977555 ], [ -6.701472580538544, 52.957628696790074 ], [ -6.702274578573316, 52.957177076570943 ], [ -6.703730094427908, 52.956759005884052 ], [ -6.704491763999844, 52.955922231060399 ], [ -6.70561658938596, 52.95536202309335 ], [ -6.706197058859085, 52.954836416227565 ], [ -6.70620465124362, 52.95384589890535 ], [ -6.706500750269645, 52.953511701532676 ], [ -6.709576393775134, 52.951895965061922 ], [ -6.709662635045675, 52.951365603016377 ], [ -6.708817142313975, 52.950992484310682 ], [ -6.708541917110623, 52.950693238864304 ], [ -6.710143828238111, 52.949235296161703 ], [ -6.711142727353259, 52.947940225575643 ], [ -6.711094107276137, 52.947635354004326 ], [ -6.710305982419855, 52.946796193614013 ], [ -6.710735174678317, 52.945887729697688 ], [ -6.711817475539338, 52.944975198730965 ], [ -6.712279622111707, 52.944170270474395 ], [ -6.711017208299269, 52.942299869015045 ], [ -6.709737694293152, 52.940891618572692 ], [ -6.70728474042799, 52.939196644974601 ], [ -6.706399648133049, 52.937964891154763 ], [ -6.706147613785992, 52.937013760964149 ], [ -6.703743584567294, 52.935482705047725 ], [ -6.703511649662372, 52.934699200742813 ], [ -6.702918874547015, 52.933942694645019 ], [ -6.702394356541433, 52.934265180966776 ], [ -6.70066480945043, 52.933415903524441 ], [ -6.700287238546385, 52.933745167339566 ], [ -6.697909512687799, 52.932434643664685 ], [ -6.698037331103017, 52.93230641757718 ], [ -6.697467664239674, 52.93136549491684 ], [ -6.696947333437834, 52.931039624885805 ], [ -6.696661294940926, 52.930976446449833 ], [ -6.695549425998998, 52.93124548884844 ], [ -6.694831525334526, 52.931256212406879 ], [ -6.694200785770803, 52.931167308090686 ], [ -6.693505192737224, 52.930840575147236 ], [ -6.69331534292606, 52.930317163119987 ], [ -6.693932352967773, 52.92941100178404 ], [ -6.695071255318223, 52.928412850675855 ], [ -6.695308776396868, 52.927417138329297 ], [ -6.695279829777603, 52.926776490446251 ], [ -6.694372959601925, 52.924904052578995 ], [ -6.693879506539997, 52.924564801595764 ], [ -6.691579315660286, 52.923782942271814 ], [ -6.689171418024816, 52.92182668856347 ], [ -6.688743953406497, 52.921741526883963 ], [ -6.687452523062765, 52.921890763657878 ], [ -6.686904717162332, 52.921777838617579 ], [ -6.685740204993475, 52.921202919982434 ], [ -6.685030089571949, 52.92038323391219 ], [ -6.683967844068919, 52.920041686764513 ], [ -6.683755949510681, 52.92010773068148 ], [ -6.683277356274989, 52.9196801157415 ], [ -6.682616496485446, 52.919731257757704 ], [ -6.682532282691293, 52.919581811511904 ], [ -6.683184068494744, 52.918800887616747 ], [ -6.681228429788977, 52.917786939768405 ], [ -6.68132260033475, 52.917478709253302 ], [ -6.680973845685384, 52.916827487516322 ], [ -6.680593222998397, 52.916608127616733 ], [ -6.680286048939177, 52.915805230723208 ], [ -6.679757720178559, 52.91530047766399 ], [ -6.679812584190599, 52.915035253276294 ], [ -6.680367500135821, 52.915068512889171 ], [ -6.680275413313383, 52.914712866485935 ], [ -6.679041371937584, 52.914477227876141 ], [ -6.677115435012328, 52.913665987905269 ], [ -6.676047746560547, 52.913007738566989 ], [ -6.675173325984509, 52.912036951313191 ], [ -6.674908191900868, 52.910783708291447 ], [ -6.67413063839389, 52.909851565838487 ], [ -6.673333038686827, 52.909338467903417 ] ] ], [ [ [ -6.609683344068602, 52.8992003600655 ], [ -6.609689215638141, 52.898481093178169 ], [ -6.610155489625624, 52.89743250078925 ], [ -6.610239163719782, 52.897747877334744 ], [ -6.609759459278198, 52.898502598426198 ], [ -6.609683344068602, 52.8992003600655 ] ] ], [ [ [ -6.607809835464576, 52.900563713699434 ], [ -6.608836208845982, 52.900530716921772 ], [ -6.609332784468363, 52.899641942150211 ], [ -6.609656416500742, 52.899419399645652 ], [ -6.609078277558758, 52.900319441939779 ], [ -6.60922060392628, 52.900376674364061 ], [ -6.608895275258052, 52.900603746739748 ], [ -6.608610340753143, 52.900703977226648 ], [ -6.607809835464576, 52.900563713699434 ] ] ], [ [ [ -6.528108387911401, 52.889698390993551 ], [ -6.530768896727517, 52.889290659356227 ], [ -6.531444882192813, 52.888886820244593 ], [ -6.532184559636297, 52.888963404684738 ], [ -6.534286534540986, 52.88977546540923 ], [ -6.534656067706528, 52.889768466375529 ], [ -6.535570354898353, 52.889279349676862 ], [ -6.537316829076527, 52.889758454617926 ], [ -6.53771375833458, 52.889678366116151 ], [ -6.537970064042272, 52.889344573002212 ], [ -6.537737844378196, 52.888787002962729 ], [ -6.537894027641715, 52.888215222301518 ], [ -6.537584536148336, 52.887824244558246 ], [ -6.537480661902567, 52.887123190135888 ], [ -6.53881123575882, 52.886347329702566 ], [ -6.540846609386185, 52.886018472470667 ], [ -6.540582975929554, 52.885626681692344 ], [ -6.540167878420162, 52.885428796214335 ], [ -6.539989496347063, 52.884836423769279 ], [ -6.540188972565304, 52.883343931099532 ], [ -6.541317356782528, 52.882950729097452 ], [ -6.542916402960337, 52.882629527983141 ], [ -6.543108880814909, 52.88241812693073 ], [ -6.542959453955826, 52.882183978961748 ], [ -6.54240114650384, 52.881953225952806 ], [ -6.542213726107199, 52.881548289069116 ], [ -6.542348649589989, 52.880570737696928 ], [ -6.542036761676337, 52.879308655500928 ], [ -6.542479408764149, 52.878591851481623 ], [ -6.543141206328829, 52.878251500320701 ], [ -6.542883382012278, 52.877882615899431 ], [ -6.54313636920728, 52.877288582905088 ], [ -6.543590057331484, 52.877079091098111 ], [ -6.545312834580774, 52.876892782294064 ], [ -6.547154941676494, 52.876369934927681 ], [ -6.547798587974364, 52.875752546481493 ], [ -6.549162810322727, 52.874746034387023 ], [ -6.550463699239616, 52.875320120048201 ], [ -6.549246117808175, 52.874785735696761 ], [ -6.547880354739109, 52.875780131480404 ], [ -6.547430749258495, 52.876412192095046 ], [ -6.545185263315386, 52.877023071526125 ], [ -6.545014360801058, 52.878313971275134 ], [ -6.54406056164535, 52.878631158266252 ], [ -6.543156384982319, 52.878371557063566 ], [ -6.542491811001812, 52.878724028381754 ], [ -6.542145096693089, 52.879313826302969 ], [ -6.542456969507731, 52.880566795549313 ], [ -6.542452343464782, 52.881830082904173 ], [ -6.54277679990333, 52.88203981330124 ], [ -6.544416740579163, 52.881864110417176 ], [ -6.542996102668273, 52.882896858752645 ], [ -6.542800733350622, 52.882733480809847 ], [ -6.541994015101821, 52.882871265922383 ], [ -6.540308098502216, 52.883436968545702 ], [ -6.540106092315439, 52.884386646642056 ], [ -6.540441165279004, 52.884448284002467 ], [ -6.541248487039223, 52.884286111358065 ], [ -6.542629615683981, 52.885386217663282 ], [ -6.543122042957651, 52.885485577375022 ], [ -6.542993630411835, 52.885683553755612 ], [ -6.542121327471772, 52.885545348675706 ], [ -6.540951795832814, 52.886450112185102 ], [ -6.540801572621796, 52.8873812279422 ], [ -6.540230594829463, 52.887236212702831 ], [ -6.539796941822524, 52.887556450878584 ], [ -6.538289102395167, 52.887132730808077 ], [ -6.538186041087044, 52.887239186639526 ], [ -6.53800778403622, 52.887500245975929 ], [ -6.538217449475058, 52.887694092304315 ], [ -6.53821554324415, 52.888693895246305 ], [ -6.539377387642235, 52.888847330967991 ], [ -6.539001004935911, 52.889694650055397 ], [ -6.539256114790657, 52.88983901405917 ], [ -6.538657777950911, 52.890470828131761 ], [ -6.538440575585034, 52.89036989758943 ], [ -6.536769187918574, 52.890925847995447 ], [ -6.533101057458566, 52.889892824583981 ], [ -6.531034327652484, 52.889585959534266 ], [ -6.528929978913931, 52.890099972488194 ], [ -6.528835788650198, 52.889974067101747 ], [ -6.527014486855693, 52.890314349014048 ], [ -6.526257327901709, 52.889848627678688 ], [ -6.526292189744863, 52.889052211081953 ], [ -6.523065198710805, 52.889628146220026 ], [ -6.522746421577928, 52.890101719631673 ], [ -6.52228946112446, 52.890400960902504 ], [ -6.521999355316014, 52.89036326584344 ], [ -6.521300410135682, 52.891198615824088 ], [ -6.520952003015648, 52.892000278814017 ], [ -6.520201615764669, 52.89291167817079 ], [ -6.520363709370022, 52.893490485152469 ], [ -6.519562639819138, 52.893308311025777 ], [ -6.518254722102474, 52.893717638422949 ], [ -6.518203596818381, 52.894375924325281 ], [ -6.517755152572868, 52.894374815464225 ], [ -6.517569316518045, 52.895210782957271 ], [ -6.518507123276615, 52.895521493769522 ], [ -6.518459662678727, 52.895668428790124 ], [ -6.517801312464821, 52.895857150988661 ], [ -6.517411028538625, 52.896277126696027 ], [ -6.518391097872385, 52.89763971486591 ], [ -6.516455532967476, 52.898576731013002 ], [ -6.515729440439635, 52.897727619029844 ], [ -6.515013837926959, 52.898094516099718 ], [ -6.514854426304153, 52.899106336473324 ], [ -6.516527249981253, 52.900595968211121 ], [ -6.518482420120964, 52.901909985335131 ], [ -6.518482468491472, 52.902067694914884 ], [ -6.519009766784087, 52.901909910469307 ], [ -6.519627353188065, 52.902378373621318 ], [ -6.51995454354194, 52.902365459427237 ], [ -6.52063340147097, 52.903182568262118 ], [ -6.520671379486276, 52.904191197820609 ], [ -6.521666406949262, 52.903988040570134 ], [ -6.522311576815441, 52.904049371793121 ], [ -6.523026032324858, 52.9042905220969 ], [ -6.523640640259289, 52.904814466125444 ], [ -6.52364367985711, 52.905089283122969 ], [ -6.523174024561386, 52.905447662133554 ], [ -6.521470386158549, 52.905625563110746 ], [ -6.520165496387368, 52.90620930030903 ], [ -6.520286141599993, 52.907386366727451 ], [ -6.521520855871992, 52.907394274054454 ], [ -6.521644192163728, 52.907952317323272 ], [ -6.522061247839932, 52.908200963556638 ], [ -6.521747975991826, 52.908849078789757 ], [ -6.521119612654636, 52.909462276860538 ], [ -6.522340172859731, 52.909718895186067 ], [ -6.521317360664764, 52.910715158552158 ], [ -6.521430602527291, 52.911159840177397 ], [ -6.52191860386233, 52.911488189866382 ], [ -6.521694930628697, 52.912912566554255 ], [ -6.523276283612868, 52.912891680054059 ], [ -6.520964353601322, 52.914686512595694 ], [ -6.520628398784548, 52.914670105004845 ], [ -6.520446371368336, 52.914470215466196 ], [ -6.519911802880991, 52.915398087014125 ], [ -6.520534153022224, 52.916843572940387 ], [ -6.520226535119032, 52.917862277286801 ], [ -6.520914569187568, 52.918510785190662 ], [ -6.52015735118693, 52.91889491880594 ], [ -6.51889179368153, 52.91916983158665 ], [ -6.518984493572708, 52.919315928725304 ], [ -6.517976751759488, 52.919729491800901 ], [ -6.516002135008994, 52.919625123368377 ], [ -6.515969916648952, 52.918492443653967 ], [ -6.517847835949707, 52.918610733975747 ], [ -6.519485991381579, 52.918370075309753 ], [ -6.519616632107375, 52.917206950456446 ], [ -6.519365910962709, 52.914981760207077 ], [ -6.518563313184075, 52.914903927301346 ], [ -6.518922498110573, 52.913698756316172 ], [ -6.518076092992435, 52.912356460583247 ], [ -6.517675048454644, 52.912225656819679 ], [ -6.517688908398884, 52.911323627659968 ], [ -6.518408666648017, 52.910649759860981 ], [ -6.51804368808015, 52.910410884648499 ], [ -6.518094488775847, 52.909889013371412 ], [ -6.518285698460124, 52.909622100602533 ], [ -6.519397347112549, 52.909145906971219 ], [ -6.519715333281256, 52.908467498177131 ], [ -6.517117064248536, 52.907868938750312 ], [ -6.51764829592383, 52.906376380687036 ], [ -6.519587533909861, 52.906373423716843 ], [ -6.519697477624841, 52.905198466235483 ], [ -6.520794659597149, 52.905390336452633 ], [ -6.521602016769648, 52.905324737964399 ], [ -6.522123704469238, 52.904601538386551 ], [ -6.521673531534512, 52.904549466283228 ], [ -6.520449789507031, 52.904883074855725 ], [ -6.520082434467488, 52.904836524309388 ], [ -6.520051191836133, 52.904378360605612 ], [ -6.5184072217688, 52.904469217847286 ], [ -6.517794678507064, 52.902220125280664 ], [ -6.517458520530461, 52.90177709730753 ], [ -6.516059889526518, 52.900906477518632 ], [ -6.514399544238313, 52.902339877886881 ], [ -6.515111152583592, 52.901239488199849 ], [ -6.514161955257935, 52.898355231610154 ], [ -6.514909264478679, 52.897865594634922 ], [ -6.515390269874846, 52.897263010667949 ], [ -6.516759617184596, 52.891559181387095 ], [ -6.517954166103225, 52.89129530893473 ], [ -6.51783244804652, 52.891031381616628 ], [ -6.518382310653492, 52.890597315073748 ], [ -6.52008202510246, 52.890218723825839 ], [ -6.519970130833765, 52.890037195845657 ], [ -6.520492148204372, 52.88961692041952 ], [ -6.520394457354049, 52.889512337278155 ], [ -6.520996804244255, 52.889356406235997 ], [ -6.521735814240536, 52.889444509556803 ], [ -6.522061665777326, 52.889873158828792 ], [ -6.522212819163181, 52.889491146589506 ], [ -6.522696653320023, 52.889222118356678 ], [ -6.525523200578204, 52.88875102759787 ], [ -6.525709602105582, 52.888900216250484 ], [ -6.526532769091491, 52.888942736600157 ], [ -6.526611439948176, 52.889785029373733 ], [ -6.52710443961697, 52.89009542081893 ], [ -6.527552647805196, 52.890027597199364 ], [ -6.528108387911401, 52.889698390993551 ] ] ], [ [ [ -6.702254451025182, 52.803611215410207 ], [ -6.702460482712886, 52.803669690673821 ], [ -6.702222884294066, 52.804198646620662 ], [ -6.702512841378364, 52.805257303392999 ], [ -6.70187446250434, 52.80579152934817 ], [ -6.701495472054214, 52.806413287847334 ], [ -6.700756573533832, 52.806967404701282 ], [ -6.700421259183078, 52.807710837067063 ], [ -6.700076711213647, 52.807877833329648 ], [ -6.699272977278842, 52.807872460030048 ], [ -6.698622606758945, 52.808174304764577 ], [ -6.698745937887342, 52.80909687478993 ], [ -6.697890486887779, 52.809915041386859 ], [ -6.696641501377841, 52.810556366756813 ], [ -6.695464816094168, 52.8115422968066 ], [ -6.693236983037711, 52.811593971789243 ], [ -6.692119752427343, 52.811943877614617 ], [ -6.690900572455198, 52.812702733722666 ], [ -6.689990879483456, 52.813043107063635 ], [ -6.688258346631374, 52.81343730001349 ], [ -6.687692174285059, 52.813827032320312 ], [ -6.68637460252646, 52.813865846494991 ], [ -6.686243834127864, 52.814492074801329 ], [ -6.685867570999254, 52.815004075098628 ], [ -6.685165651197479, 52.81525145348192 ], [ -6.6840071175789, 52.815456616447896 ], [ -6.682066999621905, 52.815398756255334 ], [ -6.679849253738569, 52.815128527024378 ], [ -6.679134793389161, 52.814736306359066 ], [ -6.678024864715424, 52.815260544956104 ], [ -6.676621035272944, 52.815400317265173 ], [ -6.675586676379157, 52.815362379820691 ], [ -6.67493768446698, 52.815965311601829 ], [ -6.673597064986413, 52.815943846318604 ], [ -6.67240913641114, 52.816360459907081 ], [ -6.671560133572764, 52.817876305677231 ], [ -6.67091350482684, 52.818514916971388 ], [ -6.66967154518995, 52.819411120456543 ], [ -6.66791717484957, 52.82152857344861 ], [ -6.66823283535475, 52.822480892903172 ], [ -6.669437094892271, 52.822581254269316 ], [ -6.669435393762213, 52.822926406728385 ], [ -6.668181337679958, 52.823568142071032 ], [ -6.668654781250471, 52.824226800564531 ], [ -6.668612615107492, 52.824964416724704 ], [ -6.669652585931725, 52.825324314334352 ], [ -6.669841520804356, 52.825830301880814 ], [ -6.670544726728166, 52.826309521596201 ], [ -6.672911857481202, 52.827229644271029 ], [ -6.673176444343832, 52.827570582733991 ], [ -6.673037448652621, 52.828005234128305 ], [ -6.673898963554767, 52.82845418666389 ], [ -6.673817142040183, 52.828853065798263 ], [ -6.673119054020886, 52.829729628764433 ], [ -6.673281377540579, 52.830251249069384 ], [ -6.673085809386902, 52.83140294348739 ], [ -6.672378039730426, 52.83207729954367 ], [ -6.670619089945284, 52.832523380677387 ], [ -6.667767205846574, 52.832197981295153 ], [ -6.667509223128921, 52.831750359300344 ], [ -6.667064440176227, 52.831559782630777 ], [ -6.666018506782382, 52.831837925233444 ], [ -6.663875838243691, 52.831771463384051 ], [ -6.663626917572483, 52.833224650502473 ], [ -6.664828503502147, 52.83497594639109 ], [ -6.664610242026941, 52.835425713548901 ], [ -6.664848121972486, 52.835923099774426 ], [ -6.664680264327901, 52.836252765219314 ], [ -6.664567522748445, 52.83623500162826 ], [ -6.66470561367378, 52.835944347878012 ], [ -6.664477390923499, 52.835360770969352 ], [ -6.664667874236216, 52.835032577327091 ], [ -6.664467895049448, 52.835042618176736 ], [ -6.663832362891606, 52.834277540322589 ], [ -6.66333087753583, 52.833331605305574 ], [ -6.663380168686583, 52.831897503970403 ], [ -6.663661458830214, 52.83158625270918 ], [ -6.66404852205078, 52.83149766827222 ], [ -6.665986371657389, 52.831658604849117 ], [ -6.666553320418279, 52.83137959114827 ], [ -6.667144240321329, 52.831348834692513 ], [ -6.667667609325945, 52.831497632634054 ], [ -6.667864411171235, 52.832118425980362 ], [ -6.670622852341827, 52.832437344001043 ], [ -6.672197702643053, 52.832064689583241 ], [ -6.672919643883323, 52.831446265793822 ], [ -6.672997440655257, 52.82967280292992 ], [ -6.673779983938315, 52.828497582498947 ], [ -6.672960346729954, 52.828114769890192 ], [ -6.672936418817153, 52.827418071405901 ], [ -6.67143364988031, 52.826657372006736 ], [ -6.670251046119876, 52.826287283354482 ], [ -6.669740289725755, 52.82585559585015 ], [ -6.669526343925606, 52.825367277553561 ], [ -6.66849685948977, 52.824978215961437 ], [ -6.66852082395497, 52.824238459549967 ], [ -6.667958740747212, 52.823665606468445 ], [ -6.669313066390094, 52.822754440453615 ], [ -6.669186959430513, 52.822604175439871 ], [ -6.668470927812871, 52.822628144973422 ], [ -6.668074999570827, 52.822497234221423 ], [ -6.667779539136309, 52.821498349382729 ], [ -6.669600396582331, 52.819337437063311 ], [ -6.671342446237785, 52.817993213831791 ], [ -6.672335764962835, 52.816324283333671 ], [ -6.673122443206599, 52.815917722836829 ], [ -6.674915575196122, 52.815902970334918 ], [ -6.675557189695214, 52.815300351829229 ], [ -6.676526388224092, 52.815352510576631 ], [ -6.678038920262707, 52.815180788564973 ], [ -6.679080555331898, 52.814663863091937 ], [ -6.680010239244637, 52.815066734815673 ], [ -6.681918980902674, 52.815342413671416 ], [ -6.683070194394101, 52.815275107400375 ], [ -6.684093982468141, 52.815391719148117 ], [ -6.685272038509716, 52.815160557933389 ], [ -6.685831319967927, 52.814905455078751 ], [ -6.686128351666246, 52.814456711567459 ], [ -6.686084370695874, 52.813963563107947 ], [ -6.686317568050341, 52.813793386410111 ], [ -6.687771952384167, 52.813712939741812 ], [ -6.688188819617517, 52.813367176352855 ], [ -6.689882904624989, 52.813000821215105 ], [ -6.690985466340798, 52.81258747122763 ], [ -6.692122449864651, 52.811845960203563 ], [ -6.693224625666936, 52.811513122880193 ], [ -6.695433474039617, 52.811447539389214 ], [ -6.696676671527667, 52.810411430027216 ], [ -6.697841760159541, 52.809837809916786 ], [ -6.698598492549616, 52.809111029826298 ], [ -6.698550891460386, 52.808107839399902 ], [ -6.699005569857432, 52.80785943928398 ], [ -6.700083457329034, 52.807790264369707 ], [ -6.700338555896979, 52.807649871981653 ], [ -6.700721615866392, 52.806820111610783 ], [ -6.701322999400742, 52.806454930245366 ], [ -6.701817770692649, 52.805680860104978 ], [ -6.702406514924409, 52.805242188152313 ], [ -6.702120875215106, 52.804207181782147 ], [ -6.702254451025182, 52.803611215410207 ] ] ], [ [ [ -6.703079186451386, 52.786036692488928 ], [ -6.702225944520282, 52.78728955782131 ], [ -6.704060195746999, 52.789055583768281 ], [ -6.704428525795088, 52.790110115123149 ], [ -6.703532962821773, 52.791396089741667 ], [ -6.702816479226483, 52.791838280337792 ], [ -6.702718686737794, 52.792082180638751 ], [ -6.703030889025505, 52.792934214074954 ], [ -6.704887053365516, 52.793957043935812 ], [ -6.705023789697437, 52.794160505250268 ], [ -6.704836281345894, 52.794594988362178 ], [ -6.704877352226101, 52.794113255881008 ], [ -6.704636973014861, 52.79383558202327 ], [ -6.703338911938911, 52.793247756239758 ], [ -6.702743314716592, 52.79271406824396 ], [ -6.702638792820718, 52.791911328623129 ], [ -6.703509740625867, 52.791286527334115 ], [ -6.704313914823947, 52.78995727894138 ], [ -6.703924838104439, 52.789054983414736 ], [ -6.702877677622836, 52.787989496565558 ], [ -6.702006706105253, 52.788193289330437 ], [ -6.702124077198599, 52.787093603929137 ], [ -6.702784958379438, 52.786032175272169 ], [ -6.703221960807134, 52.785695208311473 ], [ -6.703957737224751, 52.785524645016345 ], [ -6.704626771298491, 52.785139241357889 ], [ -6.70553496270102, 52.784086169974458 ], [ -6.707624972606679, 52.783011184303732 ], [ -6.707954544913014, 52.781733546509656 ], [ -6.708238323118731, 52.781452597937005 ], [ -6.709212262063781, 52.781320370859184 ], [ -6.710353277130298, 52.781710746830967 ], [ -6.711309633995116, 52.781565278248102 ], [ -6.710918762253787, 52.780787478126122 ], [ -6.710813331177529, 52.7798789378352 ], [ -6.71095732523807, 52.779668732260717 ], [ -6.711834338880359, 52.779132473697985 ], [ -6.712162156929051, 52.778410119028976 ], [ -6.710610364125373, 52.77778662586438 ], [ -6.710129621256828, 52.777441003858442 ], [ -6.710071500655122, 52.777248465983796 ], [ -6.710730018516689, 52.776371881320614 ], [ -6.7109517964538, 52.776375347265919 ], [ -6.710167685226521, 52.777235409864787 ], [ -6.710224811652192, 52.777382775565314 ], [ -6.710473982141587, 52.77763933460772 ], [ -6.712071939938732, 52.778188042172879 ], [ -6.712277881223275, 52.778396111999747 ], [ -6.711950026773332, 52.779156314923156 ], [ -6.71091203327214, 52.779909090500297 ], [ -6.711408531683565, 52.781669135620568 ], [ -6.71023693164605, 52.781772714524742 ], [ -6.709026906556748, 52.781375785422121 ], [ -6.708288574831283, 52.781520560736887 ], [ -6.707663800715806, 52.783110392404517 ], [ -6.705594254887212, 52.784154978565574 ], [ -6.704758623235874, 52.785157538594092 ], [ -6.703079186451386, 52.786036692488928 ] ] ], [ [ [ -6.60512582364766, 52.710183958791887 ], [ -6.606236078853066, 52.710226112648172 ], [ -6.607997526324, 52.711090827958216 ], [ -6.608640343521328, 52.711847042802894 ], [ -6.609656100171516, 52.712581345450516 ], [ -6.610350612216042, 52.712771102597372 ], [ -6.610753081926133, 52.713164441095515 ], [ -6.613026188768629, 52.713853190621492 ], [ -6.614916830578176, 52.713911068056362 ], [ -6.616242606725259, 52.713426954803431 ], [ -6.61638048207543, 52.713177953232901 ], [ -6.615287685859615, 52.711413382205357 ], [ -6.615493484477807, 52.711133319350672 ], [ -6.616848778271765, 52.71041542750504 ], [ -6.61755715457667, 52.709734858450709 ], [ -6.619597092628213, 52.708735214866827 ], [ -6.620084588904819, 52.708597549169028 ], [ -6.620513771985797, 52.709167440634971 ], [ -6.620194897960977, 52.709481413378853 ], [ -6.620092326076637, 52.71013042682965 ], [ -6.61972268650701, 52.710422563011413 ], [ -6.619486485619523, 52.710073612824537 ], [ -6.618041922321166, 52.710053142330807 ], [ -6.616619289431569, 52.711135971626845 ], [ -6.616277661289813, 52.711953460719037 ], [ -6.617012379987331, 52.713092554891205 ], [ -6.616739232096728, 52.713145412099962 ], [ -6.616869039332683, 52.713695024285755 ], [ -6.615641419251993, 52.714348494054867 ], [ -6.613552969241966, 52.714384915571586 ], [ -6.612134806186977, 52.714106970732317 ], [ -6.610185765549214, 52.713260737403928 ], [ -6.608630397332544, 52.712821999676052 ], [ -6.609184763956014, 52.712573864723005 ], [ -6.60651984349092, 52.710654050842464 ], [ -6.606694316597937, 52.710551973945449 ], [ -6.606286640127893, 52.710311909080396 ], [ -6.605319437986052, 52.710322377077539 ], [ -6.60512582364766, 52.710183958791887 ] ] ], [ [ [ -6.59897248377156, 52.710276098700774 ], [ -6.599963548196718, 52.710111297365621 ], [ -6.601117894727227, 52.709619260841677 ], [ -6.602124064517058, 52.709523337650751 ], [ -6.604760108199995, 52.710046851365959 ], [ -6.60218168721352, 52.709591941255496 ], [ -6.601125483721993, 52.70969121338392 ], [ -6.599938178106123, 52.71019077073165 ], [ -6.599187894739992, 52.710315165758971 ], [ -6.59726132088808, 52.711397806712839 ], [ -6.598075938585564, 52.712496580847244 ], [ -6.596874647717524, 52.712789006809189 ], [ -6.595645780220613, 52.712925707987267 ], [ -6.594979247916108, 52.711878742179771 ], [ -6.591184153329851, 52.712220592957124 ], [ -6.589527606781171, 52.7122755036863 ], [ -6.589127719777018, 52.712169082497802 ], [ -6.588199557601571, 52.71302562863918 ], [ -6.588379242570561, 52.712832695556905 ], [ -6.588029423792951, 52.712471297162587 ], [ -6.584761194088396, 52.712482671799137 ], [ -6.583327732863715, 52.71226719151511 ], [ -6.582094521909849, 52.712665827478915 ], [ -6.580261642400751, 52.712898194935327 ], [ -6.579304254051606, 52.712692490979606 ], [ -6.573352727647804, 52.714150013156157 ], [ -6.572062948805007, 52.714286215573793 ], [ -6.570372606075844, 52.714236451789667 ], [ -6.56908197342937, 52.714390860249942 ], [ -6.567517796721319, 52.714790039738865 ], [ -6.565998450968633, 52.714830188442065 ], [ -6.563447219329517, 52.7159132824655 ], [ -6.562551684090134, 52.715952676367138 ], [ -6.56184347341098, 52.715712177272742 ], [ -6.56164288693554, 52.715816350953752 ], [ -6.561570250896962, 52.715638120313294 ], [ -6.561311110495311, 52.715618526769632 ], [ -6.559403855537625, 52.716497691708028 ], [ -6.556860281188196, 52.717240116245698 ], [ -6.555932879601242, 52.717770135302935 ], [ -6.555626980319554, 52.718219533590926 ], [ -6.555505707830814, 52.719018868356407 ], [ -6.554784694647982, 52.719785634092396 ], [ -6.55441873509265, 52.721478166287419 ], [ -6.554114578780243, 52.72154133299199 ], [ -6.553844167387235, 52.721964822698901 ], [ -6.552776150529922, 52.724270539148897 ], [ -6.552053661860343, 52.724510167837529 ], [ -6.551582413809971, 52.725097401268549 ], [ -6.550538635000844, 52.725016871790082 ], [ -6.550107522541225, 52.725148050112736 ], [ -6.549721137013717, 52.725042560270701 ], [ -6.549273257256401, 52.725233756142281 ], [ -6.548000806941248, 52.725233011816442 ], [ -6.546657745236485, 52.725677681439677 ], [ -6.545629717645761, 52.726501179573155 ], [ -6.545788991241874, 52.726536874639422 ], [ -6.545455002426188, 52.72736363369971 ], [ -6.545195329632209, 52.727836719875128 ], [ -6.544990363868332, 52.727768293025434 ], [ -6.544536026399922, 52.728375528058606 ], [ -6.543737863313692, 52.730167980158846 ], [ -6.542950972613939, 52.73083660665958 ], [ -6.542483672333397, 52.730944571622437 ], [ -6.541969745859954, 52.731553176723104 ], [ -6.539926696964109, 52.732402017047818 ], [ -6.538443691916139, 52.733890593156438 ], [ -6.537472783258947, 52.734164868876377 ], [ -6.536477632704406, 52.734701354221869 ], [ -6.535179011385951, 52.736300056051199 ], [ -6.535005673667042, 52.736803444537884 ], [ -6.535279922401532, 52.737217350465556 ], [ -6.536864915696222, 52.738585593291482 ], [ -6.537542759037448, 52.738948471740045 ], [ -6.537688309132304, 52.739241773275999 ], [ -6.537378439623564, 52.740291976266555 ], [ -6.537297243363963, 52.741545982978927 ], [ -6.537468516077717, 52.741725554221219 ], [ -6.53717169361872, 52.742139493914252 ], [ -6.537665628479828, 52.74476833091348 ], [ -6.537378034400136, 52.745683797895389 ], [ -6.538242653679088, 52.745909682598921 ], [ -6.537289642260201, 52.748070401926455 ], [ -6.536468217664849, 52.747913420912624 ], [ -6.536094150823392, 52.748492943807435 ], [ -6.535459437620385, 52.74889454614474 ], [ -6.534432926721242, 52.750889774925263 ], [ -6.533456434638108, 52.750854603290684 ], [ -6.533574601577461, 52.751479795272452 ], [ -6.53295855187591, 52.754782197523866 ], [ -6.533209675531986, 52.754823437671163 ], [ -6.532862273545994, 52.756246030524025 ], [ -6.532651554063984, 52.756226090109678 ], [ -6.532178028626988, 52.757103865967039 ], [ -6.532393972784134, 52.7583571429779 ], [ -6.531725181349557, 52.759544999359399 ], [ -6.530886001826851, 52.760191685959938 ], [ -6.529557164375311, 52.76061198292718 ], [ -6.529591803610685, 52.761101976794535 ], [ -6.528302846389009, 52.761620803758149 ], [ -6.526009670619254, 52.762347218689889 ], [ -6.522454735591085, 52.763028072437834 ], [ -6.515828163427751, 52.763647845921902 ], [ -6.507914115104027, 52.762607553964273 ], [ -6.505500839100971, 52.762598393456571 ], [ -6.503922628485999, 52.763078274420465 ], [ -6.503390422853483, 52.763055093220899 ], [ -6.498810639566861, 52.765467924390741 ], [ -6.496491416220108, 52.767207854325889 ], [ -6.490259477792556, 52.775940319002849 ], [ -6.484233833741646, 52.782926428733091 ], [ -6.482451509227256, 52.784280718321163 ], [ -6.480471503758184, 52.78525895431217 ], [ -6.478009305902043, 52.786198847215765 ], [ -6.475433257802609, 52.786882506708885 ], [ -6.472554017801444, 52.78742245944813 ], [ -6.471838587649145, 52.787497043733239 ], [ -6.470723645200922, 52.787266230893586 ], [ -6.469952674643882, 52.787523797571104 ], [ -6.469630733484503, 52.787470657110546 ], [ -6.468805137381977, 52.786619462831382 ], [ -6.467729395096463, 52.786847102218289 ], [ -6.466168378274329, 52.786940548828653 ], [ -6.462756814498294, 52.786799942895001 ], [ -6.460647649055492, 52.787183113370254 ], [ -6.460330950418461, 52.787671911350039 ], [ -6.460757764654748, 52.791521903265945 ], [ -6.461022088274373, 52.792019444843973 ], [ -6.46107635520023, 52.793565681866923 ], [ -6.461355574981068, 52.794081662594003 ], [ -6.461331348107211, 52.795000092838656 ], [ -6.46156566626017, 52.795610683787615 ], [ -6.460958413163173, 52.796695212978712 ], [ -6.461301210032995, 52.79837660649796 ], [ -6.461051078145814, 52.799028015037919 ], [ -6.462572066030336, 52.799937009948685 ], [ -6.462219748491487, 52.80005279303451 ], [ -6.461420155204682, 52.799674765618072 ], [ -6.460772294035921, 52.79904169832129 ], [ -6.46089953448246, 52.798421901203383 ], [ -6.46046928086546, 52.79725933973809 ], [ -6.461067235338341, 52.794270912539773 ], [ -6.460495051621871, 52.792066451009866 ], [ -6.460259090286683, 52.787995511052188 ], [ -6.46000779353988, 52.78724042382224 ], [ -6.461332679637644, 52.786758687798205 ], [ -6.46253568012273, 52.786512669483102 ], [ -6.462623292592127, 52.786709315036369 ], [ -6.466241511103632, 52.786804685431456 ], [ -6.467819709034727, 52.78670930250199 ], [ -6.468685318112235, 52.786493691571906 ], [ -6.469299061183609, 52.78670556580763 ], [ -6.469732174535296, 52.787350255890111 ], [ -6.470728741083298, 52.787141892095121 ], [ -6.4719629166983, 52.787379367775017 ], [ -6.477740730698756, 52.786111170763022 ], [ -6.477471576178808, 52.78592614301806 ], [ -6.480120954683423, 52.784887932875513 ], [ -6.48256100921493, 52.783599885924346 ], [ -6.48385746243499, 52.78248450606312 ], [ -6.48596935519559, 52.780083430428661 ], [ -6.486722258840534, 52.778941124726714 ], [ -6.486779091618428, 52.77856449991441 ], [ -6.486485455158059, 52.778168183698639 ], [ -6.48679157464535, 52.777820975092396 ], [ -6.486763005358298, 52.777366055682641 ], [ -6.487897289577703, 52.776093851950023 ], [ -6.486018059731537, 52.775659641756171 ], [ -6.48316288262485, 52.773579735780608 ], [ -6.483141235299345, 52.773226556010776 ], [ -6.484592389112669, 52.772037569666885 ], [ -6.484660605983281, 52.771632711908325 ], [ -6.486271104855597, 52.770080109805669 ], [ -6.487726851794394, 52.767444925662097 ], [ -6.488447469825779, 52.766746021559143 ], [ -6.491644091446627, 52.765542399447646 ], [ -6.492208140660344, 52.766157270300376 ], [ -6.493440645613026, 52.766847099561346 ], [ -6.497711875841229, 52.764526404131281 ], [ -6.498170907333846, 52.764074210143299 ], [ -6.498564771672819, 52.762980316802761 ], [ -6.501453989312298, 52.761935549697654 ], [ -6.502028455905937, 52.762022166882247 ], [ -6.502682343718605, 52.762565867151096 ], [ -6.503605130854287, 52.762074967151705 ], [ -6.503989209520116, 52.761609330867834 ], [ -6.504473363013625, 52.761698408701811 ], [ -6.504658613469372, 52.761524027825502 ], [ -6.506783838448258, 52.761897906865251 ], [ -6.508317257534934, 52.761980476076701 ], [ -6.509041282437505, 52.762195151109445 ], [ -6.510601705937968, 52.762290709497918 ], [ -6.515148173839431, 52.763049196691661 ], [ -6.516295928932903, 52.763058434054216 ], [ -6.51841748229154, 52.762487830578294 ], [ -6.51943058930414, 52.762506503383996 ], [ -6.525582420611336, 52.761773247730893 ], [ -6.527177997921971, 52.761204216637864 ], [ -6.527213576530145, 52.760848794017001 ], [ -6.52781542135858, 52.760512445962497 ], [ -6.53026420027065, 52.759927444169136 ], [ -6.531106783965742, 52.759393972436271 ], [ -6.531719157665743, 52.758488837224718 ], [ -6.531491435996272, 52.757233883230604 ], [ -6.531905972070047, 52.756453829447111 ], [ -6.531509464697551, 52.756429073961648 ], [ -6.532043336316636, 52.75502615536459 ], [ -6.531796132281182, 52.754550591063058 ], [ -6.532491640525658, 52.754564823905646 ], [ -6.533274539013408, 52.751243782073004 ], [ -6.533232981635987, 52.751005159678577 ], [ -6.532709614142552, 52.751094961067786 ], [ -6.53143590968613, 52.74908685059593 ], [ -6.53275164855764, 52.749148330687525 ], [ -6.532811716599678, 52.747516089536575 ], [ -6.534568682779026, 52.747757992566086 ], [ -6.534907337325212, 52.745845946613123 ], [ -6.535265266692262, 52.745867718658268 ], [ -6.535639436644341, 52.743809885588483 ], [ -6.535442772879777, 52.742258470573006 ], [ -6.535654919707005, 52.742055516891853 ], [ -6.536109048843696, 52.741980134345631 ], [ -6.536816930270629, 52.741378354078641 ], [ -6.537023139781041, 52.740772447282893 ], [ -6.537198560467925, 52.73924004756384 ], [ -6.535670732934406, 52.738085729397284 ], [ -6.535680347267808, 52.737819754039997 ], [ -6.534896536710166, 52.737134661282376 ], [ -6.534800930818536, 52.736532336299646 ], [ -6.535114435185232, 52.735937134970655 ], [ -6.536344292373538, 52.734525677663726 ], [ -6.537331346805191, 52.73402288904434 ], [ -6.53826350576669, 52.733758427012596 ], [ -6.539730352990208, 52.732320497458375 ], [ -6.541670671916568, 52.731508958356471 ], [ -6.543399230786666, 52.730156719784624 ], [ -6.545054531730827, 52.727293349599506 ], [ -6.54499467034682, 52.72681000788414 ], [ -6.546476887294959, 52.725593755956872 ], [ -6.547947251414461, 52.725099232444023 ], [ -6.549003285729984, 52.725079082230167 ], [ -6.549701445584356, 52.724907398189558 ], [ -6.55154650969251, 52.724942805795799 ], [ -6.551853011505981, 52.724430053751291 ], [ -6.552600343701275, 52.7240228182769 ], [ -6.554352221620917, 52.720772094307101 ], [ -6.554448263958175, 52.719887420685886 ], [ -6.555766327857435, 52.71758248938049 ], [ -6.556655514360746, 52.717070888834897 ], [ -6.558965571075739, 52.716374851523717 ], [ -6.56049886825261, 52.715645880535341 ], [ -6.561592699584127, 52.715439427395587 ], [ -6.560161721666363, 52.714458839372085 ], [ -6.560492959893668, 52.714230927809176 ], [ -6.56104830367159, 52.714022220726854 ], [ -6.562889365860358, 52.713764555735885 ], [ -6.562896435110232, 52.71412679364775 ], [ -6.564549426068218, 52.713826787640535 ], [ -6.565007655531077, 52.714941982757537 ], [ -6.56614730716537, 52.714646459829503 ], [ -6.565676828144317, 52.71336150095042 ], [ -6.56883533984474, 52.71287163406403 ], [ -6.569416023595659, 52.714180419239227 ], [ -6.573038442946538, 52.714013556897413 ], [ -6.579108792701511, 52.712535452541438 ], [ -6.580346975840202, 52.712636398489181 ], [ -6.581960763597689, 52.712485553690151 ], [ -6.583357019548418, 52.712085706198479 ], [ -6.584322097318505, 52.712262987893958 ], [ -6.585691995767745, 52.712285275866058 ], [ -6.585289258569958, 52.711365186760624 ], [ -6.585366857622678, 52.710916883137429 ], [ -6.587891644629436, 52.71096009734579 ], [ -6.590678665010568, 52.710496298485019 ], [ -6.592222620431031, 52.710507259111985 ], [ -6.593062932383231, 52.711870773629144 ], [ -6.596377501869058, 52.711497384636047 ], [ -6.59897248377156, 52.710276098700774 ] ] ] ] } },
{ "type": "Feature", "properties": { "SITECODE": "002249", "SITE_NAME": "The Murrough Wetlands SAC", "VERSION": 3.01, "COUNTY": "wi", "HA": 602.6969, "Source_CRS": "ITM", "SourcScale": "1:5000", "URL": "https://www.npws.ie/protected-sites/sac/002249" }, "geometry": { "type": "MultiPolygon", "coordinates": [ [ [ [ -6.041417043593697, 53.114628348820254 ], [ -6.04051277212382, 53.105051183202043 ], [ -6.038244233459902, 53.09807142434471 ], [ -6.037672897688652, 53.095604518229244 ], [ -6.037241683356587, 53.091641229369053 ], [ -6.037524427535545, 53.089675705249462 ], [ -6.037771278584156, 53.089590437050752 ], [ -6.037734885450965, 53.089298878963533 ], [ -6.037168413438869, 53.089349993748861 ], [ -6.037221990274658, 53.087198252482651 ], [ -6.034823699309233, 53.072660108078352 ], [ -6.034471627363325, 53.069044501445219 ], [ -6.035127835835833, 53.066928148233522 ], [ -6.036719872539601, 53.064133106243517 ], [ -6.03942624611935, 53.058463049744439 ], [ -6.039778503927096, 53.056660466414783 ], [ -6.045926246675644, 53.038817745072926 ], [ -6.047858799929616, 53.031824140211342 ], [ -6.04842132349273, 53.028654854901411 ], [ -6.049641292840311, 53.016868694825313 ], [ -6.049900905956313, 53.005501647191892 ], [ -6.049175830775575, 52.999169883522228 ], [ -6.049297407023347, 52.998877520330943 ], [ -6.053910085573735, 52.99830724755428 ], [ -6.053209453396222, 52.997481466923986 ], [ -6.051528156697776, 52.996281301532697 ], [ -6.050646013011267, 52.994704242197336 ], [ -6.050753307000226, 52.994504857315292 ], [ -6.051471448273735, 52.994304098352089 ], [ -6.052476128784632, 52.995924889193205 ], [ -6.052627760772977, 52.995858196746269 ], [ -6.052994519395098, 52.994364831432378 ], [ -6.051974547157736, 52.993918001811181 ], [ -6.050869410302942, 52.990498946409033 ], [ -6.05058575710765, 52.990114783440347 ], [ -6.04966887383263, 52.989642791693143 ], [ -6.049236917904419, 52.989019612950578 ], [ -6.049947130345966, 52.988676556078119 ], [ -6.050134395046753, 52.988744519124495 ], [ -6.050888628851518, 52.988553273238693 ], [ -6.051027564550044, 52.989114957555522 ], [ -6.051572231873963, 52.989579646825227 ], [ -6.052205035501585, 52.989711678583681 ], [ -6.053041250850196, 52.990275112581898 ], [ -6.054470110951339, 52.990732492393839 ], [ -6.055521978731464, 52.991383106632952 ], [ -6.059371604598502, 52.992673649603304 ], [ -6.058471249444895, 52.993231223805175 ], [ -6.061875620868169, 52.997610042760549 ], [ -6.063360952084176, 52.99912562981288 ], [ -6.064371523572348, 52.999847832093735 ], [ -6.06293295210637, 53.001454349795281 ], [ -6.062446342040967, 53.002642451592955 ], [ -6.06166492764544, 53.003099218298615 ], [ -6.060393659874392, 53.003067139125228 ], [ -6.058951927788081, 53.002485757936455 ], [ -6.057088298398235, 53.002984227599775 ], [ -6.056638907996605, 53.003549616815924 ], [ -6.056404643181891, 53.004373203369063 ], [ -6.056481918310769, 53.004577588208747 ], [ -6.056993595649701, 53.004790125505188 ], [ -6.057427142021703, 53.004792502383516 ], [ -6.058100915456793, 53.005210021064812 ], [ -6.05840434348698, 53.004793048827018 ], [ -6.059185469322936, 53.004460892266039 ], [ -6.059626121084886, 53.004431959268253 ], [ -6.059994631203231, 53.004599467533559 ], [ -6.060525725900605, 53.004500293964114 ], [ -6.061171079563318, 53.003877208638883 ], [ -6.062254040811952, 53.005425377690358 ], [ -6.065275794786777, 53.005387608603449 ], [ -6.06679155686045, 53.005754670611495 ], [ -6.066751370714017, 53.006247037637401 ], [ -6.064928240724643, 53.006502529351877 ], [ -6.063397880600781, 53.007233131662609 ], [ -6.06388212290771, 53.00784160925965 ], [ -6.06201550081378, 53.007719167121756 ], [ -6.062764110644386, 53.009441776402809 ], [ -6.066528941519146, 53.009683605691691 ], [ -6.065634135766739, 53.010942032426179 ], [ -6.067284579367251, 53.011326918304086 ], [ -6.068090318952381, 53.012889357855663 ], [ -6.066816286955609, 53.013305677000631 ], [ -6.068034396363725, 53.014577443023953 ], [ -6.065795848219139, 53.014863838841727 ], [ -6.065514245624665, 53.01429057455794 ], [ -6.065113789761553, 53.014251788094192 ], [ -6.062294996458558, 53.011791996974459 ], [ -6.061340428490366, 53.012045318554378 ], [ -6.060069402609678, 53.013014662841719 ], [ -6.060022077285709, 53.013239205178131 ], [ -6.05948700666537, 53.013242072189911 ], [ -6.059537156848297, 53.012323687032769 ], [ -6.059250958426778, 53.012133260772579 ], [ -6.05879817432789, 53.012115621302705 ], [ -6.058547708703606, 53.012271047670723 ], [ -6.058740510755481, 53.012517020898102 ], [ -6.057514033820775, 53.016031612287598 ], [ -6.055294555967439, 53.016279361085239 ], [ -6.055488131014996, 53.018594314458348 ], [ -6.05762085906625, 53.018870876659015 ], [ -6.058311191278341, 53.020151017889354 ], [ -6.059479204297398, 53.021182823561439 ], [ -6.056985342891187, 53.025148223406354 ], [ -6.05551444545932, 53.024992313762901 ], [ -6.054532479595169, 53.027137550004184 ], [ -6.057933465823469, 53.028418104996746 ], [ -6.057288223566649, 53.02863326546251 ], [ -6.056625310703841, 53.030678637868256 ], [ -6.055814251015142, 53.031451291530409 ], [ -6.056253109486113, 53.031644112353725 ], [ -6.055230065140961, 53.03260492073521 ], [ -6.051832258411713, 53.034953222776153 ], [ -6.050659549404453, 53.036090301554317 ], [ -6.048699763739781, 53.038611060938287 ], [ -6.048256417760153, 53.039919409154585 ], [ -6.049380260501289, 53.040285239767783 ], [ -6.04877931539805, 53.041842269245912 ], [ -6.0484648867129, 53.041765109362316 ], [ -6.048202813268574, 53.042064145519866 ], [ -6.047923089745101, 53.043001206178047 ], [ -6.048170802222677, 53.04489501118821 ], [ -6.048843110641315, 53.04486967259168 ], [ -6.048556956453013, 53.047554757287941 ], [ -6.0479251977694, 53.047546270012333 ], [ -6.047364166944778, 53.049930882471145 ], [ -6.047581411728368, 53.051151885729446 ], [ -6.047420471636847, 53.05132628742966 ], [ -6.047488563936324, 53.052941029312507 ], [ -6.045955334801436, 53.053016177204505 ], [ -6.045594147510254, 53.05490053713568 ], [ -6.048328514765236, 53.055326508388653 ], [ -6.048132738134335, 53.057031583391243 ], [ -6.04788139244473, 53.058103212277537 ], [ -6.045604893339922, 53.058011765851397 ], [ -6.048228182733861, 53.061096036592936 ], [ -6.047876447689335, 53.061126435489285 ], [ -6.047970617785458, 53.061748675872707 ], [ -6.04820570746887, 53.06299365362414 ], [ -6.048731284766628, 53.063054582298385 ], [ -6.04891388004365, 53.064433511080225 ], [ -6.049128076773239, 53.064454685425503 ], [ -6.049295355604891, 53.064869557991173 ], [ -6.04901546437575, 53.065362290911793 ], [ -6.048029966134894, 53.066036838727385 ], [ -6.045688083325516, 53.066715525446767 ], [ -6.043860828547288, 53.066935863420618 ], [ -6.043808469995411, 53.067105609882091 ], [ -6.043773824570454, 53.066938225925007 ], [ -6.04320202662822, 53.066891301918346 ], [ -6.042822595719295, 53.066584096476873 ], [ -6.042182579423079, 53.06679855777395 ], [ -6.041459937302886, 53.066729931693615 ], [ -6.042478556166015, 53.068837979871702 ], [ -6.041058082713754, 53.068385504909266 ], [ -6.039143841775724, 53.068164706680108 ], [ -6.039529950161213, 53.069087982949718 ], [ -6.039242562686161, 53.069059731565616 ], [ -6.039250252471236, 53.0691778903429 ], [ -6.037476113093573, 53.068973898803122 ], [ -6.037310258078121, 53.069457866934911 ], [ -6.03536860388912, 53.069245198607611 ], [ -6.035959709200847, 53.067194670551054 ], [ -6.036899575915085, 53.065527532815175 ], [ -6.036556835081793, 53.06534716213632 ], [ -6.035706586755614, 53.066843091256835 ], [ -6.035062299169134, 53.06859372775439 ], [ -6.035020785872132, 53.069761434949378 ], [ -6.035503946276711, 53.069738673276063 ], [ -6.035492498008757, 53.071129628558921 ], [ -6.036641711992247, 53.077951426927321 ], [ -6.037263454239278, 53.07790698932434 ], [ -6.03717423874336, 53.077335519686251 ], [ -6.041010897160997, 53.07541047343021 ], [ -6.041140655555921, 53.074571007067064 ], [ -6.044267527916238, 53.074314625001513 ], [ -6.043423473633942, 53.080613506378413 ], [ -6.045127806739461, 53.08029842339792 ], [ -6.045196926138945, 53.084619486066508 ], [ -6.042475652387769, 53.084670610690431 ], [ -6.042291496873709, 53.084780751160416 ], [ -6.037156458470386, 53.084648104901625 ], [ -6.039011737661166, 53.097262907233919 ], [ -6.040167182313104, 53.101444101404979 ], [ -6.040523101144492, 53.10141920323391 ], [ -6.041503023883387, 53.101734121766057 ], [ -6.042839386328664, 53.101824585128057 ], [ -6.043105362805424, 53.101729320830472 ], [ -6.045163013212473, 53.103088710819215 ], [ -6.044740864942112, 53.103363901634026 ], [ -6.042233926608395, 53.103725917535527 ], [ -6.042480439698638, 53.106080870134392 ], [ -6.041165598246869, 53.106172924090423 ], [ -6.041032550469282, 53.105658815381396 ], [ -6.040847116124855, 53.105681380609163 ], [ -6.042016187347195, 53.114616436688252 ], [ -6.041417043593697, 53.114628348820254 ] ], [ [ -6.050551752099869, 53.025241119831556 ], [ -6.050765693362071, 53.024008910277914 ], [ -6.052744803186481, 53.024102385372053 ], [ -6.053822129351585, 53.02331725864574 ], [ -6.055927549585665, 53.022664351499301 ], [ -6.055528679142713, 53.021558843817502 ], [ -6.054629026001717, 53.021874171098354 ], [ -6.054002877856368, 53.020242956472494 ], [ -6.052521693687949, 53.020342355398839 ], [ -6.052018900192206, 53.020166962139299 ], [ -6.052379476226617, 53.018180376221913 ], [ -6.051464908859696, 53.018101491199815 ], [ -6.050214929894439, 53.022381145854396 ], [ -6.049701042067408, 53.025449483280916 ], [ -6.050721629839376, 53.02562083788262 ], [ -6.050551752099869, 53.025241119831556 ] ], [ [ -6.059212066231977, 52.999668942151345 ], [ -6.057028256266099, 52.999781122425333 ], [ -6.05805688808683, 53.000507269717232 ], [ -6.058368912384987, 53.000366791802662 ], [ -6.059448595054159, 53.001090695344324 ], [ -6.060480138620655, 53.000637070742997 ], [ -6.059212066231977, 52.999668942151345 ] ], [ [ -6.040146188695993, 53.05795913694206 ], [ -6.041157759804066, 53.057910829393109 ], [ -6.041233772191316, 53.057477115818159 ], [ -6.040971338723025, 53.057188698453253 ], [ -6.041277678366831, 53.056092415303624 ], [ -6.040723166431928, 53.056029297194684 ], [ -6.040146188695993, 53.05795913694206 ] ], [ [ -6.041150996307753, 53.105930266007135 ], [ -6.041350470729718, 53.105910619025074 ], [ -6.041333405077649, 53.105766518063348 ], [ -6.0411185623845, 53.105795350228547 ], [ -6.041150996307753, 53.105930266007135 ] ] ], [ [ [ -6.042794737864745, 53.114602451015067 ], [ -6.042393841853873, 53.110053282162255 ], [ -6.041722119248844, 53.10773570844426 ], [ -6.044851958045951, 53.108200104771086 ], [ -6.044565327266754, 53.108981883625923 ], [ -6.045317022752342, 53.109290330975647 ], [ -6.045822453765179, 53.109799933878541 ], [ -6.045732730730785, 53.109971673591964 ], [ -6.046563906363499, 53.110526612859353 ], [ -6.045258265068981, 53.112346670778081 ], [ -6.047241193760875, 53.112459044076651 ], [ -6.046452816515063, 53.1144338926769 ], [ -6.044656417153781, 53.114383852430819 ], [ -6.044644041608893, 53.114592673219121 ], [ -6.044282190709669, 53.114601558908952 ], [ -6.042794737864745, 53.114602451015067 ] ] ] ] } },
{ "type": "Feature", "properties": { "SITECODE": "000733", "SITE_NAME": "Vale of Clara (Rathdrum Wood) SAC", "VERSION": 3.01, "COUNTY": "wi", "HA": 378.2494, "Source_CRS": "ITM", "SourcScale": "1:5000", "URL": "https://www.npws.ie/protected-sites/sac/000733" }, "geometry": { "type": "MultiPolygon", "coordinates": [ [ [ [ -6.216357335371256, 52.967550502178852 ], [ -6.21887896744478, 52.965750385517694 ], [ -6.223221659584347, 52.961851442970755 ], [ -6.227721854795742, 52.958248183309898 ], [ -6.228457351150817, 52.957197954427052 ], [ -6.228422746339271, 52.955586754471923 ], [ -6.230246975799348, 52.953357101082339 ], [ -6.23115851415366, 52.951647441967332 ], [ -6.231097462667782, 52.950946583259046 ], [ -6.230182257634765, 52.950326532532138 ], [ -6.22707315733379, 52.949455810541295 ], [ -6.225797717154888, 52.948847814714242 ], [ -6.225473762357939, 52.94852694302223 ], [ -6.225481578938926, 52.947483866111035 ], [ -6.226223391648372, 52.946570939173014 ], [ -6.225953999402422, 52.945303616724274 ], [ -6.226311863298615, 52.944061550865044 ], [ -6.22686556310467, 52.944310588805521 ], [ -6.226319854039936, 52.943266508720882 ], [ -6.226733402104945, 52.9431601248953 ], [ -6.227228169277416, 52.943861186959204 ], [ -6.227871295307787, 52.944303776249718 ], [ -6.229727987458836, 52.94312930444314 ], [ -6.22761439407402, 52.94193504078531 ], [ -6.231765770360426, 52.943486020140838 ], [ -6.231857508287121, 52.943362271572099 ], [ -6.23016873816216, 52.942284240674262 ], [ -6.231275069762683, 52.941134820432488 ], [ -6.230915505712175, 52.940599258931606 ], [ -6.231010825598134, 52.94014909428013 ], [ -6.231473521118311, 52.939984424014547 ], [ -6.232643420833688, 52.939902902921233 ], [ -6.234845126792684, 52.940742918914275 ], [ -6.237722309504817, 52.940650808472597 ], [ -6.238538145043848, 52.940237633199366 ], [ -6.239520503693286, 52.940367194893227 ], [ -6.241210758270619, 52.941317192351534 ], [ -6.241354605410104, 52.94180708432625 ], [ -6.24233670991978, 52.941714211360157 ], [ -6.243477042193772, 52.941182306768752 ], [ -6.244227367953656, 52.941473449050029 ], [ -6.247568864505758, 52.941357156277626 ], [ -6.248320908323686, 52.941129183110988 ], [ -6.249657749648726, 52.940290546333216 ], [ -6.251010559920708, 52.941106057073853 ], [ -6.251750689874451, 52.94134940634757 ], [ -6.251676728795863, 52.941759289636195 ], [ -6.249048590925152, 52.94430198509189 ], [ -6.249164014923902, 52.944374195037398 ], [ -6.248472755406982, 52.944256248649708 ], [ -6.248615883991877, 52.944589735321223 ], [ -6.247985481146905, 52.945453449223294 ], [ -6.246743579133019, 52.946262664455254 ], [ -6.244247980124128, 52.946607634943298 ], [ -6.243002819408543, 52.947376089608412 ], [ -6.242333290491293, 52.947050927004092 ], [ -6.242093663660945, 52.945804138364494 ], [ -6.241596524450959, 52.94572636469838 ], [ -6.240548560574925, 52.945858670000959 ], [ -6.240432403291004, 52.946335597734006 ], [ -6.240792128047641, 52.946619654677477 ], [ -6.240394462809292, 52.946976675628662 ], [ -6.239947580189505, 52.947098702955195 ], [ -6.24013438123314, 52.947782444105464 ], [ -6.239982000301493, 52.947780834234401 ], [ -6.238951459587036, 52.947482169314085 ], [ -6.239116210201295, 52.946223252918273 ], [ -6.238260845821551, 52.945716727143363 ], [ -6.237936900612993, 52.945108790902438 ], [ -6.236982271151079, 52.945253837537031 ], [ -6.236739595015909, 52.946542487487932 ], [ -6.236816673424706, 52.948387383451205 ], [ -6.237676797970641, 52.949281521055021 ], [ -6.240534959300899, 52.950958363002215 ], [ -6.239782951494814, 52.951868062220882 ], [ -6.239897547854524, 52.952409062850421 ], [ -6.241329637531986, 52.953525980268317 ], [ -6.241452878683431, 52.953352846740792 ], [ -6.242229465104224, 52.953221498072942 ], [ -6.243478314759268, 52.955078230892191 ], [ -6.243291783969834, 52.955126070695357 ], [ -6.241886606261384, 52.954268766408795 ], [ -6.241555858482148, 52.95465690234078 ], [ -6.240128580266274, 52.95524196907288 ], [ -6.239507246164271, 52.956425014866248 ], [ -6.240899040493451, 52.956299111101679 ], [ -6.241574723713087, 52.956433272302959 ], [ -6.242592930699473, 52.956386196528399 ], [ -6.243438942275052, 52.956580986759619 ], [ -6.244725051241259, 52.956329728851777 ], [ -6.245642397036047, 52.956365256653932 ], [ -6.246107515972144, 52.956168705376598 ], [ -6.246644951338822, 52.955388662737334 ], [ -6.247678822408911, 52.954997229964057 ], [ -6.248157644092022, 52.954972092618497 ], [ -6.249372749765712, 52.954313809719096 ], [ -6.249459287039802, 52.953087394100955 ], [ -6.249034421138957, 52.952822673967276 ], [ -6.248742807588953, 52.952171965121543 ], [ -6.249309977371413, 52.951825773607823 ], [ -6.249517026563386, 52.951435041011372 ], [ -6.251343479830462, 52.950644849219607 ], [ -6.252220587596776, 52.9497994113405 ], [ -6.252704189146106, 52.948947848547796 ], [ -6.254119915977513, 52.94875606410951 ], [ -6.254172628896781, 52.948243145080106 ], [ -6.254749276455948, 52.948296406909883 ], [ -6.25511188897744, 52.948833079679858 ], [ -6.254893671503873, 52.949396565592416 ], [ -6.254227832838194, 52.949933133998051 ], [ -6.252964135793076, 52.95048226169731 ], [ -6.252388895310736, 52.95102573932791 ], [ -6.252863790774981, 52.951449151801071 ], [ -6.253372924429249, 52.951571603640922 ], [ -6.251636787889797, 52.952097714683347 ], [ -6.251080049217245, 52.952511311368028 ], [ -6.250480391475429, 52.952242567450277 ], [ -6.249927717367777, 52.95371344263404 ], [ -6.251083893583155, 52.953912036185365 ], [ -6.250648190596773, 52.954275254625479 ], [ -6.250308092387307, 52.954378237138314 ], [ -6.250161181543157, 52.954279643407403 ], [ -6.248681597194367, 52.954740600471624 ], [ -6.248717117611825, 52.955127897418045 ], [ -6.248383442764746, 52.955345287037638 ], [ -6.248052080259519, 52.955177707140258 ], [ -6.247775584732269, 52.955290222338206 ], [ -6.246790646822548, 52.956193797329007 ], [ -6.246586732418201, 52.956137467810976 ], [ -6.246027996801167, 52.956547294013205 ], [ -6.245972368279086, 52.956305517205116 ], [ -6.245553738484398, 52.956432042275956 ], [ -6.244478179677754, 52.956418233837262 ], [ -6.243288215514528, 52.95665236684772 ], [ -6.24244975533175, 52.95645119741534 ], [ -6.241932497338308, 52.956546762745482 ], [ -6.240895728589619, 52.956333398821478 ], [ -6.239924844146343, 52.956394994569017 ], [ -6.239441087045617, 52.956648446043232 ], [ -6.238578601094789, 52.958012882930689 ], [ -6.238223388154507, 52.959471396312601 ], [ -6.237542566937849, 52.959814340036914 ], [ -6.239977132251794, 52.961575564911705 ], [ -6.240791782850918, 52.961868136980556 ], [ -6.241802953168328, 52.96275700696458 ], [ -6.241641159348873, 52.963217853069573 ], [ -6.241848307856611, 52.963499998039126 ], [ -6.242941463054818, 52.964230252176023 ], [ -6.249928591976163, 52.965772436172529 ], [ -6.252825745830173, 52.966267157799749 ], [ -6.256788224395093, 52.966421669071565 ], [ -6.257715622849434, 52.966916907158229 ], [ -6.25870390868854, 52.967133387122615 ], [ -6.258795455923718, 52.968484001222244 ], [ -6.25851592890113, 52.968949723607452 ], [ -6.257903441380016, 52.9692831242198 ], [ -6.256849047774259, 52.969400246147188 ], [ -6.254218994772756, 52.969000917933258 ], [ -6.25341422992676, 52.969035169363231 ], [ -6.251557158800668, 52.969553940931995 ], [ -6.251402504756109, 52.969538874738049 ], [ -6.251559098305756, 52.969286053902387 ], [ -6.25247913299809, 52.968720519324883 ], [ -6.252555553914173, 52.967921177158331 ], [ -6.250820915489524, 52.967291522789495 ], [ -6.250477506925745, 52.967841831564336 ], [ -6.248409270682537, 52.967535127343581 ], [ -6.248132047525629, 52.967817203850601 ], [ -6.248674414174522, 52.968021644594685 ], [ -6.248178700342254, 52.968769421192313 ], [ -6.246849322169122, 52.968827776719152 ], [ -6.245359456866971, 52.968669943910562 ], [ -6.24110721627487, 52.967579485195522 ], [ -6.239116543004738, 52.967344354585265 ], [ -6.238155412174503, 52.967925051460071 ], [ -6.236929596291794, 52.968394139083777 ], [ -6.23289648411551, 52.968924891306244 ], [ -6.230877614849743, 52.969585106385686 ], [ -6.230103160597363, 52.970070927620561 ], [ -6.228745211524792, 52.969567088002108 ], [ -6.225828329108476, 52.96797205201365 ], [ -6.225186121825452, 52.968293890019424 ], [ -6.223729109118001, 52.968132225628487 ], [ -6.223266321200661, 52.967796636457614 ], [ -6.223440608252326, 52.967711251743935 ], [ -6.223152702734722, 52.967440684687283 ], [ -6.222732284865609, 52.967599304564786 ], [ -6.222301515244022, 52.967469896448307 ], [ -6.221955040707139, 52.967119709396982 ], [ -6.221332087903659, 52.967467813668414 ], [ -6.220158045463946, 52.967489400074648 ], [ -6.21976614387864, 52.967944317298226 ], [ -6.218924456891405, 52.968435585035401 ], [ -6.218266285339942, 52.969226917246971 ], [ -6.21837057149738, 52.970300453739284 ], [ -6.21876525432535, 52.970450054014776 ], [ -6.218721420941328, 52.970771893159728 ], [ -6.217775477579722, 52.972067190615988 ], [ -6.217361484320739, 52.971908014002054 ], [ -6.217371328257308, 52.970615004034997 ], [ -6.216550960033399, 52.969270320349686 ], [ -6.216416921431157, 52.96843597383252 ], [ -6.215880728810041, 52.968162138790326 ], [ -6.216357335371256, 52.967550502178852 ] ] ] ] } },
{ "type": "Feature", "properties": { "SITECODE": "002122", "SITE_NAME": "Wicklow Mountains SAC", "VERSION": 3.01, "COUNTY": "du, wi", "HA": 33220.4174, "Source_CRS": "ITM", "SourcScale": "1:5000", "URL": "https://www.npws.ie/protected-sites/sac/002122" }, "geometry": { "type": "MultiPolygon", "coordinates": [ [ [ [ -6.236649756244374, 53.202726866738274 ], [ -6.230526551094822, 53.204291152423856 ], [ -6.228880498414402, 53.199730555644599 ], [ -6.221306288609073, 53.199027106253894 ], [ -6.221539456521755, 53.197080542508367 ], [ -6.221451479914702, 53.194988317520973 ], [ -6.224717773094332, 53.195028232719686 ], [ -6.226269823824721, 53.195336886983569 ], [ -6.227298740983347, 53.19532030285793 ], [ -6.227563285480559, 53.196065409307856 ], [ -6.234081717663051, 53.195750894884732 ], [ -6.234650073899108, 53.195892745970156 ], [ -6.234813483029214, 53.198132183769459 ], [ -6.234447021229573, 53.198148851684856 ], [ -6.23426287955893, 53.199892756919851 ], [ -6.244679862052274, 53.20147359610656 ], [ -6.253048224334231, 53.200343141000133 ], [ -6.252361689922478, 53.197525885233745 ], [ -6.252374016910891, 53.196619024901892 ], [ -6.254193483488129, 53.196783475456634 ], [ -6.257154726865346, 53.196351417857883 ], [ -6.257176294694699, 53.194953562473025 ], [ -6.257806697022396, 53.194903919538568 ], [ -6.258323364481784, 53.194090049810391 ], [ -6.259238117146996, 53.19446816827729 ], [ -6.260877896083218, 53.195904966349147 ], [ -6.263127128151686, 53.196502366029144 ], [ -6.263856777953721, 53.197092748834883 ], [ -6.264305931908072, 53.197080832115297 ], [ -6.264200733297361, 53.197452871578712 ], [ -6.266051626178706, 53.198371738272428 ], [ -6.269653203444753, 53.198372558490462 ], [ -6.269928231154261, 53.198639291114809 ], [ -6.271358863093272, 53.198760998386739 ], [ -6.271249228175247, 53.199520644703107 ], [ -6.271892134650503, 53.20017975495967 ], [ -6.272596371685887, 53.200200206483281 ], [ -6.273195818794409, 53.200039180190423 ], [ -6.275169555367102, 53.198956164454607 ], [ -6.275962821478061, 53.199830245278598 ], [ -6.277246510754749, 53.200196546314977 ], [ -6.278493616726167, 53.199554959932414 ], [ -6.278977184463606, 53.198695996984327 ], [ -6.279642411329559, 53.199352681791936 ], [ -6.278732816972401, 53.200579126699971 ], [ -6.278812607172174, 53.200811850258397 ], [ -6.281795245034747, 53.201767571607498 ], [ -6.284320788544796, 53.203425519275761 ], [ -6.288890771126024, 53.203240095862569 ], [ -6.289879177304716, 53.20340414983955 ], [ -6.290489604616775, 53.203707249746593 ], [ -6.291029717011154, 53.204251346948006 ], [ -6.291643963607116, 53.205917233635851 ], [ -6.293348926636025, 53.207280759289979 ], [ -6.2934763281127, 53.207970635637814 ], [ -6.293940124443652, 53.208089442615595 ], [ -6.293910130716538, 53.208764849304579 ], [ -6.294461609091692, 53.209098569638861 ], [ -6.294799280522883, 53.210493967221829 ], [ -6.295195978472908, 53.210700082355999 ], [ -6.295405425696303, 53.211170414439579 ], [ -6.295812507283413, 53.211192857243276 ], [ -6.296191612357624, 53.211481885618198 ], [ -6.297070402066369, 53.216559542708133 ], [ -6.296350403945851, 53.217488045118102 ], [ -6.294660841566085, 53.218686815732383 ], [ -6.293797386676597, 53.220494798613167 ], [ -6.293788551426037, 53.221131084593814 ], [ -6.29698353903417, 53.222792096604088 ], [ -6.300431168116969, 53.223609108347809 ], [ -6.302800255306002, 53.223371326832428 ], [ -6.303499033622427, 53.223129841082489 ], [ -6.304431515540146, 53.222392857473814 ], [ -6.305083961043421, 53.220640114898458 ], [ -6.307056609955562, 53.217757164907383 ], [ -6.30817442685345, 53.21771264838506 ], [ -6.309360179639778, 53.22060246151846 ], [ -6.31017562530637, 53.221697657639012 ], [ -6.310826771966866, 53.222222876846089 ], [ -6.307452960154039, 53.223139392765084 ], [ -6.304388386739673, 53.224592191727346 ], [ -6.299047947413945, 53.224443498475864 ], [ -6.295011250745932, 53.223711752645663 ], [ -6.292187506812075, 53.222834222197605 ], [ -6.291403132595316, 53.221742563715047 ], [ -6.28522175558476, 53.217137788437952 ], [ -6.281470839742194, 53.214509318578436 ], [ -6.275995287031026, 53.211118879288783 ], [ -6.271121680084263, 53.209769421612386 ], [ -6.268827901419007, 53.209557093756011 ], [ -6.259343010888388, 53.205115301328128 ], [ -6.239551607883081, 53.202174028441121 ], [ -6.236649756244374, 53.202726866738274 ] ] ], [ [ [ -6.312152459707088, 53.194496283059685 ], [ -6.310371812849737, 53.202124524299975 ], [ -6.301739993698864, 53.208250345490221 ], [ -6.296161544126238, 53.208492314628252 ], [ -6.295017563529144, 53.207655040299727 ], [ -6.294007852739345, 53.207198273709054 ], [ -6.292548802967223, 53.206012295076164 ], [ -6.292425052588771, 53.205407678486125 ], [ -6.292784525127046, 53.204996835423863 ], [ -6.294661962456434, 53.20405550888151 ], [ -6.295393168705294, 53.20334510577969 ], [ -6.295918083477932, 53.202249135141962 ], [ -6.296903123825782, 53.201804658092726 ], [ -6.297052378521123, 53.201542743508639 ], [ -6.296017454208749, 53.200911826215354 ], [ -6.294197635851448, 53.198453735904486 ], [ -6.295173315821724, 53.194897965041655 ], [ -6.295144431540432, 53.194162831927812 ], [ -6.294924743699448, 53.193488739558688 ], [ -6.293672550270009, 53.191903720292466 ], [ -6.293603019506805, 53.191396486196908 ], [ -6.292002673057428, 53.189384711726269 ], [ -6.291800038003064, 53.187870479011096 ], [ -6.293521488687004, 53.186737309467183 ], [ -6.293617618092291, 53.185746145694509 ], [ -6.293015078273915, 53.185952503102314 ], [ -6.292099363258997, 53.185602117661553 ], [ -6.290735753093322, 53.185547610788063 ], [ -6.290223483113554, 53.185362676700066 ], [ -6.290147302723217, 53.184709401321605 ], [ -6.291303638851783, 53.182795992270975 ], [ -6.290317227447802, 53.181738151726684 ], [ -6.29012589503687, 53.181016988138062 ], [ -6.28980109138332, 53.18125520669431 ], [ -6.289954613738542, 53.181687806831988 ], [ -6.289643420602028, 53.182189586601176 ], [ -6.288930583419721, 53.182415722514413 ], [ -6.287323150179168, 53.184319621605511 ], [ -6.285928272811868, 53.184996255814369 ], [ -6.285969899669922, 53.184565912484928 ], [ -6.285440635984098, 53.183752655286305 ], [ -6.284604562510545, 53.183065073922386 ], [ -6.283449914868862, 53.18250906847279 ], [ -6.279097197308753, 53.18199426232232 ], [ -6.27722894164891, 53.182180951245932 ], [ -6.27600186394123, 53.182709614030976 ], [ -6.274685535439366, 53.182117718899924 ], [ -6.269393696307042, 53.180958939519954 ], [ -6.268889249007888, 53.180778026056259 ], [ -6.269140328768565, 53.180131459270228 ], [ -6.269106614892774, 53.177923389841396 ], [ -6.269459569875868, 53.176643582481788 ], [ -6.269080576741324, 53.175796317236802 ], [ -6.268225989865728, 53.175223138383942 ], [ -6.267700535674492, 53.17534109968539 ], [ -6.266499615036609, 53.174686873715054 ], [ -6.266628576781933, 53.174137163139193 ], [ -6.26538924038501, 53.173419636732326 ], [ -6.264510523989505, 53.172634241555869 ], [ -6.263691717017751, 53.17180298262975 ], [ -6.26222223432912, 53.169325535439896 ], [ -6.260949066382353, 53.168539883770841 ], [ -6.259657773466359, 53.168393205415931 ], [ -6.256667194082997, 53.168827554686231 ], [ -6.25475863388136, 53.168544312338113 ], [ -6.252185378251801, 53.168554364343045 ], [ -6.247821658300246, 53.16818987464103 ], [ -6.244260385445489, 53.167565105528659 ], [ -6.243639834213914, 53.167251859861416 ], [ -6.243366046681559, 53.166685211611238 ], [ -6.243508538799526, 53.16620194068097 ], [ -6.243154591988652, 53.165791603915487 ], [ -6.241922687527328, 53.165255143782026 ], [ -6.240714325185067, 53.164219956030891 ], [ -6.239191696179573, 53.163829790058386 ], [ -6.238255423499803, 53.163849136203304 ], [ -6.236475612445862, 53.164274988771801 ], [ -6.235701604939138, 53.164714714283384 ], [ -6.235271802642501, 53.165234787097418 ], [ -6.234558956938294, 53.164981794957157 ], [ -6.234299521502068, 53.164743495042543 ], [ -6.234867912442454, 53.164592305572782 ], [ -6.235018126372522, 53.164160644087062 ], [ -6.235402876375749, 53.164220824777054 ], [ -6.236163427882834, 53.163790690267447 ], [ -6.235959946516922, 53.162818582881656 ], [ -6.235507623593064, 53.162593966557253 ], [ -6.235217802873982, 53.161967934990329 ], [ -6.235449025147676, 53.161547010110567 ], [ -6.235330002368751, 53.161270515798719 ], [ -6.236369904942394, 53.160207637400894 ], [ -6.237400500250748, 53.159666622769137 ], [ -6.237618959314952, 53.159183341027266 ], [ -6.237278325489527, 53.158327861173468 ], [ -6.237811944127182, 53.157272709862418 ], [ -6.233872970712975, 53.157217838408137 ], [ -6.231056536954456, 53.157660038890768 ], [ -6.228779300518316, 53.157664773894894 ], [ -6.226760766175403, 53.15714496992107 ], [ -6.221619439521599, 53.155385309287603 ], [ -6.220546576015493, 53.155223200619695 ], [ -6.219139519857865, 53.154660027000489 ], [ -6.216635885079191, 53.15450526481505 ], [ -6.214089992843867, 53.152456095021755 ], [ -6.21517087948307, 53.152161239647249 ], [ -6.216196124820768, 53.151353262675265 ], [ -6.217155862820106, 53.150401182167677 ], [ -6.217952933775565, 53.149046529959797 ], [ -6.21918996891636, 53.142026510027648 ], [ -6.215337845447077, 53.139545997433615 ], [ -6.213363801801524, 53.138717781537004 ], [ -6.215094494690412, 53.13534351451559 ], [ -6.212794466640839, 53.134442491312392 ], [ -6.206816277317611, 53.134102863628243 ], [ -6.20664332477964, 53.132940205045578 ], [ -6.207392183548416, 53.132619718503321 ], [ -6.207943303138165, 53.131943723394166 ], [ -6.208223587348288, 53.131247228439413 ], [ -6.208204641189693, 53.130496170463459 ], [ -6.208743349114473, 53.130461393932734 ], [ -6.209464580508553, 53.129693968896639 ], [ -6.208893568096743, 53.126658578375128 ], [ -6.209353772087512, 53.126227798860008 ], [ -6.209587838753191, 53.125465473730593 ], [ -6.211197713616589, 53.125796876943689 ], [ -6.211670720254125, 53.125705838977517 ], [ -6.212970772366018, 53.124860338990246 ], [ -6.214183760887016, 53.123137330488504 ], [ -6.215172369311664, 53.123352044404584 ], [ -6.21690679902281, 53.123342317925825 ], [ -6.218771307417986, 53.120906708446057 ], [ -6.218708438279827, 53.118815244395854 ], [ -6.217953849581059, 53.115784123129188 ], [ -6.220557132720649, 53.115868607959158 ], [ -6.225217529777053, 53.115746450144592 ], [ -6.225246713844532, 53.113059859884196 ], [ -6.230086456370099, 53.113606871789997 ], [ -6.232556205641477, 53.114042508706746 ], [ -6.23438379920924, 53.113805625116747 ], [ -6.235338311259293, 53.114269348356395 ], [ -6.237792798310417, 53.113884802862707 ], [ -6.240081821404442, 53.113862781854358 ], [ -6.243530450163743, 53.113244580190226 ], [ -6.245150843136709, 53.11343564997469 ], [ -6.246228777450668, 53.113155135116735 ], [ -6.246819869839839, 53.114382830476316 ], [ -6.248016671469964, 53.114029185438312 ], [ -6.247939195018223, 53.113010498326773 ], [ -6.249903083390957, 53.112537611965244 ], [ -6.251985095540792, 53.11179905798604 ], [ -6.253006150268031, 53.110886954376014 ], [ -6.253923308447508, 53.110377249799562 ], [ -6.254873584934698, 53.109250571449891 ], [ -6.254884462632824, 53.108794189682186 ], [ -6.257123062910188, 53.108219473291101 ], [ -6.256614714905436, 53.107114745028881 ], [ -6.25556563846681, 53.106470765425414 ], [ -6.255239015546717, 53.105999530724134 ], [ -6.254951773024494, 53.104870477255851 ], [ -6.255017240414795, 53.103810080471419 ], [ -6.254274046930722, 53.101754450594377 ], [ -6.251713110034459, 53.098077714044663 ], [ -6.251201559594558, 53.096976417736848 ], [ -6.250808675049631, 53.095269970577192 ], [ -6.252174384679714, 53.094772418724673 ], [ -6.250185854578557, 53.093996673925808 ], [ -6.25037499846874, 53.093349705170844 ], [ -6.250810559764785, 53.092748892086497 ], [ -6.252538422984861, 53.09385297724755 ], [ -6.253459214860649, 53.091863657143158 ], [ -6.253247356119162, 53.091460029942048 ], [ -6.254286200822197, 53.089831587798052 ], [ -6.254942604932969, 53.08751061291192 ], [ -6.256960882949839, 53.08360512067236 ], [ -6.257922355674866, 53.08220454081718 ], [ -6.262526249115926, 53.08368362537297 ], [ -6.263101251609733, 53.083153297288248 ], [ -6.265488449430411, 53.08297707104304 ], [ -6.265203580646456, 53.083214914537464 ], [ -6.265325579574849, 53.083681019607745 ], [ -6.264874622775154, 53.084997061515701 ], [ -6.264170637404161, 53.085648569477385 ], [ -6.262781763399996, 53.087940735266287 ], [ -6.263712655768918, 53.088024072955442 ], [ -6.264136941094205, 53.08792961950801 ], [ -6.265187182544744, 53.086926553079586 ], [ -6.265995008411854, 53.087285435718869 ], [ -6.266425872354467, 53.087248749010882 ], [ -6.266575502045586, 53.086626392502588 ], [ -6.267145371137421, 53.086022887887459 ], [ -6.266150778223213, 53.08597124616162 ], [ -6.26731558856838, 53.084302310368102 ], [ -6.269627856370626, 53.082392401978254 ], [ -6.271657760523928, 53.081182279656261 ], [ -6.270833811742405, 53.080569617787923 ], [ -6.27036247615714, 53.079684818262109 ], [ -6.271969104659244, 53.0782452274536 ], [ -6.273359345264618, 53.077741877906675 ], [ -6.273669603628496, 53.077826898767569 ], [ -6.273803732431428, 53.077507516173604 ], [ -6.275678064462298, 53.075761262201794 ], [ -6.275733938433021, 53.074839639506614 ], [ -6.275441335351129, 53.074693093069357 ], [ -6.275820756352606, 53.074538633507295 ], [ -6.275763331093822, 53.074391675747052 ], [ -6.273538153746054, 53.074712418545367 ], [ -6.273358699929238, 53.074085618871202 ], [ -6.272984508491797, 53.074102577960716 ], [ -6.272832781273739, 53.073785994550775 ], [ -6.273509902183836, 53.073255696328722 ], [ -6.272279750662818, 53.072665036035474 ], [ -6.272529765130095, 53.071639036617732 ], [ -6.272158139154228, 53.070796992434026 ], [ -6.272936271997239, 53.069909353426922 ], [ -6.273041282139343, 53.069399703039061 ], [ -6.272659098116273, 53.068921042303039 ], [ -6.273516058557761, 53.068446547211131 ], [ -6.274790000302623, 53.068103646596505 ], [ -6.273271792896369, 53.066357269885486 ], [ -6.273034266281363, 53.0650611539388 ], [ -6.270290069892019, 53.06588096000543 ], [ -6.268316723879297, 53.066895886826842 ], [ -6.267319000668175, 53.064244765080716 ], [ -6.268729464989288, 53.063944132557125 ], [ -6.268247782185397, 53.062809155412687 ], [ -6.267757113904683, 53.062871177930568 ], [ -6.268071725649886, 53.061763989780417 ], [ -6.269509433364495, 53.061390173348407 ], [ -6.267857686439363, 53.059480698145435 ], [ -6.265903406959647, 53.059507567343424 ], [ -6.264277065324715, 53.059755290697559 ], [ -6.26380987308275, 53.059034425941 ], [ -6.262884605268408, 53.059171997345572 ], [ -6.262448986560122, 53.059297397633379 ], [ -6.262733443596466, 53.06047811176682 ], [ -6.261913744789219, 53.060735638383541 ], [ -6.258737526853103, 53.057963712745035 ], [ -6.260379134528632, 53.057300054844852 ], [ -6.261140134981338, 53.057889781162004 ], [ -6.262028578623708, 53.057441852389367 ], [ -6.261865789809367, 53.056752634751028 ], [ -6.25930015959836, 53.057636880792451 ], [ -6.258857381022695, 53.057130090824977 ], [ -6.258420996582223, 53.057422273991506 ], [ -6.258135336604528, 53.057342048451652 ], [ -6.258397401120703, 53.056745237138827 ], [ -6.259071168824514, 53.056038625524643 ], [ -6.258981098866638, 53.055039743687374 ], [ -6.269196848692607, 53.053167862758627 ], [ -6.268850729034243, 53.052365868829348 ], [ -6.267484665542217, 53.051286656278258 ], [ -6.263980011030066, 53.050633452085279 ], [ -6.263423312799693, 53.050716541090083 ], [ -6.263094685339672, 53.050575413837478 ], [ -6.262551493648664, 53.049878905998753 ], [ -6.259132264494006, 53.049606696419602 ], [ -6.257377566064235, 53.049048197368634 ], [ -6.256150081018129, 53.048436469732486 ], [ -6.255943552281427, 53.048072605957174 ], [ -6.256570231077062, 53.047327341142044 ], [ -6.256632104560037, 53.046961048590113 ], [ -6.255408838068456, 53.046036825180728 ], [ -6.255243786316962, 53.045609929495882 ], [ -6.255423270785856, 53.045134390204751 ], [ -6.254311098460962, 53.044245410373875 ], [ -6.253186904571026, 53.043827458430002 ], [ -6.251471271478501, 53.042684693761487 ], [ -6.248283088514193, 53.041162156041239 ], [ -6.24893002040556, 53.040357266184287 ], [ -6.251753375923791, 53.038389196372435 ], [ -6.251846933715266, 53.038032890260681 ], [ -6.250820711004571, 53.037255616854985 ], [ -6.25093959264364, 53.03480869436865 ], [ -6.252128634971126, 53.03504936188542 ], [ -6.252969892580269, 53.035454873437146 ], [ -6.252502365194808, 53.036032341273497 ], [ -6.251765846270415, 53.036476993504671 ], [ -6.252566955740024, 53.037718032428856 ], [ -6.253278360814296, 53.038364530794958 ], [ -6.252596333623623, 53.03874274519643 ], [ -6.251866973717506, 53.039689351972328 ], [ -6.249877457725606, 53.040944339814033 ], [ -6.250308238442972, 53.041383971088017 ], [ -6.251731643412601, 53.042194537954536 ], [ -6.252396511746197, 53.042245000520545 ], [ -6.253365608530844, 53.04292598852841 ], [ -6.253865398812399, 53.042850012475938 ], [ -6.255577455675887, 53.043755077687329 ], [ -6.256380480076422, 53.043997579665749 ], [ -6.256552138659113, 53.044373992205756 ], [ -6.255801771381607, 53.044580629851687 ], [ -6.25602216385912, 53.044775784911749 ], [ -6.256274860119025, 53.044760802789547 ], [ -6.256914521839842, 53.045514276926085 ], [ -6.257393792189987, 53.046251438362461 ], [ -6.257457931365906, 53.046789685497011 ], [ -6.257867931940099, 53.046838031166992 ], [ -6.258483617749265, 53.047367792719747 ], [ -6.260387463095401, 53.046466187789854 ], [ -6.262087891768596, 53.047592616927986 ], [ -6.263137604443134, 53.049174002378919 ], [ -6.265929491601225, 53.048679481177416 ], [ -6.266677210505824, 53.048720805175357 ], [ -6.266926458347312, 53.049021597491937 ], [ -6.26719528333359, 53.048999591288343 ], [ -6.272544890966734, 53.046938915217112 ], [ -6.273437288382877, 53.048646116791453 ], [ -6.274638226738184, 53.050009599106133 ], [ -6.27491938205635, 53.050647672197947 ], [ -6.274977765416859, 53.051544007412858 ], [ -6.274731519352019, 53.052285411893379 ], [ -6.274284891431626, 53.052738218321942 ], [ -6.273488459365332, 53.05235678394569 ], [ -6.270846620200469, 53.051991280509512 ], [ -6.270137630030152, 53.052114504838329 ], [ -6.270090435619069, 53.053555569405965 ], [ -6.269756789107528, 53.054123550386969 ], [ -6.270663584720395, 53.054389907505907 ], [ -6.273008167790979, 53.053864014504668 ], [ -6.27305997120453, 53.054002578307589 ], [ -6.271451463840799, 53.054286206877677 ], [ -6.271700300808746, 53.056236273446807 ], [ -6.272150560566543, 53.057127067102847 ], [ -6.272831375221585, 53.057035655828642 ], [ -6.27443723213934, 53.057993892790222 ], [ -6.273766146033535, 53.058119430105947 ], [ -6.274007893424863, 53.058623383196178 ], [ -6.274298096491493, 53.059001815096764 ], [ -6.274580752430168, 53.058962590790642 ], [ -6.275575746641664, 53.06007586171372 ], [ -6.275365073751156, 53.060277565315118 ], [ -6.274356903461215, 53.060475702059108 ], [ -6.275318737055004, 53.061277360761643 ], [ -6.275672401925814, 53.061339295018939 ], [ -6.276463286332008, 53.060998335968321 ], [ -6.27616094574776, 53.060568431094516 ], [ -6.276869701423353, 53.060483287020652 ], [ -6.276849706869315, 53.060824991310433 ], [ -6.277401079516496, 53.061620610887914 ], [ -6.277596421644527, 53.061711841166748 ], [ -6.277934317704964, 53.061516164098727 ], [ -6.27872485350805, 53.061893472672182 ], [ -6.279211553646689, 53.062531694138777 ], [ -6.280534599242233, 53.063404460914349 ], [ -6.283231344938112, 53.064641608867802 ], [ -6.285407732156647, 53.066004548694607 ], [ -6.285519039020851, 53.066234028503793 ], [ -6.28439159560788, 53.066036755903504 ], [ -6.283387876099684, 53.06672662578768 ], [ -6.283711253191069, 53.067546029692387 ], [ -6.283523361413093, 53.068892370904855 ], [ -6.284172977350362, 53.069615821496946 ], [ -6.284486259605123, 53.069459427055229 ], [ -6.284754077513554, 53.069741680277353 ], [ -6.285175689779217, 53.069749699721505 ], [ -6.285864272584027, 53.070548153809867 ], [ -6.28777706942574, 53.07188165660456 ], [ -6.288015573991979, 53.07175052363857 ], [ -6.288485309171306, 53.072370691225288 ], [ -6.289544307897756, 53.072891572019067 ], [ -6.290559128706215, 53.071959884064334 ], [ -6.290211785423339, 53.071099461598841 ], [ -6.290763001914855, 53.069886119994756 ], [ -6.291494994649165, 53.06969695677585 ], [ -6.29257852807322, 53.068808525717252 ], [ -6.295588531870038, 53.068639317179631 ], [ -6.304415542169393, 53.067629645560146 ], [ -6.305679064881926, 53.066754439184258 ], [ -6.306001094523509, 53.066672951843479 ], [ -6.306083581967656, 53.066774940732031 ], [ -6.30709282671814, 53.066389168505999 ], [ -6.308521889035726, 53.065328573356076 ], [ -6.308176487941954, 53.064994792769532 ], [ -6.30745303142759, 53.065115544471666 ], [ -6.307245460666509, 53.065314004055438 ], [ -6.305392397408125, 53.065555477609053 ], [ -6.304187892577052, 53.065934632103094 ], [ -6.301490009690072, 53.066187863698474 ], [ -6.300611839988352, 53.066082840274575 ], [ -6.299436775083022, 53.066195446529228 ], [ -6.298385293385021, 53.066002116316326 ], [ -6.298199805840539, 53.065842533662696 ], [ -6.298653355111168, 53.064658878033335 ], [ -6.294977992904057, 53.063999402118448 ], [ -6.294999424590134, 53.063729929707158 ], [ -6.293602543208087, 53.063501269655951 ], [ -6.291191842084165, 53.063473469887242 ], [ -6.289307589216185, 53.063653671641866 ], [ -6.289072037822032, 53.063606690046555 ], [ -6.289178672974488, 53.063266149598533 ], [ -6.287535567633802, 53.063058810671144 ], [ -6.286401982825145, 53.062649735748444 ], [ -6.287304401247059, 53.061698313634807 ], [ -6.289192598516299, 53.060380098725275 ], [ -6.290787704419572, 53.058036660922731 ], [ -6.291568968156937, 53.056296678103841 ], [ -6.291116180793561, 53.055209939297967 ], [ -6.293061899501255, 53.055028058294795 ], [ -6.29262726922082, 53.053186023482247 ], [ -6.293784412770342, 53.050044822757094 ], [ -6.297668745164071, 53.045197965485301 ], [ -6.298184010728716, 53.044909132825147 ], [ -6.298744475349395, 53.045122483666859 ], [ -6.302715041212379, 53.043206465222752 ], [ -6.291179729176934, 53.038647822130486 ], [ -6.289676697516343, 53.038389270882902 ], [ -6.28729689600389, 53.035208390244307 ], [ -6.295478780840115, 53.036328524956708 ], [ -6.296004263343886, 53.034495237258945 ], [ -6.287362455618656, 53.028616152792203 ], [ -6.285869534820367, 53.027905196266907 ], [ -6.282480870972933, 53.027152051238708 ], [ -6.281616521706629, 53.02711828837456 ], [ -6.281459654768442, 53.026990721424184 ], [ -6.282136142762187, 53.026704341952275 ], [ -6.28317375483133, 53.026786453132232 ], [ -6.28464608367609, 53.026660078382555 ], [ -6.286237799047568, 53.026319913449036 ], [ -6.28784220595197, 53.025771786289184 ], [ -6.290171940661023, 53.02379661621567 ], [ -6.292141763976959, 53.021222756440061 ], [ -6.29264295988246, 53.020188382065996 ], [ -6.291627744925838, 53.017653678993085 ], [ -6.293071625110898, 53.017501825628614 ], [ -6.293297231329573, 53.017164641680701 ], [ -6.294216954540925, 53.017209407098342 ], [ -6.294967503626891, 53.017578104802858 ], [ -6.296518562544593, 53.019424034560487 ], [ -6.297233699634667, 53.019219155359274 ], [ -6.297421959914758, 53.021135002713876 ], [ -6.296097268512139, 53.022455748246003 ], [ -6.296279395028822, 53.022800191006269 ], [ -6.295322273020262, 53.023615385641804 ], [ -6.295305953932139, 53.024303698758011 ], [ -6.296203898290372, 53.02499496680143 ], [ -6.295931237141756, 53.025104494820873 ], [ -6.296353106633141, 53.026081136772603 ], [ -6.296631083849114, 53.026023349865639 ], [ -6.296722478251907, 53.026163558399062 ], [ -6.297334290757317, 53.026026859047342 ], [ -6.297958030482569, 53.026310701760302 ], [ -6.297365820120706, 53.027249441780711 ], [ -6.297492521428102, 53.027585016983217 ], [ -6.297213195355774, 53.02862862785441 ], [ -6.297427319443407, 53.029113917908063 ], [ -6.29889471399982, 53.029052618885153 ], [ -6.299282333825842, 53.029840971528785 ], [ -6.301209158858583, 53.031614527416423 ], [ -6.299693798211615, 53.033251032750023 ], [ -6.30067266232528, 53.034094014600733 ], [ -6.303186062069428, 53.035081396412686 ], [ -6.303630993638619, 53.035022037902507 ], [ -6.304735801607618, 53.035506127769608 ], [ -6.310217659518377, 53.036579850690792 ], [ -6.310841707522584, 53.036932372120226 ], [ -6.31113437130174, 53.037460035198066 ], [ -6.313474431780679, 53.03914255450335 ], [ -6.314916063217909, 53.038094224191489 ], [ -6.316765174508253, 53.038931869796144 ], [ -6.318143258631913, 53.03932882722858 ], [ -6.317578425099863, 53.039897762900274 ], [ -6.320267153867787, 53.041142332752948 ], [ -6.320833621561417, 53.041896876903742 ], [ -6.323026155196587, 53.048585608786667 ], [ -6.32338604570318, 53.049937528403198 ], [ -6.321808883270069, 53.052682881759296 ], [ -6.322177641119787, 53.053813696904385 ], [ -6.324879688040314, 53.053438687899593 ], [ -6.324574556117829, 53.0537887055578 ], [ -6.323849943373554, 53.053930338741601 ], [ -6.323759902773299, 53.054213095479952 ], [ -6.326496947422524, 53.056113660110569 ], [ -6.329120100444913, 53.059706642832118 ], [ -6.331529081439614, 53.059062647420525 ], [ -6.331674034752888, 53.058897163280214 ], [ -6.332023882006177, 53.060553377965334 ], [ -6.332569344973665, 53.060763091650742 ], [ -6.333239756949029, 53.060790907677237 ], [ -6.33372521139558, 53.061185375122911 ], [ -6.334343988380096, 53.060833497593094 ], [ -6.335199355122125, 53.060746760556242 ], [ -6.335614845999007, 53.060846895295391 ], [ -6.336235605430711, 53.061306342184132 ], [ -6.336420402442005, 53.061703032352298 ], [ -6.335993477566582, 53.062149043442894 ], [ -6.336351504013989, 53.062428493965662 ], [ -6.336434285161603, 53.063034877885912 ], [ -6.337059053358959, 53.063257577505496 ], [ -6.337281215746737, 53.063641431663214 ], [ -6.337894265432979, 53.063503577463862 ], [ -6.337628796698241, 53.06462267339726 ], [ -6.338643732729913, 53.066065497508866 ], [ -6.340442223868481, 53.06639944114346 ], [ -6.340516382029197, 53.066221031266046 ], [ -6.34069643642058, 53.063609995188187 ], [ -6.340129204067972, 53.06163480843086 ], [ -6.339948998719606, 53.060030173618301 ], [ -6.340717661067007, 53.060053859005343 ], [ -6.341220841602175, 53.060237049232811 ], [ -6.343013930516275, 53.060014749903736 ], [ -6.344401289735396, 53.059581806111389 ], [ -6.345317964689607, 53.059563083021921 ], [ -6.346265276499324, 53.05834404545439 ], [ -6.348557775936644, 53.05667527066327 ], [ -6.344834471351409, 53.051992792177408 ], [ -6.343948657630762, 53.051518215751607 ], [ -6.344122563492101, 53.051372238126596 ], [ -6.342600213240059, 53.05043497328726 ], [ -6.342216982034927, 53.049939287643255 ], [ -6.344315675314589, 53.048864085556467 ], [ -6.344428696257028, 53.048029718015847 ], [ -6.343213304621568, 53.047180188621972 ], [ -6.342511667162622, 53.046900212347921 ], [ -6.342404625940003, 53.046590256014483 ], [ -6.341432329752092, 53.046041252625201 ], [ -6.340576019966851, 53.045042694308599 ], [ -6.341488042912829, 53.043464760331062 ], [ -6.342777178330884, 53.04252838327406 ], [ -6.341925410292056, 53.042132156969451 ], [ -6.341666176393453, 53.041394008319436 ], [ -6.340924895236878, 53.041098211177172 ], [ -6.347603485162318, 53.040217115562186 ], [ -6.346376791489669, 53.035647980951701 ], [ -6.344955979415585, 53.032114784828956 ], [ -6.340586060843019, 53.031322535740735 ], [ -6.336104710871666, 53.031083818532927 ], [ -6.332002876547068, 53.032247187586258 ], [ -6.332168617863456, 53.032404509013098 ], [ -6.33086843230421, 53.03268192502302 ], [ -6.327321405766672, 53.031433684447137 ], [ -6.327193408767561, 53.031532518894814 ], [ -6.323497346545903, 53.030501888261163 ], [ -6.321261636975273, 53.029842711344074 ], [ -6.320651524222868, 53.029531050826954 ], [ -6.317183201740287, 53.028589061677842 ], [ -6.317279235411327, 53.028345017159005 ], [ -6.316712503319916, 53.026882381689148 ], [ -6.316959829031759, 53.025888942860441 ], [ -6.317415167331212, 53.025748865219022 ], [ -6.317647246251084, 53.025219005921528 ], [ -6.318527697799421, 53.024952645113181 ], [ -6.318961443531948, 53.023833203847907 ], [ -6.319007092752507, 53.023136531616942 ], [ -6.318281428272988, 53.022717097350416 ], [ -6.318452119702981, 53.022579003230796 ], [ -6.319056093631415, 53.022667234444441 ], [ -6.319807285165266, 53.022393958637771 ], [ -6.320439949522299, 53.02192901448516 ], [ -6.320415700481595, 53.021627683606162 ], [ -6.320071237416579, 53.021262397406325 ], [ -6.319684947215293, 53.021232086243693 ], [ -6.319622293251256, 53.020745795659884 ], [ -6.318346978241212, 53.02016230089697 ], [ -6.317832414494934, 53.020219415299437 ], [ -6.3175816660605, 53.020006332607316 ], [ -6.317310003985132, 53.020005818846279 ], [ -6.317974290287887, 53.01975158584419 ], [ -6.318791850687583, 53.019691284871826 ], [ -6.319022838252914, 53.018600795160921 ], [ -6.31836685573328, 53.018362699804449 ], [ -6.318005680356258, 53.017989395769689 ], [ -6.317548510582463, 53.017907487575009 ], [ -6.317728109730979, 53.017157637838096 ], [ -6.317469390234381, 53.016767534867434 ], [ -6.316960581103359, 53.016621857274011 ], [ -6.316484130498697, 53.016688368646335 ], [ -6.316332914574849, 53.016404042706057 ], [ -6.314875927028086, 53.016140812527361 ], [ -6.313490896311452, 53.016279013727569 ], [ -6.31331309754068, 53.015959116768748 ], [ -6.311653603018173, 53.016066167737407 ], [ -6.311850489818328, 53.014405496753071 ], [ -6.310297958161446, 53.013690933484995 ], [ -6.311328335072438, 53.013097004805886 ], [ -6.31222912764925, 53.013177469264292 ], [ -6.313499731238986, 53.013592026303243 ], [ -6.315234946751448, 53.01375112995138 ], [ -6.317231127601534, 53.014184176977984 ], [ -6.319212375516904, 53.014167617252852 ], [ -6.31911907965948, 53.014664081292977 ], [ -6.319399140261116, 53.014964948032244 ], [ -6.323184291858872, 53.015407778204477 ], [ -6.323594957016702, 53.015114694366304 ], [ -6.323947819607646, 53.015187880651276 ], [ -6.324660753664209, 53.016142689851812 ], [ -6.328948336127024, 53.018586309774939 ], [ -6.330229589190199, 53.018963308461196 ], [ -6.331085915907474, 53.018880609799091 ], [ -6.33139620723668, 53.0186968176858 ], [ -6.332171437217856, 53.018965482252696 ], [ -6.334116782038501, 53.01921111793969 ], [ -6.33366700673789, 53.022985743049176 ], [ -6.335303859505108, 53.023642752024351 ], [ -6.339031871395947, 53.024536112190482 ], [ -6.348587130186806, 53.025109554266628 ], [ -6.350233152711498, 53.024088915185992 ], [ -6.352387296446723, 53.02190812770008 ], [ -6.354629180850256, 53.022477064523969 ], [ -6.360711902212334, 53.023238495739953 ], [ -6.361957883582142, 53.023638887260368 ], [ -6.3627682482096, 53.02425295494605 ], [ -6.36463031129928, 53.026782850775284 ], [ -6.364932587734399, 53.02770004384552 ], [ -6.364323467925248, 53.027759492154715 ], [ -6.363994314850092, 53.027950849054875 ], [ -6.363952628673495, 53.028283719001301 ], [ -6.364129800108035, 53.028447381582403 ], [ -6.36514076821704, 53.028062602762105 ], [ -6.367493564731241, 53.030124490543123 ], [ -6.367997940249257, 53.031756868590136 ], [ -6.368117307248042, 53.033405587624806 ], [ -6.369966284432152, 53.037723113321512 ], [ -6.372434011158712, 53.039426800252301 ], [ -6.37616140041409, 53.041306913342027 ], [ -6.380675035993345, 53.042643957009822 ], [ -6.381609678741372, 53.042692416058053 ], [ -6.384132201359929, 53.042578377803764 ], [ -6.390953280660818, 53.041768985224941 ], [ -6.397759970503546, 53.041844416329887 ], [ -6.398400208761325, 53.041367335367866 ], [ -6.397875476500578, 53.041324404699644 ], [ -6.395650447678567, 53.039997705842879 ], [ -6.392469248730298, 53.039010424521301 ], [ -6.393112411371659, 53.038373180967852 ], [ -6.390799249974757, 53.037153547658392 ], [ -6.381422295061109, 53.034412193339342 ], [ -6.377540166046291, 53.03259294997244 ], [ -6.377021840212236, 53.032588439265297 ], [ -6.376283879738952, 53.032258528307644 ], [ -6.376565502407275, 53.031996400876061 ], [ -6.37642911565409, 53.031130349260181 ], [ -6.375566632977936, 53.030957867815296 ], [ -6.373634109708179, 53.0301387406708 ], [ -6.373069622306873, 53.030129509504789 ], [ -6.371870980023455, 53.029736895640333 ], [ -6.370669168098424, 53.029087606986124 ], [ -6.369898872474288, 53.029137686638599 ], [ -6.369413235607112, 53.028591049987085 ], [ -6.367877146183339, 53.028302644600565 ], [ -6.367712065682294, 53.028121257703937 ], [ -6.366419834134729, 53.027756408002482 ], [ -6.366263238750891, 53.027067119147084 ], [ -6.365091946835964, 53.026559472197121 ], [ -6.364824414632642, 53.025967942049746 ], [ -6.36456409388663, 53.025880311502142 ], [ -6.364605460193165, 53.025344873749056 ], [ -6.363901940741592, 53.024993861190303 ], [ -6.363595291937979, 53.024618401868146 ], [ -6.363709390323437, 53.02427509500091 ], [ -6.363013486773043, 53.024040914481752 ], [ -6.36239899801091, 53.023297146488659 ], [ -6.361784269500419, 53.023030765332642 ], [ -6.360923591568703, 53.022996505989184 ], [ -6.359451359020943, 53.022037236353363 ], [ -6.357798641608428, 53.022160800358463 ], [ -6.35667164410979, 53.021623335408592 ], [ -6.355483778220133, 53.021611884212497 ], [ -6.355125715730646, 53.021328703607978 ], [ -6.354459680590383, 53.021175403968257 ], [ -6.352938090894024, 53.020237428574852 ], [ -6.353370177110508, 53.0198250877948 ], [ -6.353049954136022, 53.019628920487655 ], [ -6.354523618747689, 53.019100174054977 ], [ -6.357005858225926, 53.017412482623996 ], [ -6.356888363919639, 53.017337072960174 ], [ -6.351293824926857, 53.016112716122699 ], [ -6.348721063197543, 53.015251254703536 ], [ -6.347769791765272, 53.015716889513044 ], [ -6.346392756170819, 53.01550116591126 ], [ -6.343956703260432, 53.014553930618774 ], [ -6.342982070019588, 53.014642642840357 ], [ -6.342147728932548, 53.015147229294946 ], [ -6.341489916493797, 53.015301827414682 ], [ -6.340186534105973, 53.014961847785031 ], [ -6.33954229078427, 53.015235498870041 ], [ -6.339437546098464, 53.014977657992425 ], [ -6.338967864623347, 53.014749055510997 ], [ -6.334858365998747, 53.013153360544855 ], [ -6.335003798966288, 53.011695012085802 ], [ -6.335875314185128, 53.011386315353121 ], [ -6.336107217939682, 53.011094738763951 ], [ -6.33859622438509, 53.010439175330283 ], [ -6.339035976671719, 53.010683702682122 ], [ -6.339517813009557, 53.010627567355051 ], [ -6.340697642027785, 53.009947908054471 ], [ -6.341083408227631, 53.010117447566273 ], [ -6.342294961765219, 53.009626604634875 ], [ -6.342167429248057, 53.009479923288886 ], [ -6.343262868088369, 53.009154691052991 ], [ -6.343573632371037, 53.008793450735041 ], [ -6.345507882769088, 53.008387272831378 ], [ -6.34524553954339, 53.007488234392184 ], [ -6.344959885012265, 53.00753516009793 ], [ -6.34475728680022, 53.007338692057587 ], [ -6.345076840564686, 53.00718444892965 ], [ -6.345052502402262, 53.006670005423771 ], [ -6.343511716815279, 53.006719243720184 ], [ -6.343333874047929, 53.006954843558916 ], [ -6.343596362437887, 53.007285744177331 ], [ -6.343951173685695, 53.007186483376515 ], [ -6.344671099069656, 53.007373590737984 ], [ -6.344828547421224, 53.007555570165714 ], [ -6.340726164908911, 53.008451509160061 ], [ -6.335921876756714, 53.010358550153505 ], [ -6.335524895868011, 53.009966614572043 ], [ -6.334971916816349, 53.010118345656061 ], [ -6.332445094173423, 53.011177443285696 ], [ -6.33188596304524, 53.010959386493511 ], [ -6.330259216753129, 53.009800569587433 ], [ -6.329782035196088, 53.009954509572744 ], [ -6.326948296175718, 53.009499921673779 ], [ -6.325604011526551, 53.009537607558393 ], [ -6.325106391165761, 53.009784971250397 ], [ -6.322630645663873, 53.009304008414709 ], [ -6.320119918649068, 53.0092344676045 ], [ -6.316342022249753, 53.007939905658738 ], [ -6.315741661041018, 53.007858442733458 ], [ -6.315109153901588, 53.007997116326784 ], [ -6.314824902314568, 53.00833052542157 ], [ -6.314291271498434, 53.008533912072402 ], [ -6.313553473622624, 53.008622250911742 ], [ -6.31310286723509, 53.00838166284499 ], [ -6.311958313255514, 53.008244307013285 ], [ -6.311074449936701, 53.007748435180631 ], [ -6.311969100476671, 53.006315920386406 ], [ -6.313853257842863, 53.006739168755303 ], [ -6.314105676480049, 53.006065310122345 ], [ -6.31333820612652, 53.005890650553837 ], [ -6.312693846441577, 53.006066117318909 ], [ -6.312493675621652, 53.006390050232596 ], [ -6.309459551087964, 53.005479493194784 ], [ -6.309023920500305, 53.00609025394747 ], [ -6.307818130907886, 53.005977001843618 ], [ -6.30623402031992, 53.005612476298481 ], [ -6.30560516294688, 53.005006273128835 ], [ -6.304793972820074, 53.005111758101528 ], [ -6.303676987027795, 53.004806280594998 ], [ -6.303161815928076, 53.004913306266332 ], [ -6.302659442748018, 53.004760242351807 ], [ -6.302270278288997, 53.004298409977764 ], [ -6.301442200119215, 53.003934463649557 ], [ -6.302076508389407, 53.003592838473232 ], [ -6.303037434618846, 53.004108873237882 ], [ -6.303002822748117, 53.00333987776267 ], [ -6.304142002186395, 53.003097182221204 ], [ -6.305395010928535, 53.002210353417226 ], [ -6.303901310954107, 53.000134202296564 ], [ -6.303109613121704, 52.996527345457963 ], [ -6.302198534838547, 52.996972681006106 ], [ -6.301285747207114, 52.998232248221179 ], [ -6.300640443680703, 52.998182028951227 ], [ -6.300652738995213, 52.997805593778637 ], [ -6.299653299641231, 52.997755088300835 ], [ -6.29962007721393, 52.997599983199535 ], [ -6.297963167585774, 52.99737990880736 ], [ -6.297707540661325, 52.997223479342153 ], [ -6.298288941976178, 52.996641408480592 ], [ -6.298841082690799, 52.995017520925607 ], [ -6.300170685551908, 52.993399024531364 ], [ -6.299065801853815, 52.992819018151032 ], [ -6.298049589028039, 52.99165584402764 ], [ -6.297633749046349, 52.991457924644195 ], [ -6.297778912718605, 52.991050004848994 ], [ -6.29806595604969, 52.990961937217961 ], [ -6.297984140210432, 52.990624180364144 ], [ -6.298568486573711, 52.990263017069708 ], [ -6.298584665085375, 52.989948451433889 ], [ -6.299054566664878, 52.989713923370232 ], [ -6.300185903183636, 52.98982203229528 ], [ -6.301990804153158, 52.989507215625601 ], [ -6.303125337582515, 52.989814609398351 ], [ -6.303195338951403, 52.989485053789871 ], [ -6.30351530378336, 52.989516478403672 ], [ -6.304321692581044, 52.989226526112247 ], [ -6.304697202592823, 52.989284941499911 ], [ -6.304580956760219, 52.989588040341573 ], [ -6.306356720762877, 52.989759822384286 ], [ -6.306280430266412, 52.989291061318305 ], [ -6.307208070374744, 52.989822428687617 ], [ -6.308269096115179, 52.989740214437298 ], [ -6.308409530612547, 52.989995285390819 ], [ -6.309507720084299, 52.990273957534448 ], [ -6.310796968061221, 52.990385388226727 ], [ -6.31134559257965, 52.990252026966978 ], [ -6.312018601963384, 52.990327795090046 ], [ -6.312627994667356, 52.990617491411719 ], [ -6.313061071764015, 52.990651430570274 ], [ -6.313289948461636, 52.990362496981952 ], [ -6.313878541478922, 52.990799340536419 ], [ -6.313670965375668, 52.991011491719895 ], [ -6.312385791828341, 52.991144863137997 ], [ -6.312388510615505, 52.990904359500895 ], [ -6.310353882052353, 52.990636155248978 ], [ -6.303536260943286, 52.990250360899573 ], [ -6.302985442235174, 52.991251346540977 ], [ -6.302962754942618, 52.99201423128418 ], [ -6.303524242046448, 52.993459406260925 ], [ -6.303839046590129, 52.99351454164546 ], [ -6.304088828277485, 52.992635931812949 ], [ -6.304970189027387, 52.993231804824532 ], [ -6.30532502795036, 52.993953700106168 ], [ -6.305722159841073, 52.994264189218178 ], [ -6.305596459171262, 52.994700535057426 ], [ -6.306048417686045, 52.995016144999148 ], [ -6.306970725720903, 52.994233303737104 ], [ -6.308208667848621, 52.992296163237171 ], [ -6.3103253778794, 52.991553712766027 ], [ -6.310494460294047, 52.99221217138814 ], [ -6.313342761113266, 52.992165843161743 ], [ -6.314809800087267, 52.993961578355396 ], [ -6.321472700513401, 52.994038137212108 ], [ -6.324797907278318, 52.993655795117981 ], [ -6.325949509933716, 52.993371666439579 ], [ -6.327718147058225, 52.9923174882951 ], [ -6.328230034265411, 52.992182283083601 ], [ -6.328685909213603, 52.991755770408325 ], [ -6.330382116242743, 52.992670376458136 ], [ -6.331594420526825, 52.992343685377712 ], [ -6.33237099319425, 52.992698715955477 ], [ -6.336176944964758, 52.988573072885693 ], [ -6.334738589984926, 52.986370745473259 ], [ -6.335347202654269, 52.986128912983027 ], [ -6.335807085220361, 52.985665522679824 ], [ -6.337962130217075, 52.98498742452982 ], [ -6.341048570790231, 52.984857322224208 ], [ -6.344180391869768, 52.98215187252444 ], [ -6.348111017968969, 52.983558918557982 ], [ -6.354392744880208, 52.985222244925396 ], [ -6.351581873960026, 52.987145225898814 ], [ -6.350411540722196, 52.987273894293594 ], [ -6.349292279293722, 52.987611424987328 ], [ -6.347508277741191, 52.98992362000714 ], [ -6.346780664164056, 52.991560033390449 ], [ -6.346866340260133, 52.992112102596408 ], [ -6.345751385928393, 52.993449917885812 ], [ -6.345180486105164, 52.993385765325598 ], [ -6.343334512770421, 52.993911823985528 ], [ -6.34211790089395, 52.994560614196239 ], [ -6.341108434796062, 52.995590231084144 ], [ -6.340681394274452, 52.997136512247991 ], [ -6.340457611286083, 53.000608159233707 ], [ -6.340099461746056, 53.000953474820321 ], [ -6.3391487070583, 53.004755476590489 ], [ -6.340113908810203, 53.004482575758828 ], [ -6.341921170961767, 53.003433562463094 ], [ -6.342839820948439, 53.002770104297362 ], [ -6.344444623499207, 53.001088983284156 ], [ -6.346321697372847, 52.999966585450395 ], [ -6.345477491964565, 53.002351029489596 ], [ -6.348527868241755, 53.002470562122575 ], [ -6.350473964705632, 53.002361042410584 ], [ -6.350754617486867, 53.00217159034316 ], [ -6.351540417762546, 53.002080197873205 ], [ -6.35206724649108, 53.002458818821971 ], [ -6.354309727412689, 53.002290300875934 ], [ -6.355969939141715, 53.001905859040271 ], [ -6.357572864968007, 53.00193972593037 ], [ -6.360157950612727, 53.001656328840077 ], [ -6.362093586812088, 53.001207926410295 ], [ -6.362639577743686, 53.001349438163352 ], [ -6.36408577313306, 53.001385238309751 ], [ -6.368290405054825, 53.000955414336588 ], [ -6.368914776197956, 53.000773049321324 ], [ -6.37142612292982, 53.00073119226014 ], [ -6.372074137168819, 53.000487060379299 ], [ -6.372147641578172, 53.000321762563409 ], [ -6.372521429330558, 53.000401942550631 ], [ -6.374892288957691, 52.99947439003666 ], [ -6.376923299036102, 52.999143748066274 ], [ -6.38610257768649, 52.996913544255392 ], [ -6.38841690343215, 52.994840243465156 ], [ -6.387442857074774, 52.993752215537164 ], [ -6.386223748592751, 52.99038146409162 ], [ -6.39414923052293, 52.982995351292338 ], [ -6.396195380701938, 52.981976811175144 ], [ -6.397290780593638, 52.981037507297181 ], [ -6.399086259323321, 52.980103966176131 ], [ -6.399600117861219, 52.980612468057963 ], [ -6.403981047836325, 52.983055276332912 ], [ -6.405752039407119, 52.984498027635233 ], [ -6.406558317434348, 52.984926503815572 ], [ -6.406049418369097, 52.985621164986576 ], [ -6.407123587494352, 52.985506503385047 ], [ -6.407120437125712, 52.985772426041862 ], [ -6.408071998853848, 52.986015640012795 ], [ -6.408229507044338, 52.985921395129054 ], [ -6.410108883213727, 52.98709343493033 ], [ -6.412355527876673, 52.988081428616759 ], [ -6.412006901559298, 52.988358981335324 ], [ -6.412443283939433, 52.988631091821908 ], [ -6.413139326026436, 52.988465201077055 ], [ -6.4133466998238, 52.988262727633085 ], [ -6.413101729003092, 52.98817513734982 ], [ -6.413526965932051, 52.98795323641059 ], [ -6.414925180349043, 52.988447645256151 ], [ -6.41510157330636, 52.988949132739847 ], [ -6.415969942876996, 52.989260039126883 ], [ -6.416979381236352, 52.989883052681023 ], [ -6.418714595743768, 52.990120547450367 ], [ -6.419236888802101, 52.990794640240537 ], [ -6.423083361095705, 52.992255951953503 ], [ -6.423751758054979, 52.992980930863496 ], [ -6.424608933526377, 52.993376529074666 ], [ -6.424991169096637, 52.993851839629201 ], [ -6.425974283895441, 52.994036062308929 ], [ -6.426394024167914, 52.994333481115547 ], [ -6.427044822464752, 52.994469513160936 ], [ -6.427545100480436, 52.994840556667626 ], [ -6.428574067826795, 52.995187379804655 ], [ -6.428812566827702, 52.995459680381593 ], [ -6.430310644151133, 52.996059831831246 ], [ -6.430978753185613, 52.996536325916111 ], [ -6.432707527988702, 52.99712390526728 ], [ -6.433458681802395, 52.997552995628666 ], [ -6.435332642300426, 52.99809187256286 ], [ -6.435787996935143, 52.998392350731194 ], [ -6.436678274308152, 52.998505305871902 ], [ -6.437602513946149, 52.998833136255364 ], [ -6.438784064276446, 52.998958765537949 ], [ -6.438288988552742, 52.99994019312475 ], [ -6.43862217544212, 53.000315528339435 ], [ -6.438438070460845, 53.000537522976387 ], [ -6.438659321672703, 53.00088649896329 ], [ -6.438569392478236, 53.001325289571895 ], [ -6.438181344619254, 53.001540470549045 ], [ -6.437740152682777, 53.002339771139603 ], [ -6.436564790181494, 53.002926541638672 ], [ -6.436292691177108, 53.003221547854352 ], [ -6.436638877058525, 53.003467447098906 ], [ -6.436544091167718, 53.004153289446464 ], [ -6.436237462837195, 53.004357508378888 ], [ -6.436528462614085, 53.004577919058505 ], [ -6.436642739471656, 53.00513448026971 ], [ -6.436155541366026, 53.00544076037334 ], [ -6.436358935403137, 53.006386602477434 ], [ -6.435991149637634, 53.006711593096867 ], [ -6.436140580949247, 53.007106475960214 ], [ -6.435753512926127, 53.008324655430137 ], [ -6.436883529782884, 53.010056185282643 ], [ -6.437244621401188, 53.010247898563996 ], [ -6.43710153325519, 53.010401965834994 ], [ -6.437984139678187, 53.011205518895146 ], [ -6.438497880916382, 53.011441847274597 ], [ -6.439841756662013, 53.013024754671029 ], [ -6.440129716231282, 53.013070400371198 ], [ -6.440954644439972, 53.013919994051051 ], [ -6.441562533365542, 53.014104314200658 ], [ -6.442117436606295, 53.014521355360557 ], [ -6.443638168617928, 53.014405096320381 ], [ -6.442993267912238, 53.013666621071479 ], [ -6.443046211544423, 53.012860421517942 ], [ -6.44376819231414, 53.012944611073799 ], [ -6.444888962871889, 53.011598034458864 ], [ -6.444951493154495, 53.011139664605352 ], [ -6.444113458912883, 53.010991755160404 ], [ -6.445093839182049, 53.009904882352402 ], [ -6.445435799884634, 53.009751635212133 ], [ -6.445313385454596, 53.009559418754272 ], [ -6.445629849345087, 53.008581192618948 ], [ -6.444463650926757, 53.007981464787058 ], [ -6.444931664988195, 53.007405465184384 ], [ -6.445517133151732, 53.007757977094727 ], [ -6.445460731392012, 53.008092163610577 ], [ -6.446270234702071, 53.00857078591487 ], [ -6.447035616049044, 53.008535519746403 ], [ -6.447222722015941, 53.008730314039838 ], [ -6.447645243015497, 53.008669191579543 ], [ -6.448430594166007, 53.00891849650845 ], [ -6.449006447928656, 53.009668087312818 ], [ -6.455810296750641, 53.009686687913828 ], [ -6.455138272736031, 53.010136947794656 ], [ -6.456136468489126, 53.010412246369789 ], [ -6.45710795916753, 53.010324825295122 ], [ -6.457732122641831, 53.010048603891043 ], [ -6.4611077680481, 53.010663288590088 ], [ -6.46001779665399, 53.011402983014321 ], [ -6.460694727189757, 53.011903571625254 ], [ -6.461101280072541, 53.011802331349372 ], [ -6.461483596199171, 53.012047644597558 ], [ -6.461387357918046, 53.013000123593109 ], [ -6.463429497061923, 53.012571775529992 ], [ -6.462723559306866, 53.010381202262785 ], [ -6.461771458652565, 53.009800907446092 ], [ -6.461588348542635, 53.008911893619661 ], [ -6.460608154352228, 53.008104800504405 ], [ -6.460116718004312, 53.008101987297671 ], [ -6.459135323764999, 53.00689309651122 ], [ -6.456628860738219, 53.006012725665528 ], [ -6.45639227381993, 53.005811074961706 ], [ -6.455772824196604, 53.005749253978905 ], [ -6.45592843326859, 53.005322638869202 ], [ -6.456664155490166, 53.005508740156898 ], [ -6.457506342475424, 53.005465658192797 ], [ -6.457247353468709, 53.005219019528511 ], [ -6.457583315328368, 53.004927913619852 ], [ -6.457501367075272, 53.004637713540454 ], [ -6.458251811885644, 53.004290124579377 ], [ -6.459758991606001, 53.004749862869922 ], [ -6.45934415154416, 53.005111535900824 ], [ -6.459439211050204, 53.005207990093503 ], [ -6.460588955941335, 53.004522925038344 ], [ -6.461360421832136, 53.004556775154633 ], [ -6.463174379759153, 53.005257156260527 ], [ -6.464248616202461, 53.00591013402596 ], [ -6.462865317323903, 53.006387075218484 ], [ -6.462863771620582, 53.006639843094931 ], [ -6.464531569613827, 53.00637496175986 ], [ -6.466256881158754, 53.006772861348374 ], [ -6.466390547310866, 53.006849332441334 ], [ -6.465291205858322, 53.007417842962127 ], [ -6.465869452773717, 53.007852978932945 ], [ -6.466669170552787, 53.008218252712254 ], [ -6.46658610471804, 53.008359583516686 ], [ -6.467549654795684, 53.008064470582021 ], [ -6.467908143383421, 53.008201740112803 ], [ -6.468306437357092, 53.007804940768359 ], [ -6.468451698176952, 53.008049928139485 ], [ -6.46935595199085, 53.008167463746474 ], [ -6.469704700300866, 53.008524645535893 ], [ -6.469928448184323, 53.00851761990036 ], [ -6.469741739797749, 53.009155859698559 ], [ -6.470769259050404, 53.009177771050147 ], [ -6.471525442044333, 53.009394477114647 ], [ -6.471346377044479, 53.009631453142994 ], [ -6.470338869517779, 53.009688092553432 ], [ -6.470719686558842, 53.009969588616066 ], [ -6.473026449017303, 53.009446579240887 ], [ -6.473622276953905, 53.009149103150527 ], [ -6.47355152604836, 53.008925581247404 ], [ -6.47144482773111, 53.00580291219579 ], [ -6.470578765985142, 53.005480482278713 ], [ -6.469018041801106, 53.005331125762709 ], [ -6.46551504788733, 53.002812504453722 ], [ -6.463325473146306, 53.001497490425542 ], [ -6.462509098553098, 53.00171466462767 ], [ -6.461594817323591, 53.002352353289865 ], [ -6.461243926418239, 53.002091339165062 ], [ -6.461489967080179, 53.001993674076445 ], [ -6.461193439530164, 53.001530559292782 ], [ -6.460733812648775, 53.001696565489624 ], [ -6.45897258673293, 53.003043672691334 ], [ -6.458380968819826, 53.002939000866597 ], [ -6.458084735911298, 53.003152371736377 ], [ -6.457614561900931, 53.003140691455201 ], [ -6.457387111613135, 53.003430715630749 ], [ -6.453472541557404, 53.001248094272562 ], [ -6.453008464528314, 53.000843540176739 ], [ -6.451866309864748, 53.00036927843491 ], [ -6.451683183972674, 53.00001869386535 ], [ -6.450228612347453, 52.9990974727233 ], [ -6.448658224993661, 52.999412500140537 ], [ -6.448497324081556, 52.99902670541281 ], [ -6.447477900751626, 52.998117527557973 ], [ -6.446920202799062, 52.998167508289328 ], [ -6.446721528817888, 52.99805595582859 ], [ -6.446624420169299, 52.997755913855613 ], [ -6.446832533072059, 52.997567495314897 ], [ -6.446134558717108, 52.996675663390953 ], [ -6.446342761534924, 52.996431536977184 ], [ -6.445537648931094, 52.995846440257978 ], [ -6.445541678713824, 52.995635122492878 ], [ -6.44522750854498, 52.995521796532699 ], [ -6.44443177433635, 52.995596354313449 ], [ -6.443791240151707, 52.996025129748318 ], [ -6.443625134563514, 52.995959991777902 ], [ -6.443169786086686, 52.99511935165544 ], [ -6.444042182773649, 52.995122907983117 ], [ -6.444238175578384, 52.994770576163837 ], [ -6.446685931179781, 52.994842725360229 ], [ -6.448261952132223, 52.994677957807504 ], [ -6.448821053432654, 52.994796170629506 ], [ -6.451149176467906, 52.994380045873889 ], [ -6.451263457635963, 52.994014800501439 ], [ -6.450610557380409, 52.993715474582828 ], [ -6.451074283782026, 52.993544356733544 ], [ -6.451040807559223, 52.993402920091199 ], [ -6.451463398512321, 52.99340210660646 ], [ -6.451764378896338, 52.992873061682815 ], [ -6.451327988737551, 52.992651009699856 ], [ -6.451038349421759, 52.992779392144385 ], [ -6.450504516410337, 52.992439434394107 ], [ -6.450067429887942, 52.992607355903928 ], [ -6.449988575792547, 52.992020205357328 ], [ -6.449296837366195, 52.991614788130875 ], [ -6.449215565497977, 52.991391895013834 ], [ -6.448389366104436, 52.991720254587243 ], [ -6.447383558687604, 52.991225696470167 ], [ -6.445766454057035, 52.991024258616413 ], [ -6.446054731090558, 52.990676267198886 ], [ -6.445694522431614, 52.990564605450487 ], [ -6.444734043849667, 52.990537158826648 ], [ -6.444492266975975, 52.990703048839322 ], [ -6.443774802864715, 52.990796827372158 ], [ -6.443737996402866, 52.990540752050208 ], [ -6.443234450742028, 52.99018685703183 ], [ -6.442886385042506, 52.990229460458643 ], [ -6.441953426817119, 52.989756339371198 ], [ -6.438007358418736, 52.988649282968595 ], [ -6.437602231775651, 52.988706868767125 ], [ -6.437622846610182, 52.989047754621687 ], [ -6.436343534251539, 52.989211861174795 ], [ -6.435703041799671, 52.989687297577532 ], [ -6.435216127751841, 52.989776966195578 ], [ -6.434989130180541, 52.989594569768713 ], [ -6.434718462173902, 52.989905213240412 ], [ -6.434313434827315, 52.989913478912484 ], [ -6.434199365998118, 52.990091321832224 ], [ -6.433995326681092, 52.98998340707309 ], [ -6.433341144715324, 52.990108813446739 ], [ -6.433133471089397, 52.990317393437792 ], [ -6.433322955277433, 52.990650052300509 ], [ -6.43314371531535, 52.990860687854095 ], [ -6.432447276601526, 52.990634715550833 ], [ -6.432278585627, 52.990172725857342 ], [ -6.432634338781175, 52.989599706020506 ], [ -6.432361915707849, 52.989349202743632 ], [ -6.432649308543869, 52.989236053292487 ], [ -6.433258254678845, 52.989606618262577 ], [ -6.433492380268561, 52.989538344860705 ], [ -6.433596471773201, 52.988937314526176 ], [ -6.433498520160079, 52.98833185106286 ], [ -6.43250544953534, 52.988555676634292 ], [ -6.432538630280413, 52.987971706778708 ], [ -6.433106708351058, 52.987561433421433 ], [ -6.432552606377343, 52.986997304601289 ], [ -6.43243599096421, 52.986051791134145 ], [ -6.434809915392628, 52.985944303918274 ], [ -6.435959704831953, 52.986213539424121 ], [ -6.436510056132835, 52.985883444896444 ], [ -6.437375594633784, 52.984956764928839 ], [ -6.436614388627684, 52.984641572243561 ], [ -6.43646884934743, 52.983711463365935 ], [ -6.437417070571173, 52.983621364331924 ], [ -6.437972035311068, 52.98338260093621 ], [ -6.437979498158107, 52.983212072316775 ], [ -6.438600526000287, 52.982817839874599 ], [ -6.440113626221025, 52.982447842956958 ], [ -6.442799700563556, 52.981468937186364 ], [ -6.441142209318161, 52.980635141205894 ], [ -6.440609631669459, 52.98131663604746 ], [ -6.439526536104125, 52.981527770308091 ], [ -6.438525981540744, 52.981343662700105 ], [ -6.43831276730148, 52.981450915593335 ], [ -6.43846893486159, 52.981573483643693 ], [ -6.436857226711007, 52.982315271263545 ], [ -6.436533357910731, 52.982716739134297 ], [ -6.435723148083667, 52.982945359918354 ], [ -6.435041624247775, 52.982912695927027 ], [ -6.434675023761234, 52.983365549171459 ], [ -6.434763278650826, 52.983595924445098 ], [ -6.433451204488313, 52.983767369680727 ], [ -6.433018722071966, 52.984009479515613 ], [ -6.433103480928501, 52.984269166065204 ], [ -6.431969132813224, 52.98437983907089 ], [ -6.431622753710324, 52.985070441272732 ], [ -6.430449427931026, 52.985108121142211 ], [ -6.430119358996559, 52.984848231281319 ], [ -6.429627100094708, 52.984786684237996 ], [ -6.428717191491217, 52.98484697190765 ], [ -6.428244070342987, 52.984968882718711 ], [ -6.427150608809659, 52.985662400206344 ], [ -6.426935556869497, 52.985640544089428 ], [ -6.426864947128334, 52.985424849732347 ], [ -6.426307010236362, 52.985319679893216 ], [ -6.42565039883895, 52.985601266028318 ], [ -6.424351223852881, 52.985554723373205 ], [ -6.422445609856978, 52.985866181903198 ], [ -6.420811415247329, 52.985552162130617 ], [ -6.419941753162916, 52.985775625658718 ], [ -6.419248416409999, 52.985458581549523 ], [ -6.417723347294181, 52.985644476665797 ], [ -6.417077942042403, 52.98593685215554 ], [ -6.415830145778178, 52.985139450852522 ], [ -6.414079782590953, 52.985342080092778 ], [ -6.413087905223366, 52.985749402022407 ], [ -6.412697003661163, 52.985704391184932 ], [ -6.410660572892401, 52.984880573040577 ], [ -6.410555754874116, 52.984533566613464 ], [ -6.412014782016932, 52.983788421501096 ], [ -6.411651681274821, 52.983427817380935 ], [ -6.411061089829275, 52.983316431577052 ], [ -6.41069470419035, 52.983614100973057 ], [ -6.410052786184801, 52.983518224642708 ], [ -6.410220747922075, 52.983390638687943 ], [ -6.409430340746327, 52.982954156378838 ], [ -6.409072179848128, 52.983153986681025 ], [ -6.408797586790719, 52.983052400267759 ], [ -6.408924997172306, 52.982744436388472 ], [ -6.408482470775744, 52.982344270706122 ], [ -6.407796151367599, 52.98218806389702 ], [ -6.407362019291369, 52.982290531623569 ], [ -6.406520533983945, 52.981745859734474 ], [ -6.40714316699389, 52.98173569050622 ], [ -6.407941943481992, 52.981485004522973 ], [ -6.408271088491237, 52.981008252765086 ], [ -6.406841131075098, 52.980213803571758 ], [ -6.408132451496568, 52.979419619431596 ], [ -6.409070214353785, 52.978427465351636 ], [ -6.409564092224657, 52.978205822369659 ], [ -6.413484094156203, 52.977455713078605 ], [ -6.416519905553768, 52.97676989406321 ], [ -6.41699548095825, 52.976536525376865 ], [ -6.418203994872918, 52.97641753990586 ], [ -6.413113744518007, 52.974615529584199 ], [ -6.41285585576944, 52.974823629051087 ], [ -6.412330160779722, 52.974912649608498 ], [ -6.411946804358328, 52.974769322049639 ], [ -6.41295899590576, 52.974131773120938 ], [ -6.412504856905639, 52.973862498176516 ], [ -6.412665425814386, 52.973661313432821 ], [ -6.413756827650198, 52.973845984831627 ], [ -6.413919698328517, 52.973654403627336 ], [ -6.412957424202419, 52.973254264935711 ], [ -6.411858525497332, 52.972218976333075 ], [ -6.410869046282207, 52.971848271491318 ], [ -6.408980953846812, 52.971525818091706 ], [ -6.408386811004411, 52.971913570564745 ], [ -6.403186531420288, 52.970674834373845 ], [ -6.401212057905858, 52.972762123286898 ], [ -6.400442598462683, 52.973315310457984 ], [ -6.398191888356808, 52.974230926271765 ], [ -6.396258146507193, 52.97530218764129 ], [ -6.393665949238441, 52.974207883395621 ], [ -6.391947657014639, 52.972531454460999 ], [ -6.390787466895654, 52.971959492659053 ], [ -6.390349956529629, 52.972124079447966 ], [ -6.390317542662447, 52.971911314898783 ], [ -6.389786957166877, 52.971550800130636 ], [ -6.388034592122817, 52.970728744365033 ], [ -6.388330517845545, 52.970520126281315 ], [ -6.388109394045833, 52.970305853551892 ], [ -6.387215365213627, 52.970230059879462 ], [ -6.386234353749847, 52.969612071141285 ], [ -6.386312728851286, 52.968909427548233 ], [ -6.385757188819764, 52.968308697866028 ], [ -6.384267991664113, 52.967809681560013 ], [ -6.384636488591833, 52.967286203975767 ], [ -6.384466705521795, 52.967046303687368 ], [ -6.385989090916274, 52.966576369946779 ], [ -6.387084559521868, 52.965989643035378 ], [ -6.388041978987135, 52.965779008320425 ], [ -6.38922903080864, 52.964988440855954 ], [ -6.390081896731235, 52.964988500808005 ], [ -6.390806555517475, 52.964752462220055 ], [ -6.391947115951121, 52.964705394306861 ], [ -6.392432604677391, 52.964552308985944 ], [ -6.393028941763497, 52.964593379542777 ], [ -6.394452818527921, 52.965293653512667 ], [ -6.395421374924345, 52.965317924855015 ], [ -6.395820973711582, 52.9651101667056 ], [ -6.396678799292903, 52.965000389166534 ], [ -6.397502148461961, 52.965218057874182 ], [ -6.397875843594207, 52.964999939426654 ], [ -6.397886052601129, 52.964715007797011 ], [ -6.398475185536705, 52.964639040863844 ], [ -6.398738959070201, 52.964325904427831 ], [ -6.399281112838368, 52.96420976028449 ], [ -6.399527174351114, 52.963799586759563 ], [ -6.400042510120105, 52.963824493569454 ], [ -6.402198098798827, 52.963173093986867 ], [ -6.402857903890107, 52.963156750271402 ], [ -6.403292392587368, 52.962873645396435 ], [ -6.405003476874266, 52.962777372147812 ], [ -6.40546864978297, 52.962562444211216 ], [ -6.406440201822559, 52.962457996430459 ], [ -6.407447055776172, 52.961894757416644 ], [ -6.409013615679032, 52.961630428110098 ], [ -6.409983385095483, 52.961704366508123 ], [ -6.410955818399772, 52.961281981019795 ], [ -6.411900557703845, 52.961432339518502 ], [ -6.414760358211457, 52.960954502711473 ], [ -6.415192584843156, 52.961014575649386 ], [ -6.415644571663554, 52.960847322840344 ], [ -6.41624888246404, 52.961042858864154 ], [ -6.417452848927961, 52.960897069383968 ], [ -6.4188715285441, 52.961131172008017 ], [ -6.419296379796859, 52.96091089003032 ], [ -6.419715668389667, 52.961072406762753 ], [ -6.420056060218748, 52.961023001894809 ], [ -6.420899146690415, 52.959729624152622 ], [ -6.420791804590198, 52.959520214099861 ], [ -6.420350410094962, 52.959475823332426 ], [ -6.419521453652889, 52.959040807628142 ], [ -6.416292400021414, 52.958615235240678 ], [ -6.415828754373475, 52.958837461202457 ], [ -6.415556094528856, 52.958538977941934 ], [ -6.414173438994608, 52.958293343142401 ], [ -6.412607550204503, 52.95863944481772 ], [ -6.412198492467406, 52.959007666325469 ], [ -6.410723181770458, 52.959146385297913 ], [ -6.410691490537073, 52.959387894873295 ], [ -6.409731088500324, 52.959486378112622 ], [ -6.409198053355517, 52.959904326373966 ], [ -6.408497269672999, 52.960029887376606 ], [ -6.408463990852104, 52.959876556956189 ], [ -6.408144341839908, 52.959896859164438 ], [ -6.407534765939118, 52.960091867610785 ], [ -6.407168276438114, 52.959826919836964 ], [ -6.405861819055603, 52.959977935761323 ], [ -6.403722450534923, 52.959557663144764 ], [ -6.402071026960884, 52.958810396495799 ], [ -6.401189119812101, 52.958735822371771 ], [ -6.401114014402961, 52.958464609433882 ], [ -6.400358685101407, 52.958437923805562 ], [ -6.399594228011129, 52.958597962854462 ], [ -6.399177024619518, 52.959281597818702 ], [ -6.39691757366147, 52.958429530697202 ], [ -6.397151510196438, 52.958142025773647 ], [ -6.396861939262607, 52.958069681504632 ], [ -6.396926496061361, 52.957926790641984 ], [ -6.395562772776598, 52.957807491027523 ], [ -6.395396624476729, 52.958345518305798 ], [ -6.394512969371267, 52.958704367341149 ], [ -6.394544134546006, 52.959692433530115 ], [ -6.393916599160072, 52.960088058288925 ], [ -6.393329163823544, 52.960139360920827 ], [ -6.393330214452658, 52.960441028500114 ], [ -6.392055334179292, 52.961608548432622 ], [ -6.39091922742382, 52.961569154119346 ], [ -6.390755745870766, 52.961773280082021 ], [ -6.389915502596184, 52.96152817185186 ], [ -6.389744455309119, 52.961314885686505 ], [ -6.388668046835857, 52.961111861312368 ], [ -6.389392590614674, 52.960024746372014 ], [ -6.38891577921312, 52.95954956074808 ], [ -6.389434623513248, 52.959336789075159 ], [ -6.389662977384489, 52.957806645582025 ], [ -6.389111249484442, 52.957408582180996 ], [ -6.388445328432312, 52.957578765938045 ], [ -6.387979460396735, 52.957416191449838 ], [ -6.38745657606797, 52.957647562024412 ], [ -6.387024037587375, 52.957628550785657 ], [ -6.387066984263039, 52.957224507775528 ], [ -6.385283322036018, 52.956752271738253 ], [ -6.385084826669094, 52.957304640935646 ], [ -6.38431432016406, 52.957191950558972 ], [ -6.384072475399396, 52.95739798628798 ], [ -6.382863879704643, 52.957447107863402 ], [ -6.382402500030827, 52.957674897920526 ], [ -6.381752488486868, 52.957580432796448 ], [ -6.381430434360513, 52.957731772538914 ], [ -6.380929450668321, 52.957727294031777 ], [ -6.380236724170951, 52.957539998651292 ], [ -6.379761066409012, 52.957196589460921 ], [ -6.380057873306482, 52.95685943235501 ], [ -6.378995196627845, 52.956225363972202 ], [ -6.379725751014835, 52.955595633355848 ], [ -6.380090997680695, 52.955613673133392 ], [ -6.380358461333392, 52.955328518237707 ], [ -6.382719748978445, 52.954561114806666 ], [ -6.383053615509859, 52.954770991445436 ], [ -6.383752058666673, 52.954507988669036 ], [ -6.383870502280267, 52.954062529575971 ], [ -6.384658328415457, 52.954095955380851 ], [ -6.385656778992724, 52.954377299866579 ], [ -6.389977732524831, 52.953540784300301 ], [ -6.389781984994023, 52.953893429167465 ], [ -6.390379399902902, 52.953895860071519 ], [ -6.390504898038794, 52.95411704090553 ], [ -6.390707693793952, 52.954102349763708 ], [ -6.390959413077207, 52.954716220736202 ], [ -6.39154450723134, 52.95440766589919 ], [ -6.396153187868429, 52.954326078127572 ], [ -6.396558244007514, 52.955017949869763 ], [ -6.399359055873394, 52.955503523513975 ], [ -6.399415155292415, 52.955405127216821 ], [ -6.400012868177829, 52.955496805108183 ], [ -6.401204498899988, 52.9553265120608 ], [ -6.403164218851003, 52.95478309140028 ], [ -6.403581313198255, 52.95500743890392 ], [ -6.404377291390629, 52.955121847384284 ], [ -6.404325781935789, 52.955815470352022 ], [ -6.405604888700965, 52.956130741431132 ], [ -6.407117665462422, 52.956080729580734 ], [ -6.407119625455921, 52.955468955683124 ], [ -6.40792104764476, 52.95552113218038 ], [ -6.408507805220382, 52.955279768477823 ], [ -6.408197760543679, 52.954920355561185 ], [ -6.408800353466795, 52.954801176084693 ], [ -6.408960027167567, 52.954591491764184 ], [ -6.408450693293237, 52.954310756705887 ], [ -6.408768633067322, 52.954053728645505 ], [ -6.410238973801244, 52.954220432405499 ], [ -6.410053573143885, 52.953837793685366 ], [ -6.40976300453431, 52.953851666841395 ], [ -6.409335882946137, 52.95342833700311 ], [ -6.408316165058427, 52.952882466554144 ], [ -6.407913905454372, 52.952936869167331 ], [ -6.407591723339475, 52.952791334308522 ], [ -6.40694294255626, 52.951941119593904 ], [ -6.40667249625851, 52.95202167971923 ], [ -6.406166345105379, 52.951541055479538 ], [ -6.405231334001275, 52.951746283627848 ], [ -6.405298968863592, 52.951249697046883 ], [ -6.404400310232072, 52.950975628449406 ], [ -6.40428172540186, 52.950540305971913 ], [ -6.403495581062752, 52.950172085827177 ], [ -6.401280887117707, 52.949632150563332 ], [ -6.398801845134733, 52.949302133391932 ], [ -6.397835952959451, 52.948989932194124 ], [ -6.39815206363568, 52.948536571943954 ], [ -6.398849036477043, 52.94834840747226 ], [ -6.398327216659379, 52.947668217883383 ], [ -6.396661748590989, 52.947933757324321 ], [ -6.396357782654613, 52.947939030462621 ], [ -6.396006174850833, 52.947721670896613 ], [ -6.396787439347922, 52.946895466552668 ], [ -6.39745828153031, 52.946688630206921 ], [ -6.398429515806995, 52.945813491031522 ], [ -6.399645711479997, 52.945427390692004 ], [ -6.400481381784173, 52.944539550962389 ], [ -6.402687398281676, 52.94341665947443 ], [ -6.403669780602292, 52.943577218959256 ], [ -6.404132920818901, 52.94406494464706 ], [ -6.403985455342374, 52.944201728275758 ], [ -6.404415749492292, 52.945033567271231 ], [ -6.403799861203084, 52.94574196546548 ], [ -6.403508072231897, 52.946522623480057 ], [ -6.404021146698009, 52.946831016686801 ], [ -6.405421248388579, 52.946924687794684 ], [ -6.406606570623428, 52.946767578085769 ], [ -6.406988702141419, 52.946494840751029 ], [ -6.409498730892474, 52.946436647435732 ], [ -6.410160292687356, 52.946263906558983 ], [ -6.411322031089577, 52.946496417516499 ], [ -6.412315457514008, 52.946194388653481 ], [ -6.41260218877677, 52.945634030795389 ], [ -6.414569819869189, 52.945241545558183 ], [ -6.415231728095502, 52.945222726853451 ], [ -6.416769540325078, 52.945592860602247 ], [ -6.418322826153979, 52.945436770482893 ], [ -6.419020509319307, 52.945503195094219 ], [ -6.419779204787292, 52.945736174365287 ], [ -6.42063039192674, 52.946339615368082 ], [ -6.420358552520505, 52.946502153687987 ], [ -6.420817265324895, 52.94678771125961 ], [ -6.419813604522377, 52.947576346346388 ], [ -6.419922014062151, 52.947924185441693 ], [ -6.420386964895687, 52.947591663807934 ], [ -6.421033785560539, 52.948419451151274 ], [ -6.4210794456496, 52.948557033058421 ], [ -6.420205783468801, 52.949162335255608 ], [ -6.420233980916422, 52.949409074911891 ], [ -6.42092752948593, 52.950055341499201 ], [ -6.421146708734295, 52.950020250668302 ], [ -6.42086903158684, 52.950342860024925 ], [ -6.421398973191332, 52.951097848955477 ], [ -6.422585789838421, 52.951043067855061 ], [ -6.424445237748721, 52.951224486206854 ], [ -6.426939719088035, 52.951825370337254 ], [ -6.43033937448988, 52.951245151900366 ], [ -6.432245805437071, 52.949648407650869 ], [ -6.431709042678395, 52.948978516481915 ], [ -6.42978455811925, 52.948070237813177 ], [ -6.428526230222176, 52.946792289200836 ], [ -6.427651416942809, 52.946326628620312 ], [ -6.427393881140556, 52.946441814227313 ], [ -6.427240212808995, 52.946323146143875 ], [ -6.426646049366883, 52.944694696839171 ], [ -6.42561397704845, 52.943944520804543 ], [ -6.425859106922712, 52.943648614450147 ], [ -6.425850722618717, 52.943072145045534 ], [ -6.426825249947569, 52.942826264783903 ], [ -6.426827017732793, 52.942652046807474 ], [ -6.425772642242027, 52.941998579889635 ], [ -6.424545113404602, 52.941568139526296 ], [ -6.424221964708075, 52.941136767249645 ], [ -6.424268156586592, 52.940448665281892 ], [ -6.423859837551627, 52.939991147421779 ], [ -6.423167242728599, 52.93948096744748 ], [ -6.422404500743703, 52.93921571368228 ], [ -6.426250993726227, 52.938722435749526 ], [ -6.42781844619221, 52.940033813890025 ], [ -6.427445177447459, 52.940327102601302 ], [ -6.426259089381847, 52.940729227732668 ], [ -6.427447866500447, 52.941819816782292 ], [ -6.428081827393733, 52.942151241833756 ], [ -6.42833545069284, 52.942773776109199 ], [ -6.428841760174048, 52.943055258344245 ], [ -6.429627236477043, 52.943193655665425 ], [ -6.429484931382006, 52.943887005264116 ], [ -6.430069283139627, 52.944553770177244 ], [ -6.43169428429897, 52.945129717987065 ], [ -6.433112624928723, 52.945367199584972 ], [ -6.433901475832641, 52.945174352353433 ], [ -6.434441208576181, 52.945314952304692 ], [ -6.434610198369862, 52.945159727990664 ], [ -6.434460350378514, 52.944882913890524 ], [ -6.435347394318152, 52.945147352924906 ], [ -6.435768156594455, 52.945445700461981 ], [ -6.435705902448227, 52.945617540052822 ], [ -6.436639556717155, 52.945902690041507 ], [ -6.437620458602348, 52.94701562461286 ], [ -6.437696357056403, 52.947416419594113 ], [ -6.440617646512845, 52.949637931330109 ], [ -6.441142725524892, 52.948914770756296 ], [ -6.44147865949724, 52.94884649672963 ], [ -6.441805361057554, 52.948895939119282 ], [ -6.442029996185955, 52.949230126442515 ], [ -6.442477120757225, 52.94902739320451 ], [ -6.442832424160087, 52.949471737082376 ], [ -6.443896512261401, 52.949905705926056 ], [ -6.444431954434716, 52.950505548566326 ], [ -6.4465523366576, 52.950351756442927 ], [ -6.446689854914929, 52.950859854399482 ], [ -6.446529125588753, 52.951243204131394 ], [ -6.447435183144383, 52.951318153211275 ], [ -6.448919901540441, 52.95254132601724 ], [ -6.447975656807917, 52.95255910775991 ], [ -6.446681678520907, 52.952337389462556 ], [ -6.445772987477361, 52.953126297921479 ], [ -6.44582791042978, 52.953525455247224 ], [ -6.445346433416616, 52.954670529797802 ], [ -6.445611820516659, 52.955099639287631 ], [ -6.446424740238605, 52.955369342912803 ], [ -6.446768621232545, 52.955691399030201 ], [ -6.449412418523409, 52.956903623357121 ], [ -6.449903458316365, 52.956305369504783 ], [ -6.449778891896028, 52.956205977591395 ], [ -6.449513984052515, 52.956310894973413 ], [ -6.449034577637177, 52.955739213621733 ], [ -6.450044951158302, 52.955149893171523 ], [ -6.450737405236019, 52.954956871997616 ], [ -6.450828293319751, 52.955041145812892 ], [ -6.450355199186366, 52.955343487043613 ], [ -6.452455455370701, 52.955575531314977 ], [ -6.454627163846404, 52.956655265895542 ], [ -6.455177840480738, 52.956666299618639 ], [ -6.455400570098146, 52.956903828237252 ], [ -6.455434609172295, 52.956400614011223 ], [ -6.455745255782183, 52.956402233266871 ], [ -6.456007335649791, 52.957124954134088 ], [ -6.456311118424462, 52.956992645282078 ], [ -6.456683182068476, 52.957176904347151 ], [ -6.457173928285854, 52.956559903332831 ], [ -6.457415855397785, 52.956548581570068 ], [ -6.457561026083757, 52.957729834915199 ], [ -6.458268632984143, 52.957955817306619 ], [ -6.45827810791202, 52.957202469052177 ], [ -6.45846983726388, 52.957444623119102 ], [ -6.458588523102299, 52.957380241623341 ], [ -6.458477682738711, 52.956983448825319 ], [ -6.458959183788972, 52.956945048238687 ], [ -6.459155718287756, 52.957149251533707 ], [ -6.459338320107851, 52.956782526242513 ], [ -6.45874645666844, 52.95403209429648 ], [ -6.459129084019131, 52.953421853407171 ], [ -6.459665585329017, 52.953185690200272 ], [ -6.459328952994781, 52.952784020496821 ], [ -6.459657805261776, 52.952102153120364 ], [ -6.459060758578775, 52.951815475115531 ], [ -6.458943566225518, 52.9514895994688 ], [ -6.459502921412531, 52.949783893823621 ], [ -6.4599439821521, 52.949489128096531 ], [ -6.459896958150744, 52.94871581141566 ], [ -6.459492989286057, 52.948546167871264 ], [ -6.459246183576009, 52.948015626463324 ], [ -6.458598738650058, 52.947478521907875 ], [ -6.457477591291715, 52.94731750703091 ], [ -6.456207409960566, 52.946435911859147 ], [ -6.456062263232246, 52.946054858286722 ], [ -6.455371636724275, 52.945794045028272 ], [ -6.454787941603372, 52.945801466730501 ], [ -6.45242601356555, 52.944271682967738 ], [ -6.452177337338755, 52.94347023509247 ], [ -6.451314560064564, 52.942920280253354 ], [ -6.451024141073442, 52.942227261371229 ], [ -6.450446553564998, 52.941804024150798 ], [ -6.450440491804756, 52.941510652356392 ], [ -6.448977975784588, 52.94099832967207 ], [ -6.448289945960619, 52.940227611878321 ], [ -6.447403549877803, 52.940107362391849 ], [ -6.446281503830277, 52.939161024931522 ], [ -6.445760441767901, 52.938970063770647 ], [ -6.444995068058378, 52.939028595384059 ], [ -6.44481399207729, 52.938445544663409 ], [ -6.444320771092499, 52.93831915497865 ], [ -6.443946873919098, 52.938504139904602 ], [ -6.443526174918391, 52.938238315031064 ], [ -6.443148494949958, 52.937572904399907 ], [ -6.442099852678514, 52.936769694326429 ], [ -6.442613252943623, 52.936135017819709 ], [ -6.439358707955782, 52.934478309296992 ], [ -6.439373685755943, 52.934222460722665 ], [ -6.440245987266067, 52.934187966511395 ], [ -6.440737762596824, 52.93394243903856 ], [ -6.440306539211592, 52.933640914725338 ], [ -6.43936330847773, 52.933469792380166 ], [ -6.438906890152435, 52.933198276982921 ], [ -6.439964749237345, 52.931845197446748 ], [ -6.439828115364611, 52.931626439709355 ], [ -6.440123506988176, 52.930721117171181 ], [ -6.440051241694174, 52.930289710698609 ], [ -6.439480154256626, 52.929918861038153 ], [ -6.439405575690165, 52.929459099228481 ], [ -6.441100547555854, 52.929256075684428 ], [ -6.443202972354062, 52.928584629080795 ], [ -6.443931979230372, 52.928578629607934 ], [ -6.444281976273429, 52.928404837189468 ], [ -6.446710912282944, 52.926785483171763 ], [ -6.451790879431792, 52.922393812895237 ], [ -6.45481788794779, 52.923794480585784 ], [ -6.463644169710062, 52.929574279549101 ], [ -6.460588259168422, 52.934979793447361 ], [ -6.464024899431512, 52.935201316125301 ], [ -6.464575198794781, 52.934839247091858 ], [ -6.465651841659009, 52.934746948451718 ], [ -6.46743653151688, 52.934266819303048 ], [ -6.468023562786906, 52.933814658831807 ], [ -6.469802373909844, 52.933237451460613 ], [ -6.470977490872861, 52.933020606971603 ], [ -6.471471433526412, 52.933134149671304 ], [ -6.471996251875312, 52.932952781655899 ], [ -6.472687630518107, 52.933026612714826 ], [ -6.473443119169676, 52.932769276031237 ], [ -6.474105338817137, 52.932306097299346 ], [ -6.477189793569361, 52.93185221602257 ], [ -6.477593507466332, 52.931551963280235 ], [ -6.478079731060186, 52.931683707000367 ], [ -6.47866706386888, 52.931217476471808 ], [ -6.47925658443103, 52.931360173628235 ], [ -6.480199157257845, 52.931162085487166 ], [ -6.481027118952766, 52.931371066232309 ], [ -6.481777609262589, 52.931324831809491 ], [ -6.481972784288772, 52.931188095149331 ], [ -6.482305300004501, 52.931443029286065 ], [ -6.483239348706802, 52.931063790497355 ], [ -6.48408665598481, 52.931098810333964 ], [ -6.485014289475068, 52.930610832875459 ], [ -6.485328160070146, 52.930710795090171 ], [ -6.4853267416678, 52.930922678859645 ], [ -6.485980860120692, 52.931128258033063 ], [ -6.486620654665018, 52.930724677212602 ], [ -6.487192961714622, 52.930671616765082 ], [ -6.488217165046001, 52.930201654231851 ], [ -6.488954148793379, 52.93039037461083 ], [ -6.489314323015072, 52.930335137021736 ], [ -6.489483228321128, 52.930481000269005 ], [ -6.488782512496067, 52.930984088080415 ], [ -6.487147309950694, 52.933436113926717 ], [ -6.48769977300914, 52.934451322888471 ], [ -6.488349650411025, 52.937729017562013 ], [ -6.489746986171196, 52.938247953095178 ], [ -6.490286460287305, 52.938299885765353 ], [ -6.493419724171163, 52.938266661335668 ], [ -6.496571699001588, 52.937813257932504 ], [ -6.49689577683065, 52.939477073250771 ], [ -6.497198605795601, 52.939850623104093 ], [ -6.500051151472225, 52.941160186165568 ], [ -6.504040729553355, 52.943165282882454 ], [ -6.5040153799774, 52.943272096178617 ], [ -6.505085316481868, 52.943590582210973 ], [ -6.505940814889295, 52.943416154590459 ], [ -6.506628074976522, 52.942873164996158 ], [ -6.508080899344412, 52.943882386558911 ], [ -6.510825325994918, 52.942283374680805 ], [ -6.514022262853229, 52.943726535442529 ], [ -6.512733238934187, 52.948903505891394 ], [ -6.513920802418521, 52.949024578652953 ], [ -6.516534573095874, 52.950099517447541 ], [ -6.519288093028027, 52.952265041425314 ], [ -6.522916998564688, 52.951137727539219 ], [ -6.529168013274286, 52.956233789172686 ], [ -6.524467302885771, 52.95681360851507 ], [ -6.524684145032598, 52.959168645753905 ], [ -6.521938905117938, 52.960991371330813 ], [ -6.520850232221846, 52.960834166261904 ], [ -6.517933480783338, 52.963904421056881 ], [ -6.51748925581434, 52.965250006408873 ], [ -6.517624483540218, 52.967542709812193 ], [ -6.516655803063628, 52.967649063392187 ], [ -6.515949827351668, 52.967426885513788 ], [ -6.515358067023485, 52.967473470003242 ], [ -6.515159921342448, 52.968019615294438 ], [ -6.514828502381089, 52.968234115499158 ], [ -6.514624379366948, 52.969677669577678 ], [ -6.514703917836123, 52.972145212425296 ], [ -6.513853664094024, 52.973392787688375 ], [ -6.516771512909915, 52.974207020588949 ], [ -6.52364353972159, 52.975792939505432 ], [ -6.522640897406203, 52.977160124104849 ], [ -6.523712137807506, 52.977477022531438 ], [ -6.523248819001505, 52.978200048024839 ], [ -6.521757167969937, 52.978907456446059 ], [ -6.523141238875037, 52.979866886535923 ], [ -6.521331063389794, 52.980465105837865 ], [ -6.522668411786336, 52.981661547507429 ], [ -6.518753109667735, 52.982641723514604 ], [ -6.51332841649959, 52.983045716861788 ], [ -6.512887936564874, 52.984956875636144 ], [ -6.513359352718299, 52.985008513576297 ], [ -6.513745364664546, 52.985240762489084 ], [ -6.516279955033822, 52.985449341392801 ], [ -6.517184546351416, 52.98571867356678 ], [ -6.518322803427478, 52.985673040259847 ], [ -6.518622519750761, 52.986211345622792 ], [ -6.519628271615752, 52.986907934235326 ], [ -6.518123728727839, 52.986819227367079 ], [ -6.5162472194795, 52.987052041111802 ], [ -6.514440704668792, 52.986835736692527 ], [ -6.513241070339765, 52.986990860845836 ], [ -6.511989312856207, 52.986703940843249 ], [ -6.510700093484417, 52.986640553784873 ], [ -6.510133575742806, 52.986775928665352 ], [ -6.509674484481981, 52.987304690651399 ], [ -6.509079580621122, 52.987293968280724 ], [ -6.509732608625605, 52.992944671088011 ], [ -6.510236428522878, 52.993219771691798 ], [ -6.510938549471177, 52.993160895159996 ], [ -6.51107850517001, 52.994260721166285 ], [ -6.510590386522924, 52.994722753324069 ], [ -6.510564851606994, 52.995032727319867 ], [ -6.506511953170329, 52.99428989140489 ], [ -6.504046329640708, 52.999773905003543 ], [ -6.50309336089374, 53.003546817848473 ], [ -6.503386108501636, 53.004822993278751 ], [ -6.504352303464553, 53.005470092787924 ], [ -6.507752537084044, 53.008497042195849 ], [ -6.509303024255556, 53.009509551629321 ], [ -6.510639682211257, 53.010902631035158 ], [ -6.509264352447037, 53.011739048480685 ], [ -6.509047398751779, 53.012145330652096 ], [ -6.507817630314994, 53.012845784405933 ], [ -6.507443459584911, 53.013322329399699 ], [ -6.506661808547706, 53.013790817344685 ], [ -6.505523860957979, 53.014195122630582 ], [ -6.50667336604396, 53.015284920980982 ], [ -6.508445684358243, 53.015418457960692 ], [ -6.510401808782877, 53.015999100368745 ], [ -6.524408054343546, 53.016585751535324 ], [ -6.526255003330647, 53.018942678374025 ], [ -6.530165256259533, 53.018902099946558 ], [ -6.531999024102873, 53.01918132989168 ], [ -6.533919671653338, 53.019171678085769 ], [ -6.538929000752622, 53.017980713279549 ], [ -6.540060349509081, 53.017354862202161 ], [ -6.541350476958222, 53.015922043501618 ], [ -6.542378408475719, 53.012414649974083 ], [ -6.542189742923145, 53.012291481295279 ], [ -6.542379960983011, 53.011343064667464 ], [ -6.53682173480906, 53.008588087419056 ], [ -6.538550942535932, 53.007816680460444 ], [ -6.540398299390155, 53.009335662784373 ], [ -6.545148679091628, 53.011266696027072 ], [ -6.546219369268985, 53.011557941102268 ], [ -6.548546791752551, 53.011184438078551 ], [ -6.551074667976343, 53.012589702459273 ], [ -6.55187168788258, 53.012788757516176 ], [ -6.553138263138359, 53.013867122693242 ], [ -6.555991220114721, 53.015515591453301 ], [ -6.556411027407684, 53.015981712092135 ], [ -6.556413076579425, 53.016332888494517 ], [ -6.55688499800421, 53.016550819293549 ], [ -6.558320380524085, 53.018235871985866 ], [ -6.557001639996475, 53.019234892008988 ], [ -6.558505145840542, 53.021544552823777 ], [ -6.568827021571686, 53.021017901280871 ], [ -6.56950291463526, 53.021056881056161 ], [ -6.570998073319982, 53.021529919232805 ], [ -6.572645350424231, 53.022509209235764 ], [ -6.573561122499238, 53.027112665089824 ], [ -6.573747721224168, 53.027138173442772 ], [ -6.572901040402126, 53.027365807779397 ], [ -6.566322711376653, 53.027401358858597 ], [ -6.563923860085847, 53.02728371460644 ], [ -6.564057369407351, 53.028657550712822 ], [ -6.557832345627626, 53.028841006085997 ], [ -6.55741517038993, 53.028306191349643 ], [ -6.556311202296238, 53.028104447564495 ], [ -6.549221764429761, 53.027216724804191 ], [ -6.544122021277731, 53.026777743946724 ], [ -6.543371149115718, 53.027069187209179 ], [ -6.543402024803409, 53.02748373319389 ], [ -6.543167479635349, 53.027773696222731 ], [ -6.542650669244765, 53.027883635785948 ], [ -6.542735634975884, 53.028206400982178 ], [ -6.542496383639609, 53.028377022480086 ], [ -6.542184578014129, 53.028111517976576 ], [ -6.541560787107167, 53.028382881990218 ], [ -6.541279334139847, 53.028336268734414 ], [ -6.541254169355017, 53.028080002729205 ], [ -6.539317403143857, 53.028106789564845 ], [ -6.538910976925532, 53.028580176871245 ], [ -6.538414450796742, 53.028685286950541 ], [ -6.537523086380977, 53.029288071388066 ], [ -6.537433074793357, 53.028974525100807 ], [ -6.536729187673336, 53.029300273292613 ], [ -6.536386571360572, 53.029012541997915 ], [ -6.535389870571473, 53.029190660172709 ], [ -6.534800641640508, 53.029540693001813 ], [ -6.533546043445175, 53.029695817197194 ], [ -6.533212485251877, 53.029620139585148 ], [ -6.533602413253891, 53.028711879712574 ], [ -6.534346801770544, 53.029124968411864 ], [ -6.534824694731334, 53.028808215813868 ], [ -6.535774788762203, 53.028801176598023 ], [ -6.536429231098884, 53.028424985890261 ], [ -6.538633412361098, 53.028003614972256 ], [ -6.539200988381915, 53.027677790264221 ], [ -6.538846348643506, 53.027361937997007 ], [ -6.538746026261872, 53.027716656731535 ], [ -6.538436800718378, 53.02762655201672 ], [ -6.537857227678817, 53.027862622073485 ], [ -6.537622877224909, 53.027078745376805 ], [ -6.537915653389915, 53.026640789920528 ], [ -6.537752210578168, 53.026160553220315 ], [ -6.526238188603844, 53.024553557819324 ], [ -6.526203122986745, 53.024938916263977 ], [ -6.525799246205596, 53.025126546232343 ], [ -6.525610720600537, 53.024698741982476 ], [ -6.525263678252241, 53.024627440578023 ], [ -6.524804830373869, 53.025770697775883 ], [ -6.527296064390248, 53.029335143803657 ], [ -6.527072145090646, 53.029730252610378 ], [ -6.527248229789653, 53.03114557105458 ], [ -6.527090478984888, 53.032115747810529 ], [ -6.529096277668572, 53.034009968552937 ], [ -6.529364909317756, 53.033999835158198 ], [ -6.529606527069241, 53.034405476707803 ], [ -6.530139888802525, 53.034580724376816 ], [ -6.530519780832265, 53.03492820225518 ], [ -6.530204319028066, 53.03520721728276 ], [ -6.530811924810825, 53.035427511458138 ], [ -6.530804521241152, 53.035973355127219 ], [ -6.531304442181852, 53.035957418479988 ], [ -6.532307071174421, 53.036568311291859 ], [ -6.532635296571025, 53.03729747602074 ], [ -6.532343346915907, 53.037559367559098 ], [ -6.533317430156639, 53.038501833672782 ], [ -6.533425604941895, 53.038873041256451 ], [ -6.533883974762621, 53.038843719127229 ], [ -6.534043472002219, 53.039030221915162 ], [ -6.534888592255446, 53.039201074587773 ], [ -6.534636703853278, 53.039604391194295 ], [ -6.535303436594588, 53.040257444164467 ], [ -6.535163076009063, 53.040813496489896 ], [ -6.535612156231219, 53.040987555061236 ], [ -6.536566172334623, 53.042272313404872 ], [ -6.536410391368063, 53.04254995657589 ], [ -6.535312112795415, 53.043075630470518 ], [ -6.534901134450896, 53.044077022476678 ], [ -6.534739501023872, 53.044148977381681 ], [ -6.534396228629362, 53.043998456324388 ], [ -6.533979352348145, 53.044154872910298 ], [ -6.533090434408415, 53.045313763630723 ], [ -6.53319881464794, 53.045710958351641 ], [ -6.532614751636229, 53.045882790504734 ], [ -6.531333260736361, 53.045725842043268 ], [ -6.531229366246924, 53.046101748970088 ], [ -6.531869289226706, 53.046135867540485 ], [ -6.531611195212008, 53.046624470969789 ], [ -6.531214363253503, 53.046648720283358 ], [ -6.531260688767984, 53.04647677282928 ], [ -6.530983091611754, 53.046453984263756 ], [ -6.524798973430818, 53.046121303975738 ], [ -6.521897526964505, 53.046403997712972 ], [ -6.520871221981777, 53.046633400379093 ], [ -6.520415717087299, 53.049006626425772 ], [ -6.519718492847496, 53.050295768074704 ], [ -6.519215364121842, 53.050957617275103 ], [ -6.518078687884403, 53.051574362250818 ], [ -6.517372559548464, 53.052389143632738 ], [ -6.516951065713768, 53.052015534868765 ], [ -6.516409785922661, 53.051958837893629 ], [ -6.515163996959965, 53.051213585473391 ], [ -6.516584056665596, 53.049920283518311 ], [ -6.516992067335591, 53.047921593228978 ], [ -6.515968289672681, 53.047082277789094 ], [ -6.511833618215438, 53.044417304840813 ], [ -6.509700242223358, 53.042549931500034 ], [ -6.50803948126269, 53.044499250227538 ], [ -6.504478976375745, 53.044005592699669 ], [ -6.504865950696245, 53.043076544324443 ], [ -6.502417221351356, 53.043122659777588 ], [ -6.501265716239828, 53.047028175544639 ], [ -6.493334810419053, 53.045621304841234 ], [ -6.493026485738524, 53.03914428372395 ], [ -6.491982634288314, 53.03911420042504 ], [ -6.491537364635779, 53.039600696854365 ], [ -6.490790940667842, 53.040829081070441 ], [ -6.49038006178389, 53.042153346039868 ], [ -6.488400957886946, 53.045479974216597 ], [ -6.487906517644799, 53.047000828911116 ], [ -6.486783109434002, 53.048648451413392 ], [ -6.481492517643606, 53.048053644148318 ], [ -6.480661647720576, 53.048255876190836 ], [ -6.480408320010755, 53.047786122856571 ], [ -6.479912427277293, 53.047625431422681 ], [ -6.479568137956285, 53.047671104700598 ], [ -6.478911991731953, 53.047222587943331 ], [ -6.478219291677968, 53.047278182598752 ], [ -6.477066702951828, 53.046794459829833 ], [ -6.476413354709432, 53.046725269408775 ], [ -6.474418916189926, 53.047152786435078 ], [ -6.473481287042678, 53.047506360037204 ], [ -6.472595611831997, 53.047062595669061 ], [ -6.471188151938127, 53.045982424709237 ], [ -6.470686854581236, 53.045002308371387 ], [ -6.469875596378282, 53.044669160174948 ], [ -6.469772248449892, 53.044112274611969 ], [ -6.468449532973507, 53.043720691077858 ], [ -6.464356839077156, 53.045656524291999 ], [ -6.461881313033741, 53.046481381905004 ], [ -6.460319913912993, 53.04753676326505 ], [ -6.459551403890556, 53.048547863433306 ], [ -6.457393681715337, 53.049509042413334 ], [ -6.455712653767074, 53.049799743615374 ], [ -6.454679292880457, 53.049762926915548 ], [ -6.45137176867577, 53.049163572964069 ], [ -6.448629253929047, 53.049183464505177 ], [ -6.447787432206349, 53.049444306119184 ], [ -6.446982864855413, 53.049308444661882 ], [ -6.446596605035865, 53.049529321680872 ], [ -6.444518173247556, 53.049386067823022 ], [ -6.444660307854323, 53.048857122729821 ], [ -6.444215986324595, 53.048643619565865 ], [ -6.444260755260431, 53.048380884023679 ], [ -6.443565599803077, 53.048220058549369 ], [ -6.442026103109151, 53.048090300988164 ], [ -6.435026172259123, 53.046985706558651 ], [ -6.430343182469188, 53.046455187856125 ], [ -6.43069149076927, 53.045851787231449 ], [ -6.431819951759144, 53.045588023614457 ], [ -6.432065619158494, 53.045055316083975 ], [ -6.432738459570635, 53.044688283387956 ], [ -6.432343403823451, 53.044391972725215 ], [ -6.432030727835035, 53.044466642849926 ], [ -6.431765575310701, 53.044799948335594 ], [ -6.431537710419315, 53.044746564281766 ], [ -6.430909282376057, 53.045546172537122 ], [ -6.430553496649948, 53.045578420527839 ], [ -6.430672803368364, 53.04530941943905 ], [ -6.430346815940718, 53.044949342444738 ], [ -6.430023826787068, 53.045136036431877 ], [ -6.429160716703392, 53.044862433645555 ], [ -6.428106620473566, 53.045768543246098 ], [ -6.427258998313715, 53.045320641119012 ], [ -6.426792239907496, 53.045620484814016 ], [ -6.426796320040828, 53.045910618813309 ], [ -6.426177481832819, 53.046087142209466 ], [ -6.425884382787519, 53.046086859028982 ], [ -6.425747717444131, 53.045759016973619 ], [ -6.425437216955028, 53.045790186197294 ], [ -6.425475602719327, 53.046143054483821 ], [ -6.424435292871734, 53.046356998039919 ], [ -6.424137102908581, 53.04699500269848 ], [ -6.423834033675594, 53.046285934132328 ], [ -6.421772420087289, 53.04604041478062 ], [ -6.421645394189423, 53.045761475373148 ], [ -6.421419071496937, 53.045810568262326 ], [ -6.421515143007854, 53.045985138162017 ], [ -6.421118791519524, 53.046070866440289 ], [ -6.420341957117207, 53.045707508633541 ], [ -6.419612565360409, 53.045819890073894 ], [ -6.419593043932141, 53.045581341127651 ], [ -6.419123661009489, 53.045578851653453 ], [ -6.418533339647954, 53.046170597732896 ], [ -6.417873745913205, 53.046407773725647 ], [ -6.41678693864834, 53.046363480507871 ], [ -6.415514348590697, 53.04662422044315 ], [ -6.41480296679801, 53.046523465376076 ], [ -6.414650125535101, 53.046623185256806 ], [ -6.414135345519775, 53.046443531216795 ], [ -6.413332621951439, 53.046596368724963 ], [ -6.41252688613664, 53.046366311481833 ], [ -6.412065277170529, 53.045993875096343 ], [ -6.411463324194345, 53.04588718136052 ], [ -6.411303353856458, 53.045974577630403 ], [ -6.410934094133356, 53.045665884086624 ], [ -6.410205407169074, 53.045674959333688 ], [ -6.409951475307945, 53.04517956126535 ], [ -6.40848832669394, 53.044524561805588 ], [ -6.407379191593273, 53.043355152971117 ], [ -6.406474060020405, 53.042860139809719 ], [ -6.404731220041772, 53.042420257725851 ], [ -6.402005837658821, 53.042105198905702 ], [ -6.400474702479924, 53.043420674641787 ], [ -6.401849371379217, 53.043907154400934 ], [ -6.40271724563248, 53.044425162134061 ], [ -6.40377985820687, 53.045541569568677 ], [ -6.407515477066041, 53.048732762305946 ], [ -6.408007565027633, 53.050650260775541 ], [ -6.40784868235253, 53.051712066311282 ], [ -6.407202853647988, 53.052087939329944 ], [ -6.406985393615833, 53.051642479425524 ], [ -6.406514979755732, 53.051763134361416 ], [ -6.40553319508749, 53.052796328331716 ], [ -6.404890806621764, 53.052810456344162 ], [ -6.404114459131783, 53.052367876813108 ], [ -6.403237104147253, 53.052376260008486 ], [ -6.397973525564274, 53.056693654969209 ], [ -6.3930992002928, 53.059386217700215 ], [ -6.392279056555733, 53.059364062784844 ], [ -6.391938393095913, 53.060704905145165 ], [ -6.393728411630339, 53.060481702233211 ], [ -6.394788711779273, 53.061034856012832 ], [ -6.394478021160119, 53.061366845074375 ], [ -6.394665224004316, 53.061862867025127 ], [ -6.39430698270706, 53.062007688018774 ], [ -6.394229904517926, 53.062312520701404 ], [ -6.393679125326756, 53.062491314329897 ], [ -6.393375883775414, 53.06296261247315 ], [ -6.392942189858709, 53.063115416703404 ], [ -6.392849062116396, 53.063870275389007 ], [ -6.394485870097467, 53.06440795619546 ], [ -6.394423371634186, 53.064548175611812 ], [ -6.393593993557134, 53.064330849912018 ], [ -6.393502686293472, 53.064791635251062 ], [ -6.394099700572132, 53.06495396245473 ], [ -6.394084599729774, 53.065528733193005 ], [ -6.39384746347022, 53.065739660917842 ], [ -6.393420912774147, 53.065682991480223 ], [ -6.393411908592099, 53.065871193408547 ], [ -6.392615890334248, 53.06597404451842 ], [ -6.39337853257067, 53.066512536485398 ], [ -6.393600639398765, 53.06702560549418 ], [ -6.392815043342988, 53.067007894476568 ], [ -6.39253503779393, 53.06723398803576 ], [ -6.392688089888124, 53.067499449946439 ], [ -6.393862382556162, 53.067764528546633 ], [ -6.394000686745073, 53.068204432790886 ], [ -6.393691507704758, 53.068444903042206 ], [ -6.393612262880239, 53.068908538586662 ], [ -6.393235115070257, 53.069006757457636 ], [ -6.393936778823163, 53.069121844518072 ], [ -6.393554195781842, 53.070121825732329 ], [ -6.393298643826741, 53.070130760747176 ], [ -6.392722289570615, 53.070823184378469 ], [ -6.392416210515122, 53.070675235786595 ], [ -6.392146892458119, 53.070897760685831 ], [ -6.392384613373696, 53.072166906738246 ], [ -6.393790798009126, 53.073107363793994 ], [ -6.395737336246607, 53.073739007766129 ], [ -6.398553341849079, 53.073800907636794 ], [ -6.410210232256014, 53.069466251294919 ], [ -6.419963817450203, 53.071792564094274 ], [ -6.420194551744838, 53.069929514844262 ], [ -6.421744336062196, 53.070044029363132 ], [ -6.421213798036723, 53.069425166210273 ], [ -6.422154006688186, 53.069086097185512 ], [ -6.422256321328652, 53.068546736365434 ], [ -6.421200803175957, 53.068029883822199 ], [ -6.430335387498468, 53.065563646302117 ], [ -6.431850971716678, 53.066546952586044 ], [ -6.432718771093349, 53.066898944978938 ], [ -6.43293038867981, 53.066788615043272 ], [ -6.434001467555492, 53.06824221845811 ], [ -6.434950895112818, 53.069204691766032 ], [ -6.435088921136439, 53.069143679312724 ], [ -6.435609474481272, 53.069588434052747 ], [ -6.435607311135259, 53.069903795196623 ], [ -6.434995547107205, 53.069989461292764 ], [ -6.43510224549166, 53.070326621793122 ], [ -6.434155011776323, 53.070338247443395 ], [ -6.430575744217482, 53.072968946091201 ], [ -6.430358828469125, 53.07324034386599 ], [ -6.430501172889423, 53.07338531504648 ], [ -6.429945186687816, 53.07345729201927 ], [ -6.43009747199861, 53.073716671807482 ], [ -6.429622647293649, 53.073970148844595 ], [ -6.429451515273874, 53.073842377689616 ], [ -6.42925505155016, 53.073956272227129 ], [ -6.429166253765781, 53.074771666831964 ], [ -6.431150306243601, 53.075275059154464 ], [ -6.431374750782159, 53.075188800822922 ], [ -6.432002971650244, 53.075326503685005 ], [ -6.432909475236411, 53.075146529113418 ], [ -6.434581975513032, 53.075335296200628 ], [ -6.435223826564958, 53.075205292949917 ], [ -6.43570542965718, 53.075385566738056 ], [ -6.437785827337392, 53.075117087675913 ], [ -6.439613646329325, 53.075366408621782 ], [ -6.440042799263714, 53.075279376017342 ], [ -6.44010296549853, 53.075487371244236 ], [ -6.440471164419326, 53.075502345677641 ], [ -6.441645155012599, 53.075421481510489 ], [ -6.44409594884138, 53.074479102537033 ], [ -6.444650932961596, 53.074928778790365 ], [ -6.443802895324965, 53.075497100037225 ], [ -6.442630879690285, 53.076953322630906 ], [ -6.442239604882941, 53.078827779723355 ], [ -6.445693516825974, 53.079861898479237 ], [ -6.447416763655913, 53.079555426682504 ], [ -6.448774347375905, 53.080912507567881 ], [ -6.450796678989351, 53.080837845281593 ], [ -6.45063578650841, 53.07990871743209 ], [ -6.451729255475875, 53.080048376312973 ], [ -6.452341014118318, 53.079781546488988 ], [ -6.45349669021114, 53.079784456580406 ], [ -6.454823193527739, 53.080330225450268 ], [ -6.456256131289861, 53.080700732399009 ], [ -6.45699029117975, 53.080568555558166 ], [ -6.456588432465377, 53.080012715361626 ], [ -6.454991450588239, 53.078827069131528 ], [ -6.454750767111173, 53.078238108134038 ], [ -6.455974214779429, 53.0754558613028 ], [ -6.456649497040735, 53.074786594429476 ], [ -6.457729182420191, 53.074600570233223 ], [ -6.461250902589732, 53.079317668096543 ], [ -6.461818109395912, 53.079854741270388 ], [ -6.462189281432092, 53.07994708429311 ], [ -6.462867331032503, 53.079976194924207 ], [ -6.465980275797096, 53.079548513476347 ], [ -6.465876370301712, 53.079394095372351 ], [ -6.46632898964049, 53.078680090179226 ], [ -6.469566945375264, 53.0797558353363 ], [ -6.470526922828817, 53.079329612996048 ], [ -6.471181367084876, 53.079966632607288 ], [ -6.471492176434611, 53.079978220691984 ], [ -6.472035672610478, 53.080312363298674 ], [ -6.47234449512746, 53.080197603222025 ], [ -6.473034109405419, 53.080440499158662 ], [ -6.476289812556028, 53.08185735014348 ], [ -6.477767925922411, 53.081679624667004 ], [ -6.478140743576762, 53.08046652709875 ], [ -6.479748420581312, 53.080430830144238 ], [ -6.483325105921325, 53.080855551178324 ], [ -6.49088964573125, 53.072883346534994 ], [ -6.494697391713792, 53.073482621718817 ], [ -6.491374671232356, 53.075023297158332 ], [ -6.491759891746423, 53.076632181106419 ], [ -6.493331995850357, 53.076314985452498 ], [ -6.493695527231739, 53.076747372499248 ], [ -6.492785738121881, 53.077455203863394 ], [ -6.493310896069084, 53.078656826680941 ], [ -6.492868868677689, 53.079548349374974 ], [ -6.492889561067872, 53.080852375914951 ], [ -6.492183129721965, 53.082007316287019 ], [ -6.492529495636944, 53.083270294183862 ], [ -6.49298597557186, 53.083991455197108 ], [ -6.494963208747298, 53.08521276226795 ], [ -6.493566230737667, 53.086599749752196 ], [ -6.492526008309842, 53.088130539807814 ], [ -6.490986637853449, 53.089072746783572 ], [ -6.490077429197321, 53.090796157822993 ], [ -6.492913428834791, 53.091227098771725 ], [ -6.490716973323973, 53.09446716026973 ], [ -6.486527244433387, 53.098685537215609 ], [ -6.48449368152197, 53.101057164790653 ], [ -6.482331467966726, 53.104205511221139 ], [ -6.479712578542472, 53.103606560301898 ], [ -6.478743852530264, 53.103151927859123 ], [ -6.477998634130336, 53.103650088450649 ], [ -6.477181745319268, 53.104624141266719 ], [ -6.474560808145816, 53.106402972272804 ], [ -6.472504744539416, 53.106984338422215 ], [ -6.468193848626846, 53.107768161593441 ], [ -6.467040144054971, 53.108701669093051 ], [ -6.465210477273094, 53.109440611359517 ], [ -6.460422672240353, 53.109836878041534 ], [ -6.457666585845958, 53.11074312259349 ], [ -6.456845957563901, 53.111202074082861 ], [ -6.458515569963424, 53.111592736858476 ], [ -6.458932737356336, 53.111973548461023 ], [ -6.459508625221148, 53.112112455489786 ], [ -6.460100766782978, 53.113008896554987 ], [ -6.460388477000871, 53.11314846583447 ], [ -6.460959103869218, 53.114266317536348 ], [ -6.461794227970681, 53.114987736283688 ], [ -6.462358369043399, 53.115162484021702 ], [ -6.462197978169715, 53.115569562895438 ], [ -6.462672733737676, 53.115757697113018 ], [ -6.464063155911965, 53.11685481211952 ], [ -6.465075855008818, 53.117101351986975 ], [ -6.465404239813971, 53.117703263590549 ], [ -6.466547426826545, 53.11764655822379 ], [ -6.467392182437727, 53.118259977748494 ], [ -6.466961494482797, 53.119293293292529 ], [ -6.46830946240711, 53.121127612552115 ], [ -6.468761791070971, 53.122173191602435 ], [ -6.468746942217989, 53.122479119419232 ], [ -6.468203191494887, 53.123008276551722 ], [ -6.468498378483334, 53.123389397625203 ], [ -6.468416588465122, 53.12358647136697 ], [ -6.468909657478814, 53.123951585572762 ], [ -6.470416375660428, 53.125973965839862 ], [ -6.472094607424804, 53.129016407973097 ], [ -6.473021806216641, 53.129652621101414 ], [ -6.473130418853485, 53.130553763536454 ], [ -6.472136882223941, 53.130834021372351 ], [ -6.470175964489214, 53.131983563100952 ], [ -6.468647227536581, 53.132385866416442 ], [ -6.468030194691487, 53.132887232406844 ], [ -6.467656239248192, 53.13254334183496 ], [ -6.464410273822167, 53.132858203822302 ], [ -6.463374097559346, 53.132791956914978 ], [ -6.462854535040678, 53.132928071459411 ], [ -6.461297298741171, 53.132644458175371 ], [ -6.458384449170874, 53.13163379757723 ], [ -6.456353408153737, 53.131175256914517 ], [ -6.455859171192711, 53.131111421129241 ], [ -6.454972153053282, 53.131343294248339 ], [ -6.454951061672301, 53.131603134433917 ], [ -6.45667866536859, 53.134174050714847 ], [ -6.457734292343297, 53.1363312619849 ], [ -6.458509499285176, 53.136805933409754 ], [ -6.458176775974196, 53.136961858617212 ], [ -6.457065665144484, 53.136974248905361 ], [ -6.456479704913423, 53.137346591951818 ], [ -6.456412421833423, 53.137588633523045 ], [ -6.455121064988414, 53.137970571659181 ], [ -6.45449808162723, 53.138609777355441 ], [ -6.45276349790987, 53.139220373895256 ], [ -6.452791830432672, 53.139324555299886 ], [ -6.45916256577255, 53.140476628832303 ], [ -6.459473589463244, 53.139774221087173 ], [ -6.462658243689613, 53.140295819098611 ], [ -6.466217415356609, 53.14109091995693 ], [ -6.466038626454095, 53.141728068741983 ], [ -6.467254776319381, 53.141792087097961 ], [ -6.467822055533207, 53.142197347228638 ], [ -6.469252592299825, 53.142598947643812 ], [ -6.468753945094408, 53.143391508857 ], [ -6.470291730904066, 53.143930978394181 ], [ -6.467630943091381, 53.146911212263404 ], [ -6.48367065155417, 53.15110131516581 ], [ -6.487686907729301, 53.153720128922608 ], [ -6.490191585701115, 53.154979847425352 ], [ -6.490323832980054, 53.155850303913851 ], [ -6.492041535874966, 53.159683896842573 ], [ -6.489742048124298, 53.158811674343184 ], [ -6.484741792484074, 53.15598157483057 ], [ -6.482188499748267, 53.154999483130084 ], [ -6.482376885111126, 53.154812181328829 ], [ -6.481687492705966, 53.154467400098689 ], [ -6.481173619144752, 53.154320929089138 ], [ -6.480988547377747, 53.154507462358076 ], [ -6.478473087066212, 53.153150393080857 ], [ -6.476957971817226, 53.152750377447767 ], [ -6.473775693437885, 53.151299433108022 ], [ -6.473270568543316, 53.150840325140763 ], [ -6.472501373401007, 53.150571629493896 ], [ -6.471964544342446, 53.150927286504192 ], [ -6.471814407450289, 53.151522978809453 ], [ -6.471500779138664, 53.151496240386905 ], [ -6.471491491911356, 53.150952465862815 ], [ -6.470048956046313, 53.150280297714723 ], [ -6.467422344051121, 53.1503602017712 ], [ -6.465056223532615, 53.150672890976779 ], [ -6.463967390233126, 53.152621901929741 ], [ -6.462532722100481, 53.152118773847036 ], [ -6.461355428897924, 53.151404146920996 ], [ -6.460583780522914, 53.151160239352031 ], [ -6.454379132058714, 53.151931884273033 ], [ -6.453910672613562, 53.152105295755781 ], [ -6.452905933032677, 53.152139882981317 ], [ -6.450996955901764, 53.151807356142868 ], [ -6.448580827094729, 53.150313970204188 ], [ -6.443361863013647, 53.150451550947992 ], [ -6.443357378238078, 53.151281321641676 ], [ -6.44213019026687, 53.151363778953431 ], [ -6.44135086564244, 53.154196250449061 ], [ -6.440320183086511, 53.15683554963671 ], [ -6.434809639315731, 53.155373187229173 ], [ -6.429034336463285, 53.154068570351541 ], [ -6.425232755737047, 53.153297432717274 ], [ -6.424505100789959, 53.153323409456121 ], [ -6.422895125061578, 53.152591635729323 ], [ -6.421616650933934, 53.152339241649763 ], [ -6.420557860180602, 53.151387079109867 ], [ -6.419959893084958, 53.151203364068067 ], [ -6.419292467492559, 53.151269143631147 ], [ -6.419026936940218, 53.150684963917499 ], [ -6.419330227127191, 53.150171163337383 ], [ -6.418460581175004, 53.150148487385472 ], [ -6.418510738063957, 53.149510273507524 ], [ -6.419180459604568, 53.148619359764631 ], [ -6.419170907810113, 53.148169570261516 ], [ -6.420097925529722, 53.148314406821086 ], [ -6.420107948431411, 53.147875180313768 ], [ -6.420744542716481, 53.147958371138309 ], [ -6.421257521433505, 53.146839925212504 ], [ -6.420726562659226, 53.146293520920892 ], [ -6.42231758414014, 53.145948533449186 ], [ -6.4238566773757, 53.145232398477447 ], [ -6.42483428538279, 53.14444860515416 ], [ -6.429637641339868, 53.145027633004133 ], [ -6.431390950629284, 53.144436501672089 ], [ -6.431722364065565, 53.144051427727831 ], [ -6.431030754193824, 53.143606372431947 ], [ -6.434444839698347, 53.139924122181426 ], [ -6.438679241770615, 53.138302866609557 ], [ -6.439611449855765, 53.137571684982426 ], [ -6.438773047281485, 53.13585123229123 ], [ -6.436468922417864, 53.133877165484698 ], [ -6.436054470927192, 53.132409838275329 ], [ -6.436937017662894, 53.129008694819404 ], [ -6.437860257834364, 53.128018549196284 ], [ -6.439741233330835, 53.127144101443513 ], [ -6.440385295773876, 53.125431851036431 ], [ -6.439595893178161, 53.125362804276868 ], [ -6.439368684901686, 53.124784033183715 ], [ -6.43916179628798, 53.124754311171586 ], [ -6.439183218971392, 53.124414236122917 ], [ -6.439428446341153, 53.124304586446215 ], [ -6.439248753031828, 53.124064178282886 ], [ -6.438214520096206, 53.123998527252077 ], [ -6.438161666140459, 53.123749741619278 ], [ -6.438489691895978, 53.123684826862906 ], [ -6.438990764846793, 53.123248217690282 ], [ -6.437391264921966, 53.123186254880835 ], [ -6.435959597755931, 53.122911837585903 ], [ -6.435945367380104, 53.122664681836014 ], [ -6.435578259518191, 53.122464202657824 ], [ -6.437552132289569, 53.122190856189469 ], [ -6.43794419882061, 53.122459328910921 ], [ -6.438701585121041, 53.121957854667457 ], [ -6.438237934309459, 53.121752468203603 ], [ -6.437162677646683, 53.121832813062156 ], [ -6.436445202899364, 53.121541332472368 ], [ -6.436588281626668, 53.121373694250259 ], [ -6.437211233774374, 53.121248875961314 ], [ -6.437130401436856, 53.120771188378555 ], [ -6.433892281867571, 53.120885312272982 ], [ -6.433314517497374, 53.120456018790023 ], [ -6.433565553967353, 53.120056138550098 ], [ -6.43427115619077, 53.119828294914491 ], [ -6.434324732204876, 53.119630980438906 ], [ -6.43376947190756, 53.11912218769622 ], [ -6.431622500419869, 53.118513478146816 ], [ -6.431534953992093, 53.118302890286721 ], [ -6.431973591243275, 53.117957670630759 ], [ -6.42962098493981, 53.117531318646471 ], [ -6.429716483372978, 53.117078260175568 ], [ -6.427080847659627, 53.11687117503228 ], [ -6.42667582173388, 53.11656846490888 ], [ -6.425554067840904, 53.116204206394919 ], [ -6.424519988193127, 53.11607997768315 ], [ -6.425579827071442, 53.115689773650807 ], [ -6.425182330144515, 53.114215372029065 ], [ -6.425724427099611, 53.111512799563904 ], [ -6.425204046550833, 53.11142531727257 ], [ -6.42326766384645, 53.112365683495383 ], [ -6.422330093577743, 53.11313373482443 ], [ -6.421587773575069, 53.115663724115251 ], [ -6.420950653450247, 53.116547040760835 ], [ -6.420751168141543, 53.117442093369966 ], [ -6.420169642942487, 53.117770823867744 ], [ -6.41962783156401, 53.11862135999678 ], [ -6.419091003945129, 53.118756524063208 ], [ -6.418916479911652, 53.11909667542875 ], [ -6.417644246187184, 53.119872243946034 ], [ -6.41726134701268, 53.121057356256394 ], [ -6.416513278650026, 53.121878144087354 ], [ -6.41662388626598, 53.122344054925406 ], [ -6.416311902277342, 53.122432042949484 ], [ -6.416270163623468, 53.122765490056516 ], [ -6.415966011448679, 53.122759447714756 ], [ -6.415681048149018, 53.123052707204273 ], [ -6.417356889143969, 53.124283708757709 ], [ -6.417098203385563, 53.124464473824467 ], [ -6.417109002257666, 53.124816712972212 ], [ -6.417615446115679, 53.125784583315856 ], [ -6.417385342523098, 53.126008728575499 ], [ -6.417516922985599, 53.126225224310012 ], [ -6.417050217428357, 53.127022494006525 ], [ -6.41663951382916, 53.127317849714622 ], [ -6.416799248561174, 53.1280018023106 ], [ -6.416268597783631, 53.128221157040237 ], [ -6.416508697059675, 53.128716518726108 ], [ -6.416938231329822, 53.129006519680772 ], [ -6.416802654207795, 53.129312014765318 ], [ -6.417241412885484, 53.130248227933677 ], [ -6.416848442305533, 53.1302067442004 ], [ -6.41659207361404, 53.130520169099547 ], [ -6.417820567291495, 53.131188408452935 ], [ -6.417691696241164, 53.131543608493281 ], [ -6.417103855213719, 53.131624795149364 ], [ -6.416273754340092, 53.132188452298529 ], [ -6.414943427476765, 53.133854661790537 ], [ -6.414863670876927, 53.134233657344268 ], [ -6.415418569529375, 53.134495176952704 ], [ -6.415728288641847, 53.13534085578366 ], [ -6.41499809279959, 53.135795530363197 ], [ -6.415378675726369, 53.136875460176277 ], [ -6.415291499887791, 53.137290282952918 ], [ -6.414724631230333, 53.137243304953856 ], [ -6.413914445570641, 53.137794034430762 ], [ -6.413952244393973, 53.137971785399593 ], [ -6.414699560627461, 53.138263114394555 ], [ -6.414799019200488, 53.13846725751219 ], [ -6.414608592330421, 53.13868486997147 ], [ -6.414647258103743, 53.139382267195082 ], [ -6.413986578605889, 53.14041504778848 ], [ -6.412207070445951, 53.140529809676792 ], [ -6.411551200909221, 53.139930033589465 ], [ -6.410629818829967, 53.13975801676348 ], [ -6.40963902503452, 53.138818928634407 ], [ -6.408751896566176, 53.138632119594206 ], [ -6.407459230762773, 53.137870791278395 ], [ -6.405994332594876, 53.137838648646991 ], [ -6.404808526036277, 53.138242093583258 ], [ -6.40334473989215, 53.138364252017624 ], [ -6.400179923715084, 53.13765267463728 ], [ -6.400084179146432, 53.137841596789592 ], [ -6.4002981959845, 53.137913780816874 ], [ -6.399804700462592, 53.137866612023473 ], [ -6.399379660555812, 53.137492237442451 ], [ -6.39775098489871, 53.137071962646914 ], [ -6.395890952234935, 53.136267851856893 ], [ -6.394838211315221, 53.136112691325366 ], [ -6.393213362686168, 53.135542355796616 ], [ -6.390304766125854, 53.13516318332104 ], [ -6.380160668948055, 53.132343759163653 ], [ -6.380675102416117, 53.132817122268037 ], [ -6.380467222489692, 53.133122915137051 ], [ -6.380771849709695, 53.133576022081229 ], [ -6.380391556654853, 53.133857151813807 ], [ -6.381013703151409, 53.134392271725737 ], [ -6.380403390664044, 53.135264198854429 ], [ -6.380937989587916, 53.135339008114855 ], [ -6.381250134690225, 53.135659872821954 ], [ -6.380775383951566, 53.135986629080847 ], [ -6.381035063122623, 53.136360961865392 ], [ -6.380819190189771, 53.136562535696456 ], [ -6.381826156469308, 53.137064890628352 ], [ -6.381520264848545, 53.137441276948991 ], [ -6.382043653717374, 53.138602634369271 ], [ -6.381953479335899, 53.139289809443916 ], [ -6.38244604345143, 53.139912682564002 ], [ -6.382341208064457, 53.140535428614889 ], [ -6.381952490783525, 53.140587922850159 ], [ -6.382360766696329, 53.141482767223472 ], [ -6.381755142794568, 53.142469310573624 ], [ -6.381941045230985, 53.142983411726611 ], [ -6.381652620483061, 53.143417740144194 ], [ -6.380871837882291, 53.143559008053813 ], [ -6.381243593014145, 53.144073570207169 ], [ -6.380903873968123, 53.144848186157404 ], [ -6.381310597852764, 53.145065263445638 ], [ -6.380890815582599, 53.145122994679333 ], [ -6.380870094051027, 53.145378167543718 ], [ -6.381273762544504, 53.145619372725079 ], [ -6.381556325985995, 53.145467852307767 ], [ -6.381765893087586, 53.145575872101425 ], [ -6.381616303097225, 53.146051105139129 ], [ -6.382435269634238, 53.146977343952173 ], [ -6.382850292250841, 53.148430499964228 ], [ -6.383945135736966, 53.148650637925513 ], [ -6.383850305440355, 53.149065829295587 ], [ -6.384279712487194, 53.149231710304946 ], [ -6.384763891470705, 53.149732092521447 ], [ -6.386311168591879, 53.149814218866943 ], [ -6.387626613917575, 53.149308340376983 ], [ -6.389197591769147, 53.150030774337331 ], [ -6.390693230670869, 53.150349191263196 ], [ -6.391226905545153, 53.15073332379847 ], [ -6.391858813266991, 53.150872809130661 ], [ -6.392547645829363, 53.151265232881443 ], [ -6.393139366499502, 53.152116871067314 ], [ -6.393871766908872, 53.152226979904484 ], [ -6.394810233399922, 53.152602938175505 ], [ -6.394845184403099, 53.153157846936118 ], [ -6.396506437797303, 53.153468535157856 ], [ -6.397460013150324, 53.154115822752743 ], [ -6.397945191776842, 53.154632243089132 ], [ -6.397929545252712, 53.155179755587753 ], [ -6.398456458256748, 53.155860122626507 ], [ -6.399740715216934, 53.156633709214979 ], [ -6.399781203965883, 53.157437501434295 ], [ -6.400149967493023, 53.157664509735206 ], [ -6.400479170269773, 53.158353562863205 ], [ -6.399523792662544, 53.159035279896663 ], [ -6.399853727693428, 53.159478301669381 ], [ -6.400772161901162, 53.159961458832534 ], [ -6.400504211029649, 53.16098131834238 ], [ -6.398712397402985, 53.161123052022695 ], [ -6.39929916250036, 53.162502475474369 ], [ -6.399677775814022, 53.163086070769815 ], [ -6.40191842032405, 53.163253580458097 ], [ -6.401486223242374, 53.163350037513943 ], [ -6.400820978911979, 53.163804204326468 ], [ -6.400519353324799, 53.163675002042069 ], [ -6.400620632824099, 53.164019039563485 ], [ -6.400437120737784, 53.164091750195922 ], [ -6.398061613667158, 53.164502406587928 ], [ -6.395560964303914, 53.163934439381606 ], [ -6.394890846644386, 53.165459290745744 ], [ -6.394387242811741, 53.165405123467558 ], [ -6.392743845796399, 53.165632089889407 ], [ -6.390313062706383, 53.16536297706196 ], [ -6.38743408646824, 53.166135725418464 ], [ -6.385759580379187, 53.166128580203633 ], [ -6.382408514062449, 53.165815791788894 ], [ -6.380748824693468, 53.165257314779794 ], [ -6.37859486301561, 53.164826603312854 ], [ -6.377408591808399, 53.165644435358281 ], [ -6.376532038435233, 53.165718425368297 ], [ -6.375500522216702, 53.166075392336872 ], [ -6.375265998858304, 53.166013697678125 ], [ -6.374286508089694, 53.167489794387272 ], [ -6.373488611545864, 53.167745427133021 ], [ -6.373307069625196, 53.167966619253662 ], [ -6.371872885955923, 53.168091425536083 ], [ -6.37156970150514, 53.168290458866814 ], [ -6.368576830825502, 53.166259146051928 ], [ -6.365805483367844, 53.164801386441184 ], [ -6.36050175692415, 53.161373573969001 ], [ -6.359988158488369, 53.161487618327335 ], [ -6.359672174631866, 53.161816577069004 ], [ -6.357957271527914, 53.162616975562713 ], [ -6.357474516207108, 53.163145855274621 ], [ -6.355713398312946, 53.164378431128824 ], [ -6.355473531786842, 53.164666715440944 ], [ -6.35571195116425, 53.164921732296165 ], [ -6.35566329213676, 53.165263018011274 ], [ -6.355383615465359, 53.165431757136737 ], [ -6.355492567786221, 53.166256854059924 ], [ -6.355013613029646, 53.166456114785575 ], [ -6.355332380787245, 53.166719145080776 ], [ -6.354221185664041, 53.167870925655357 ], [ -6.35458097561096, 53.168125266885056 ], [ -6.354286524693259, 53.168562601578728 ], [ -6.35359746488046, 53.168780435017133 ], [ -6.353330975038111, 53.169580928157963 ], [ -6.352857790678594, 53.169646263543513 ], [ -6.346703581508719, 53.174751941049955 ], [ -6.351211789053427, 53.177865027990741 ], [ -6.353095760162225, 53.177112533485193 ], [ -6.354232873837221, 53.176929881544034 ], [ -6.354112481199303, 53.178671077656141 ], [ -6.355166877185731, 53.179261349909304 ], [ -6.357002401479988, 53.177768631532956 ], [ -6.357363078936865, 53.178678881907679 ], [ -6.357189020876674, 53.178899110433676 ], [ -6.357670080133815, 53.179075088134496 ], [ -6.358204265958163, 53.179625610726781 ], [ -6.358867915459736, 53.179751113815058 ], [ -6.363084284965671, 53.17949123068481 ], [ -6.363328179584234, 53.178125096315547 ], [ -6.368433221661523, 53.180036086696873 ], [ -6.369582862186963, 53.180710754378744 ], [ -6.370554235575808, 53.18088097755637 ], [ -6.36657536888425, 53.183038298795609 ], [ -6.368646504067388, 53.184181219932775 ], [ -6.373347093525184, 53.186392258153127 ], [ -6.376768211026815, 53.187171636186292 ], [ -6.37669310918742, 53.187439287467136 ], [ -6.37715143760495, 53.188084996809444 ], [ -6.379428742871745, 53.187468277005372 ], [ -6.379708957011684, 53.18710760935511 ], [ -6.379556293648568, 53.187013970046813 ], [ -6.380165929572522, 53.186772084994772 ], [ -6.380725756194314, 53.187081906197662 ], [ -6.381608420539504, 53.186951205696218 ], [ -6.382018124675691, 53.187259061868545 ], [ -6.382482954798745, 53.186742559665717 ], [ -6.382628986511535, 53.186893269944107 ], [ -6.383221787049769, 53.186827902208606 ], [ -6.382956618842105, 53.186384691068454 ], [ -6.386698422621924, 53.185351797139546 ], [ -6.387170527897717, 53.185396561004069 ], [ -6.387458858564996, 53.185124141358635 ], [ -6.388550319835063, 53.184841745501188 ], [ -6.388524492439381, 53.185147461277708 ], [ -6.389668419356803, 53.185017718996235 ], [ -6.389908489199068, 53.1857370786839 ], [ -6.390892121763852, 53.185557439571042 ], [ -6.391855388544711, 53.184910510270669 ], [ -6.392276887479681, 53.184224884309415 ], [ -6.39265904503266, 53.184022738792308 ], [ -6.392286720835204, 53.183670393166686 ], [ -6.393677325651543, 53.183246945939224 ], [ -6.393723871386414, 53.182410235969556 ], [ -6.39451748251643, 53.182245351812654 ], [ -6.394659703840664, 53.181553355229099 ], [ -6.395392428926321, 53.181480285742197 ], [ -6.395923036550873, 53.17907958339277 ], [ -6.396544139602775, 53.179078239319971 ], [ -6.396723524973235, 53.179766577224747 ], [ -6.396108814771331, 53.180233487641246 ], [ -6.39735388640896, 53.181594678943476 ], [ -6.396810065779461, 53.182138119259001 ], [ -6.397174674838374, 53.182507810866696 ], [ -6.397422015585624, 53.182353682535293 ], [ -6.399928330217545, 53.183945583657149 ], [ -6.402452703728043, 53.186954896654356 ], [ -6.403653161052326, 53.188750527196021 ], [ -6.409114789910626, 53.190947771629737 ], [ -6.410379107625846, 53.191291519781906 ], [ -6.410245906852736, 53.194493186486206 ], [ -6.409193540860881, 53.197354431633535 ], [ -6.404383137218613, 53.196676514257959 ], [ -6.404198253007185, 53.197165939495072 ], [ -6.404534283374329, 53.197393302017872 ], [ -6.404891070630393, 53.197335890942867 ], [ -6.40500254225841, 53.197446359186728 ], [ -6.403658237914706, 53.200656430857606 ], [ -6.405445676039286, 53.20085743995476 ], [ -6.405879087191353, 53.201235915798108 ], [ -6.405803941095315, 53.201421908225171 ], [ -6.404613313205559, 53.201505350713113 ], [ -6.404300445660668, 53.201668573412618 ], [ -6.401926913604743, 53.202073663378641 ], [ -6.400170668679843, 53.202213990799656 ], [ -6.400411768226732, 53.202784613001732 ], [ -6.400194719741275, 53.203002222382381 ], [ -6.400079677272162, 53.202747895283089 ], [ -6.399100176478618, 53.203104338155356 ], [ -6.398407597979304, 53.20315487256169 ], [ -6.398189891593494, 53.203008881533108 ], [ -6.397638320419962, 53.203078834116504 ], [ -6.397110836775304, 53.202727924230594 ], [ -6.396392895325812, 53.202672432140751 ], [ -6.395049338233674, 53.203538395006937 ], [ -6.394479927481993, 53.203216659307209 ], [ -6.393457358989177, 53.203922123255474 ], [ -6.391581030120275, 53.204205018791917 ], [ -6.390746250133958, 53.204870139407888 ], [ -6.39033344326655, 53.204790779065455 ], [ -6.389414597169448, 53.205194601874418 ], [ -6.384066749424004, 53.205925439043973 ], [ -6.383767365906752, 53.206212710818711 ], [ -6.382589072600115, 53.206555716013021 ], [ -6.382323752875537, 53.206927917265041 ], [ -6.380828078850724, 53.207676544881025 ], [ -6.380417213643517, 53.208069045475284 ], [ -6.381988233133836, 53.207844218427411 ], [ -6.384830030872914, 53.207951668371898 ], [ -6.390072099903843, 53.206910776674121 ], [ -6.390005665063614, 53.206716466776086 ], [ -6.390315691463324, 53.20665794205896 ], [ -6.391779301296195, 53.207050751264561 ], [ -6.392697967365261, 53.206631807729366 ], [ -6.393663102487204, 53.206503746544975 ], [ -6.399485170119364, 53.206037385204475 ], [ -6.400239504223418, 53.206034223041947 ], [ -6.401337874656711, 53.206474284524298 ], [ -6.403293594212346, 53.205857457448587 ], [ -6.403363000517114, 53.207495590222258 ], [ -6.403054223452354, 53.20810709319187 ], [ -6.402415503683535, 53.208272143942814 ], [ -6.401267466969046, 53.208926961670059 ], [ -6.401214077136546, 53.20922295211804 ], [ -6.400554597323426, 53.209893216254741 ], [ -6.39858029911454, 53.211205521904489 ], [ -6.397914877471733, 53.21184729830312 ], [ -6.397346986478336, 53.211943060274692 ], [ -6.394765842478441, 53.21306799697237 ], [ -6.392640725250094, 53.213476269012567 ], [ -6.38231704458626, 53.214322559013411 ], [ -6.375853513313254, 53.216058619766912 ], [ -6.368360290752153, 53.213803886792356 ], [ -6.370112724815417, 53.210281253586416 ], [ -6.371839757816711, 53.201073088982824 ], [ -6.374636216883921, 53.192449265906568 ], [ -6.366870570592786, 53.188920171485655 ], [ -6.360567115728548, 53.186271576429931 ], [ -6.354234566032861, 53.184761972522267 ], [ -6.349009269487293, 53.182233151740334 ], [ -6.347288376489048, 53.180957495145122 ], [ -6.332066493004831, 53.178197387383491 ], [ -6.312152459707088, 53.194496283059685 ] ], [ [ -6.390324482588448, 53.207256442514293 ], [ -6.390003725038366, 53.207213421685651 ], [ -6.390017749410235, 53.207279801645903 ], [ -6.390324482588448, 53.207256442514293 ] ], [ [ -6.39440538925911, 53.202261769690644 ], [ -6.394414573628107, 53.201802395503087 ], [ -6.393440662062056, 53.201684785166094 ], [ -6.393357469536727, 53.202044006829297 ], [ -6.393801573474234, 53.202152965094264 ], [ -6.393787806312704, 53.20240879047288 ], [ -6.39440538925911, 53.202261769690644 ] ], [ [ -6.398069862239428, 53.202304240059185 ], [ -6.397888386284963, 53.202193576297667 ], [ -6.397891828216395, 53.202308820814366 ], [ -6.398069862239428, 53.202304240059185 ] ], [ [ -6.403509123986009, 53.198449451600638 ], [ -6.403859889547862, 53.198217446576379 ], [ -6.403306368171185, 53.197881099298399 ], [ -6.402932094525611, 53.198087242379671 ], [ -6.403509123986009, 53.198449451600638 ] ], [ [ -6.395730880353162, 53.195379038134703 ], [ -6.395591490557139, 53.195057349120923 ], [ -6.395319866881105, 53.195216429950946 ], [ -6.395730880353162, 53.195379038134703 ] ], [ [ -6.301278029785425, 53.187282684832063 ], [ -6.302390538582612, 53.186347181355345 ], [ -6.30177627241987, 53.186180141481273 ], [ -6.299621824368842, 53.18602430612605 ], [ -6.2975044292259, 53.186104103843938 ], [ -6.297690089957378, 53.18642131143379 ], [ -6.300040846306046, 53.187036075869571 ], [ -6.300191977741857, 53.187212533442363 ], [ -6.300365457914297, 53.187104318312002 ], [ -6.301278029785425, 53.187282684832063 ] ], [ [ -6.332047122385891, 53.177709512434333 ], [ -6.330972686710955, 53.177790671029058 ], [ -6.33101532281042, 53.17824082496842 ], [ -6.332145384140088, 53.178149524167459 ], [ -6.332047122385891, 53.177709512434333 ] ], [ [ -6.328276573730928, 53.152529224714925 ], [ -6.326718848151293, 53.152374867806095 ], [ -6.326539696164832, 53.152528953131345 ], [ -6.325715620658794, 53.152572934097378 ], [ -6.32455777560736, 53.152882815033976 ], [ -6.323637620298004, 53.152916504316018 ], [ -6.322514421760181, 53.152753196893464 ], [ -6.322274636939909, 53.152529937761408 ], [ -6.321413660028496, 53.152291307143294 ], [ -6.318462525128928, 53.152668495161606 ], [ -6.317656330638284, 53.152521006285774 ], [ -6.31679663780101, 53.15274212114123 ], [ -6.315442518430237, 53.152752201361743 ], [ -6.313012758469612, 53.153062278452694 ], [ -6.312506651073075, 53.153328450432056 ], [ -6.311950148851877, 53.153342664569713 ], [ -6.311711629647539, 53.153636436490331 ], [ -6.310637501788086, 53.153946101492942 ], [ -6.310559277421431, 53.155354502776767 ], [ -6.310810286969043, 53.156545257830089 ], [ -6.310641872490153, 53.157217216466854 ], [ -6.311198938728198, 53.158047027160563 ], [ -6.311568132040677, 53.157910640196981 ], [ -6.315239954542515, 53.157722929565843 ], [ -6.323454325623747, 53.156090913996252 ], [ -6.324104531399259, 53.156209005045724 ], [ -6.325984924956829, 53.155801410781073 ], [ -6.326629522673835, 53.155298677883998 ], [ -6.327354196658593, 53.155232009764809 ], [ -6.328085789610015, 53.154710177558393 ], [ -6.328276573730928, 53.152529224714925 ] ], [ [ -6.271574987087742, 53.122331306850768 ], [ -6.273951931387883, 53.119239576250529 ], [ -6.270927576829099, 53.118240014882446 ], [ -6.270889379358633, 53.117613776435583 ], [ -6.268742857272984, 53.117158140998399 ], [ -6.265651321990683, 53.11558721369056 ], [ -6.265523694549677, 53.115374206796034 ], [ -6.265134171701355, 53.11528356219101 ], [ -6.264515659497942, 53.115489314662405 ], [ -6.265106545462163, 53.114725265854062 ], [ -6.26099639566107, 53.11289016750893 ], [ -6.259248259549154, 53.111569648235481 ], [ -6.258904495781446, 53.111673649630674 ], [ -6.257836527740423, 53.110595920485352 ], [ -6.256911861093822, 53.110712129815781 ], [ -6.256421067943894, 53.111300982443481 ], [ -6.253916237111058, 53.112899007391341 ], [ -6.250652742335085, 53.114524779073875 ], [ -6.249898586958985, 53.114372205114833 ], [ -6.250143441569844, 53.114187065822925 ], [ -6.249090842565703, 53.114175351887624 ], [ -6.248880824075046, 53.113996879501983 ], [ -6.247913968331864, 53.114449061147305 ], [ -6.248093504158601, 53.11686556069634 ], [ -6.245969271047049, 53.118127002910875 ], [ -6.244184705990961, 53.121745569503304 ], [ -6.271574987087742, 53.122331306850768 ] ], [ [ -6.269309480273758, 53.114406410639404 ], [ -6.270435682855219, 53.115016334370374 ], [ -6.270847342448067, 53.114974076600774 ], [ -6.270931788822664, 53.115274986268076 ], [ -6.272103696401199, 53.115050791857776 ], [ -6.273013410475031, 53.115240311799219 ], [ -6.274480611860695, 53.115871058846608 ], [ -6.27381464309796, 53.115365323590026 ], [ -6.273106813871548, 53.115189165681635 ], [ -6.27243504482673, 53.11456201176906 ], [ -6.273032766775903, 53.114082381257319 ], [ -6.272777068528308, 53.113615920155432 ], [ -6.272204819849056, 53.114008776467081 ], [ -6.271573486599351, 53.114017065441566 ], [ -6.270068575198485, 53.113080989226511 ], [ -6.269350360779968, 53.112834422082969 ], [ -6.268674816241169, 53.112919585946983 ], [ -6.269489222901691, 53.11412234201832 ], [ -6.269309480273758, 53.114406410639404 ] ], [ [ -6.35588651822426, 53.086303763335906 ], [ -6.354364784318247, 53.08371004525052 ], [ -6.356013195247486, 53.083307901134461 ], [ -6.355512497171406, 53.081502294565134 ], [ -6.354232051281662, 53.080233460560777 ], [ -6.352527020130726, 53.080722184962134 ], [ -6.352206837895006, 53.079928321354117 ], [ -6.350312913748562, 53.078634715955538 ], [ -6.346786989803024, 53.077085197329183 ], [ -6.346405321726449, 53.077352997109777 ], [ -6.346401881974384, 53.077576723851521 ], [ -6.347062946158831, 53.077993091812473 ], [ -6.346137647421594, 53.079071574712913 ], [ -6.346045396783845, 53.080148285693511 ], [ -6.345435110075249, 53.080563170923803 ], [ -6.345096767715011, 53.080465247118816 ], [ -6.344740177262728, 53.080835738337235 ], [ -6.343609978132704, 53.080470445054551 ], [ -6.343879998861909, 53.081938434642339 ], [ -6.344231019868707, 53.082149786333197 ], [ -6.344849996088679, 53.082090354471319 ], [ -6.345026358477187, 53.082531716859627 ], [ -6.344744152143615, 53.082792144630368 ], [ -6.344945975395812, 53.083022361386419 ], [ -6.342954572856764, 53.083895563788403 ], [ -6.342485678891023, 53.083848585286731 ], [ -6.342153901142122, 53.083286944805977 ], [ -6.341654433951595, 53.083148301429503 ], [ -6.340762081301667, 53.083176400501429 ], [ -6.339908760948937, 53.083498691226232 ], [ -6.339441189890138, 53.083411179766621 ], [ -6.339592298785907, 53.082987951463807 ], [ -6.342000789164461, 53.081578250290583 ], [ -6.342383364168666, 53.080541900095177 ], [ -6.342321084639652, 53.079747698684386 ], [ -6.341927887248503, 53.078989820936158 ], [ -6.342521800185528, 53.077995514402375 ], [ -6.342434041258728, 53.076336313421045 ], [ -6.34308705854176, 53.075402510210132 ], [ -6.341616695343327, 53.074982652573162 ], [ -6.333538561669124, 53.071855215178822 ], [ -6.327185471401386, 53.076005079445601 ], [ -6.311815675545684, 53.078441323472383 ], [ -6.305224937324492, 53.078711187798824 ], [ -6.307210188544181, 53.079437562301365 ], [ -6.3103747505159, 53.08001920615191 ], [ -6.312189462441267, 53.080542003813441 ], [ -6.312240225832681, 53.080833229393221 ], [ -6.311675638919803, 53.081543294715281 ], [ -6.311317606052442, 53.081851729662354 ], [ -6.310695465517699, 53.081919896619276 ], [ -6.31123026862974, 53.082530382539893 ], [ -6.311880136235666, 53.08287561818593 ], [ -6.311910203498651, 53.083579369824051 ], [ -6.30552665567303, 53.087242347853007 ], [ -6.306071760456399, 53.087619820466657 ], [ -6.307239814994274, 53.087814008959668 ], [ -6.307491460941522, 53.088031081279652 ], [ -6.308243829044725, 53.087840799651907 ], [ -6.309435959777355, 53.08903001063814 ], [ -6.309761522765915, 53.088860925670261 ], [ -6.310112132110646, 53.089076395859813 ], [ -6.310198811809646, 53.089179393524304 ], [ -6.309332798750143, 53.089656753510667 ], [ -6.309323223949074, 53.089824062442645 ], [ -6.310112031622895, 53.090079931638037 ], [ -6.310321423351374, 53.090369365489337 ], [ -6.310540293946713, 53.090262554020661 ], [ -6.311999629684222, 53.091697993482953 ], [ -6.313417887641805, 53.092339174690835 ], [ -6.313986844942016, 53.092299374165805 ], [ -6.315422193382651, 53.094143635636165 ], [ -6.31536009751293, 53.094393829263204 ], [ -6.316234799060383, 53.095360020701193 ], [ -6.316214250572507, 53.095581617272082 ], [ -6.317733464593971, 53.095281445149602 ], [ -6.318395666239466, 53.095856857079632 ], [ -6.319146439729357, 53.095670285732666 ], [ -6.319533615425465, 53.095863143637182 ], [ -6.319621742163668, 53.095547152119444 ], [ -6.320159563328144, 53.095292167729987 ], [ -6.320901985951956, 53.09590051675859 ], [ -6.320755878740219, 53.096106239496223 ], [ -6.320933759023208, 53.096264113596689 ], [ -6.320669193271049, 53.096447518457325 ], [ -6.327714074557662, 53.097038874877185 ], [ -6.327757677312422, 53.096791336674421 ], [ -6.327162137175825, 53.096306205375591 ], [ -6.327244345333576, 53.096149821774517 ], [ -6.327603610872879, 53.095932193350251 ], [ -6.328289075789041, 53.096206630982337 ], [ -6.328288899262253, 53.09610103312631 ], [ -6.327850048455057, 53.095826879149527 ], [ -6.328072317887544, 53.095593877645918 ], [ -6.327151326538582, 53.095038000768483 ], [ -6.32767971770261, 53.094657147709725 ], [ -6.327403555773206, 53.094304400699734 ], [ -6.326566788268474, 53.093927735509091 ], [ -6.326680452983614, 53.093757934535631 ], [ -6.326288896354087, 53.093105570439349 ], [ -6.32719582659653, 53.092845921242763 ], [ -6.327769301936343, 53.093055986203787 ], [ -6.327827816432204, 53.092739518811136 ], [ -6.328791565966652, 53.092510479386519 ], [ -6.329412393425547, 53.092880834939287 ], [ -6.33052480695696, 53.092716625300611 ], [ -6.330810690376919, 53.090935796490186 ], [ -6.33232078607557, 53.090463840382796 ], [ -6.332413542387527, 53.08995974203286 ], [ -6.331506951425524, 53.089786977637338 ], [ -6.332953887052695, 53.08877895127204 ], [ -6.333545742488289, 53.088680738213 ], [ -6.333828843608843, 53.088892900304096 ], [ -6.334280513634231, 53.089337622719611 ], [ -6.333438474407848, 53.089521392601817 ], [ -6.333543010861031, 53.089774602979048 ], [ -6.334517361714316, 53.089918027381415 ], [ -6.335056523025441, 53.090513681474512 ], [ -6.334758071435235, 53.090594238627261 ], [ -6.334478753538377, 53.090335131661362 ], [ -6.334091406864384, 53.090494897794422 ], [ -6.334100701187064, 53.090757146780788 ], [ -6.3338195507888, 53.09077393761762 ], [ -6.334052193272345, 53.091240230754103 ], [ -6.334420257666494, 53.091232745443328 ], [ -6.334579857112986, 53.091393857650729 ], [ -6.334824421401497, 53.091167339758066 ], [ -6.335488320619517, 53.09103458501378 ], [ -6.335015812160086, 53.090822167952822 ], [ -6.335314150947547, 53.090376330230875 ], [ -6.334848503722085, 53.089804671335898 ], [ -6.335279636132885, 53.08901856747201 ], [ -6.336540861373329, 53.089114260341049 ], [ -6.337496503158826, 53.089668526799613 ], [ -6.337017601444797, 53.090185802893139 ], [ -6.337206094322996, 53.090621154945559 ], [ -6.336147250758591, 53.091571911797026 ], [ -6.336108797300692, 53.091818581171218 ], [ -6.336359445257283, 53.092197062278203 ], [ -6.336892651249349, 53.092496700331495 ], [ -6.337165013941107, 53.092042046022776 ], [ -6.337345002050695, 53.09190472001174 ], [ -6.337531315761254, 53.091993296791102 ], [ -6.337715503628889, 53.092477133843289 ], [ -6.337431639281602, 53.092894803345338 ], [ -6.337851647833143, 53.093206140198468 ], [ -6.337131633182265, 53.093512920808749 ], [ -6.337079592644746, 53.09370158738686 ], [ -6.335766582792085, 53.093848887421522 ], [ -6.335521846811538, 53.093725245106036 ], [ -6.335302172146208, 53.09394416688091 ], [ -6.334853315212228, 53.093880990570227 ], [ -6.334559406791193, 53.094160316692616 ], [ -6.334408905196375, 53.094584483495581 ], [ -6.334892507220649, 53.094987377452746 ], [ -6.334321966947817, 53.095349956139685 ], [ -6.334081615069913, 53.095996621133246 ], [ -6.335107422398688, 53.096746252005104 ], [ -6.334570736404264, 53.096847663334032 ], [ -6.334412816807753, 53.097037228850851 ], [ -6.3336339108716, 53.097088128595558 ], [ -6.33355882512085, 53.097453325964018 ], [ -6.335025967989806, 53.102610608569123 ], [ -6.337777089265141, 53.103586361483053 ], [ -6.338296170848609, 53.103546106907707 ], [ -6.33816889868415, 53.104378115829896 ], [ -6.338528828169222, 53.104821700529904 ], [ -6.338888336373291, 53.104874123405928 ], [ -6.339623536838261, 53.105475483052523 ], [ -6.339739705488886, 53.105367257139903 ], [ -6.340937421233501, 53.105847405511184 ], [ -6.34219727318013, 53.106804258780265 ], [ -6.344655810419917, 53.108079068705599 ], [ -6.345721489982553, 53.108837952525725 ], [ -6.346629908204673, 53.109984742605306 ], [ -6.348775228285144, 53.111464814628881 ], [ -6.349716337171914, 53.110935116371621 ], [ -6.356265177463349, 53.105510632814202 ], [ -6.357357842555097, 53.104929820109255 ], [ -6.358147214874105, 53.104708229583814 ], [ -6.358796962980831, 53.10319767080118 ], [ -6.363118058540058, 53.099459966987418 ], [ -6.365365390252445, 53.097814975290966 ], [ -6.367817978668241, 53.095549740615645 ], [ -6.3628244612147, 53.091499406612101 ], [ -6.358935519276095, 53.088686876696457 ], [ -6.357742434966826, 53.087417522370167 ], [ -6.357475932480249, 53.087386483450295 ], [ -6.35588651822426, 53.086303763335906 ] ], [ [ -6.262818453832612, 53.100507531908434 ], [ -6.262481921666049, 53.100500785223254 ], [ -6.262627401009134, 53.100592542017473 ], [ -6.262818453832612, 53.100507531908434 ] ], [ [ -6.263051535634046, 53.100331029404458 ], [ -6.262869369459167, 53.100206505023998 ], [ -6.26297750546931, 53.100351089694485 ], [ -6.263051535634046, 53.100331029404458 ] ], [ [ -6.263473307958682, 53.098200143777333 ], [ -6.263537777074846, 53.098556849231201 ], [ -6.263957950432135, 53.09860938696756 ], [ -6.26407793648239, 53.098259760784927 ], [ -6.263473307958682, 53.098200143777333 ] ], [ [ -6.264843351498947, 53.095686805849965 ], [ -6.26475096113875, 53.094681770978752 ], [ -6.264130461355633, 53.094740359218157 ], [ -6.263829246326333, 53.095593276582655 ], [ -6.262949440913288, 53.095990175863975 ], [ -6.263065521959207, 53.096419688370489 ], [ -6.264247670224893, 53.096250818788171 ], [ -6.264843351498947, 53.095686805849965 ] ], [ [ -6.282193386889251, 53.075494349582712 ], [ -6.280584486943814, 53.0756158193754 ], [ -6.280259602771051, 53.075488889651623 ], [ -6.280312552103268, 53.07525715587078 ], [ -6.279889971867632, 53.075301736570246 ], [ -6.27933460522933, 53.075853624171522 ], [ -6.277970916491447, 53.07656712803432 ], [ -6.277206291700365, 53.077622881273811 ], [ -6.27447606660755, 53.078424888212119 ], [ -6.275133284392409, 53.078823142021257 ], [ -6.274709527901368, 53.07916367399995 ], [ -6.274812466276019, 53.079598833013584 ], [ -6.27591129969145, 53.079230405274551 ], [ -6.276681839105253, 53.07873027779025 ], [ -6.278250607929486, 53.079192210963384 ], [ -6.278915337047954, 53.078839449734296 ], [ -6.280486030321392, 53.077782295952765 ], [ -6.280460841330206, 53.077453304897347 ], [ -6.280863317137239, 53.07711971510372 ], [ -6.280952550578219, 53.07673186801064 ], [ -6.281486058481488, 53.076853845547028 ], [ -6.281729390696247, 53.076651470417438 ], [ -6.282193386889251, 53.075494349582712 ] ], [ [ -6.357604468501814, 53.073513315509246 ], [ -6.357473081509709, 53.072864486790451 ], [ -6.356605819864853, 53.072575371260889 ], [ -6.356315207963128, 53.072302738399159 ], [ -6.355627191949289, 53.072214697946166 ], [ -6.354763032587792, 53.071551538143147 ], [ -6.354115597701667, 53.071756554117769 ], [ -6.35348781762161, 53.0716872833775 ], [ -6.352658136757025, 53.072978168515263 ], [ -6.359041721233623, 53.078871716047715 ], [ -6.359694867889175, 53.08272993013108 ], [ -6.360203698300702, 53.0828987518315 ], [ -6.361448161293642, 53.082850730121059 ], [ -6.363535605116809, 53.083712227726807 ], [ -6.364285167172838, 53.08387072501781 ], [ -6.365810407379154, 53.083289140064863 ], [ -6.366698780967992, 53.083096080021839 ], [ -6.367285309246462, 53.083182957385283 ], [ -6.368628865398509, 53.083879340014477 ], [ -6.369469873191155, 53.084545218333894 ], [ -6.369746841360263, 53.08542049523686 ], [ -6.368515827764553, 53.088729773535562 ], [ -6.36867599644215, 53.089159984705418 ], [ -6.369548736883259, 53.089761661261704 ], [ -6.369580098080402, 53.090013818053819 ], [ -6.371487061257593, 53.090614248906 ], [ -6.375200209815302, 53.090526424724359 ], [ -6.377690938280273, 53.091162273989397 ], [ -6.379090056357425, 53.09167009758918 ], [ -6.38170120444279, 53.093798024337573 ], [ -6.382709890174712, 53.093924684238289 ], [ -6.385278233792192, 53.093340096794293 ], [ -6.387933194946944, 53.093288788979223 ], [ -6.387176570842666, 53.091190025702431 ], [ -6.385517708976591, 53.091048136645966 ], [ -6.384755859810953, 53.090686193364149 ], [ -6.38317646122191, 53.090385068743721 ], [ -6.382705948444562, 53.089846169638598 ], [ -6.381479400799403, 53.089220632924018 ], [ -6.381032099517659, 53.088444658517723 ], [ -6.380462452863962, 53.088405571823337 ], [ -6.379508404490262, 53.087927682282192 ], [ -6.378943739896079, 53.086926484412992 ], [ -6.378296782429647, 53.086709412353841 ], [ -6.378047160033138, 53.086353604961872 ], [ -6.377487343856604, 53.086307664684377 ], [ -6.377272519741357, 53.08602410273884 ], [ -6.376493749620471, 53.085628686975951 ], [ -6.375898366081886, 53.084240531333847 ], [ -6.376134937061086, 53.0837486533568 ], [ -6.375918020126766, 53.083404709829196 ], [ -6.376300884576377, 53.082834347583137 ], [ -6.375854332853168, 53.082227115424921 ], [ -6.376043922062039, 53.081954848979954 ], [ -6.376510688986783, 53.081856973757169 ], [ -6.376025803392681, 53.081331869461174 ], [ -6.376540570887946, 53.080977907492063 ], [ -6.375838732647199, 53.080775237558264 ], [ -6.375857456312256, 53.079823199943164 ], [ -6.375279918405147, 53.07948967582081 ], [ -6.375700985085439, 53.078540912118292 ], [ -6.375307138866442, 53.077869289675327 ], [ -6.374619252418007, 53.077823490927777 ], [ -6.373795894823384, 53.077526752733327 ], [ -6.37298284063059, 53.077649328999094 ], [ -6.371283402673095, 53.077479101281099 ], [ -6.368772102409593, 53.077493299620961 ], [ -6.367849350298298, 53.07828831182033 ], [ -6.366329896749109, 53.078105033034916 ], [ -6.365664622714911, 53.077754822973127 ], [ -6.365542370077849, 53.077287651394322 ], [ -6.365196226060137, 53.076999694489686 ], [ -6.364638636744384, 53.077104729568561 ], [ -6.364068279105731, 53.076939969186483 ], [ -6.363298771051585, 53.07605750873018 ], [ -6.362412069477338, 53.075966068201247 ], [ -6.361982735200342, 53.075554671864346 ], [ -6.360895030485349, 53.075547144297147 ], [ -6.36013817777951, 53.075174974075239 ], [ -6.359294386682978, 53.074403855202455 ], [ -6.359488558378113, 53.073791577744664 ], [ -6.358944903045392, 53.073895165635719 ], [ -6.358008199269364, 53.073746282950026 ], [ -6.357604468501814, 53.073513315509246 ] ], [ [ -6.339596169000792, 53.066808264941614 ], [ -6.339883313718718, 53.066476294955045 ], [ -6.339244316374894, 53.066331202109097 ], [ -6.338937967696364, 53.066564434550742 ], [ -6.339596169000792, 53.066808264941614 ] ], [ [ -6.387019231674055, 53.030571291874132 ], [ -6.38636915728088, 53.030573582753647 ], [ -6.386236445853981, 53.03072888195409 ], [ -6.387165481158782, 53.032129016937233 ], [ -6.388919898171699, 53.033108168389944 ], [ -6.390728408927129, 53.03363255175902 ], [ -6.393008258060654, 53.033783877677699 ], [ -6.394464706965818, 53.034063456466008 ], [ -6.39448530717654, 53.033686357639986 ], [ -6.394815696700525, 53.033470871839327 ], [ -6.395170229853248, 53.033468420824136 ], [ -6.396384499780819, 53.033897105730802 ], [ -6.39753990108802, 53.033393906461484 ], [ -6.397892775537493, 53.033066617583863 ], [ -6.398443008645792, 53.033143278633993 ], [ -6.398550963802229, 53.03248370056118 ], [ -6.396753925512566, 53.030257704918775 ], [ -6.396154683646486, 53.030433018382546 ], [ -6.395747766253147, 53.030387315906864 ], [ -6.394895479624386, 53.029717602142377 ], [ -6.394247238849907, 53.029727097544587 ], [ -6.393519376852413, 53.029130191264208 ], [ -6.392969399895562, 53.02905737909159 ], [ -6.39294832932506, 53.028842146148683 ], [ -6.392393559647766, 53.028570012000039 ], [ -6.391280620686008, 53.02857191405311 ], [ -6.390463709305897, 53.028915892800711 ], [ -6.388971322184132, 53.029255840752732 ], [ -6.388025119099684, 53.029941111165499 ], [ -6.387189669017569, 53.030281850190917 ], [ -6.387019231674055, 53.030571291874132 ] ], [ [ -6.403104690705073, 53.027871061394748 ], [ -6.40606526710506, 53.030625616929669 ], [ -6.406800977317706, 53.030904937413695 ], [ -6.407903485091079, 53.03105823976987 ], [ -6.409737093238995, 53.030807090645851 ], [ -6.411135085070141, 53.030235771305961 ], [ -6.411693272041972, 53.029720401570273 ], [ -6.411951151152735, 53.028938649224521 ], [ -6.411791243274159, 53.028334275588222 ], [ -6.411200868091228, 53.027548545732678 ], [ -6.40996684836583, 53.026747350488989 ], [ -6.407681920497771, 53.026218777259352 ], [ -6.405261093231791, 53.025985034593276 ], [ -6.40399290613311, 53.026297579923316 ], [ -6.403353912573441, 53.026716093988696 ], [ -6.403176528103882, 53.027088734205854 ], [ -6.403104690705073, 53.027871061394748 ] ], [ [ -6.312329116497562, 53.007988400781962 ], [ -6.31240044384821, 53.007810442941206 ], [ -6.311883476576089, 53.007759311874175 ], [ -6.311978121107611, 53.007925756671014 ], [ -6.312329116497562, 53.007988400781962 ] ], [ [ -6.282393724376807, 53.066251263096916 ], [ -6.28196979574965, 53.066222077207883 ], [ -6.281725679018404, 53.065996509280119 ], [ -6.28092098104051, 53.066079064936204 ], [ -6.280650681269295, 53.06594417862496 ], [ -6.279950087821796, 53.066253069973328 ], [ -6.279496254688089, 53.066226175370659 ], [ -6.280077223859552, 53.06664595167522 ], [ -6.279875801047779, 53.066758667160606 ], [ -6.280065883856705, 53.066755276323022 ], [ -6.280420346551859, 53.067274541104666 ], [ -6.281819436859361, 53.067938654093908 ], [ -6.282393724376807, 53.066251263096916 ] ], [ [ -6.26920260680695, 53.054314241690278 ], [ -6.267220274616182, 53.055085097094285 ], [ -6.267972687374617, 53.055808448331227 ], [ -6.26968145624829, 53.055072005504172 ], [ -6.26920260680695, 53.054314241690278 ] ] ], [ [ [ -6.359957243809309, 52.960301844221995 ], [ -6.358762189860697, 52.9605941285011 ], [ -6.356819562750069, 52.960728825593058 ], [ -6.355303467891187, 52.961305293318887 ], [ -6.353724540065915, 52.960570479140323 ], [ -6.355753435184966, 52.958002330954024 ], [ -6.357430042509246, 52.958005903212786 ], [ -6.357473501540079, 52.958256178196194 ], [ -6.358362076549219, 52.95837384697289 ], [ -6.358546333445838, 52.957981364505457 ], [ -6.359257217805846, 52.958186476200446 ], [ -6.360714232186691, 52.95818183845612 ], [ -6.364414687508561, 52.959210462616994 ], [ -6.366122102936392, 52.960077512779499 ], [ -6.37289113145089, 52.964260180179451 ], [ -6.37749323106331, 52.96639620451581 ], [ -6.375175068545608, 52.968419423837879 ], [ -6.37125255609488, 52.965945630812961 ], [ -6.368723080802251, 52.965057264269895 ], [ -6.36739806587508, 52.964415968485518 ], [ -6.366511860529494, 52.963582412333842 ], [ -6.362092440128426, 52.960982051529051 ], [ -6.359957243809309, 52.960301844221995 ] ] ], [ [ [ -6.276032485788602, 53.004862175043208 ], [ -6.274840386962715, 53.003780700396625 ], [ -6.274548930595099, 53.003224032466363 ], [ -6.27630655611429, 53.002977810440683 ], [ -6.276667663235838, 53.003835992000198 ], [ -6.277993031010039, 53.00437933746931 ], [ -6.278050221875053, 53.005460447117507 ], [ -6.279614487611674, 53.005373414561952 ], [ -6.280246877657365, 53.004750164790501 ], [ -6.281153798371815, 53.004779432537291 ], [ -6.28161656766924, 53.004375345063096 ], [ -6.282302088309102, 53.004315176608806 ], [ -6.283186965526414, 53.003914070914909 ], [ -6.284280193536193, 53.003090339592575 ], [ -6.283884832442047, 53.002738178353027 ], [ -6.285204279343199, 53.001730103729919 ], [ -6.285582923451659, 53.001051993893071 ], [ -6.285313821662802, 53.000934254861995 ], [ -6.28738609827811, 52.999978620167383 ], [ -6.288436408407904, 52.999301923915624 ], [ -6.288864620404368, 52.998194747579674 ], [ -6.288201773132604, 52.997700676737679 ], [ -6.288157339035048, 52.997318211919065 ], [ -6.289543011989903, 52.996426492601437 ], [ -6.290842720914419, 52.996000378159948 ], [ -6.291211553178282, 52.99636929447729 ], [ -6.292536879719608, 52.996860810960165 ], [ -6.293941390671361, 52.996635804635524 ], [ -6.294027420720619, 52.996827959678591 ], [ -6.294531868987042, 52.996736283998558 ], [ -6.295165327283807, 52.997244899685612 ], [ -6.295697931784312, 52.99868266842202 ], [ -6.296578198891011, 52.999706900562394 ], [ -6.295928268219702, 53.001027072966572 ], [ -6.296798578612054, 53.002891067295856 ], [ -6.297567431844989, 53.003797319985708 ], [ -6.297608331039597, 53.00426542644621 ], [ -6.297022653415688, 53.004998313415115 ], [ -6.297710821470893, 53.005032231021239 ], [ -6.297849270952395, 53.004869827338865 ], [ -6.298324697469122, 53.005085333386702 ], [ -6.298191356259109, 53.005215412454604 ], [ -6.298370935689503, 53.005353161411641 ], [ -6.298225295434174, 53.006092837673137 ], [ -6.297557600221078, 53.007151655793287 ], [ -6.296927339558402, 53.007159303061457 ], [ -6.296834948539096, 53.007660016163761 ], [ -6.296248295680649, 53.008057802682522 ], [ -6.296992454276699, 53.008195436178958 ], [ -6.29723674158719, 53.008387091982179 ], [ -6.297510155762245, 53.008910652389247 ], [ -6.297719035262471, 53.008957426343713 ], [ -6.297568541201811, 53.009348025392001 ], [ -6.298529568457833, 53.009270998049672 ], [ -6.298889207301763, 53.009424571745505 ], [ -6.300061804058789, 53.010786565821789 ], [ -6.299292810322694, 53.01083541601988 ], [ -6.298912972786318, 53.01128669642474 ], [ -6.301178467222241, 53.012719930733169 ], [ -6.30021750940054, 53.013343204369214 ], [ -6.2994468610354, 53.01362067320823 ], [ -6.297810698649066, 53.012683611665075 ], [ -6.29662640692186, 53.010954219734586 ], [ -6.296315092682375, 53.009936167671952 ], [ -6.296915668510615, 53.008466679843465 ], [ -6.295543700277394, 53.007972523616232 ], [ -6.294807092627574, 53.007324503344542 ], [ -6.294457710372596, 53.006645899877498 ], [ -6.293295815997401, 53.005720107532497 ], [ -6.291978420930546, 53.005237721487937 ], [ -6.291267404417698, 53.004709368971227 ], [ -6.288405237302754, 53.005181246541248 ], [ -6.285685666678804, 53.004980925473859 ], [ -6.285225776988, 53.00528271745177 ], [ -6.284592896479649, 53.00619577709449 ], [ -6.283188432152605, 53.006856126839985 ], [ -6.281868137323022, 53.007180273234916 ], [ -6.281289719426335, 53.007540371816759 ], [ -6.280305826572785, 53.00779460576473 ], [ -6.280055009740318, 53.00778486001532 ], [ -6.279647846255853, 53.007345573339023 ], [ -6.278695578793984, 53.007005281004467 ], [ -6.278353140640379, 53.006663305706098 ], [ -6.276902220242821, 53.005986984234831 ], [ -6.276032485788602, 53.004862175043208 ] ] ] ] } }
]
}
